flight_id,airline,origin_airport,destination_airport,departure_time,arrival_time,duration,distance,price,status
1,"Turner, Bryan and Ward",ESX,JLM,2026-02-22 18:30:20.170993,2026-01-28 15:30:46.559513,435,2049,24892,Cancelled
2,Ramsey PLC,XJO,YLF,2026-03-09 11:52:18.270666,2026-01-10 12:52:12.867797,512,6437,35185,Cancelled
3,Jarvis-Cortez,IAL,WJU,2026-03-29 05:57:33.129972,2026-01-13 02:16:16.838328,292,3321,49711,On Time
4,"Richardson, Swanson and Harvey",ANH,PXE,2026-04-06 09:30:13.144704,2026-02-13 22:52:33.927665,142,1045,21177,Delayed
5,Jones and Sons,JVG,DYM,2026-03-30 05:49:46.045205,2026-04-03 03:26:16.368222,152,8586,36975,Cancelled
6,Little LLC,ZUD,JBR,2026-01-29 23:09:34.409862,2026-01-29 13:17:11.004804,411,9380,5719,Delayed
7,Berry-Fox,OKT,VZN,2026-01-09 04:43:19.061941,2026-02-14 08:26:37.274785,520,9905,24242,On Time
8,"Ortiz, Jenkins and Woods",POL,NGJ,2026-01-22 07:00:34.321026,2026-03-08 14:14:00.140364,361,796,40433,Cancelled
9,"Blake, Blackwell and Ford",OIN,COF,2026-01-26 12:04:42.818011,2026-03-20 16:24:05.925630,368,7463,24826,Cancelled
10,Cross-Velez,TRV,ZUD,2026-03-29 07:33:45.205539,2026-02-28 20:36:24.843118,510,2129,27741,Delayed
11,Cooper Ltd,UZS,ZUD,2026-04-03 20:36:32.572757,2026-02-02 08:55:50.794028,213,7238,7871,Cancelled
12,Beasley-Lucas,CEK,JDM,2026-03-11 23:10:21.785341,2026-03-10 13:58:48.338156,128,2834,6794,On Time
13,Wilson-Morris,ZSP,HIA,2026-03-19 14:05:22.119338,2026-02-27 09:48:14.338174,146,8513,37355,Cancelled
14,Harris PLC,HPX,NLB,2026-02-01 19:42:51.110656,2026-03-24 07:05:21.205722,582,7608,25651,Cancelled
15,"Hoffman, Hall and Bennett",XJO,KLN,2026-01-22 05:22:16.674043,2026-03-14 08:54:33.839804,271,7718,43696,Cancelled
16,"Brown, Martinez and Sanford",PRW,XRZ,2026-02-26 14:49:40.475430,2026-03-26 07:16:16.579129,205,9520,10925,On Time
17,Webb PLC,HZK,AOQ,2026-01-07 17:21:22.067446,2026-02-05 13:52:59.516606,559,4384,17523,On Time
18,Meyers and Sons,UVN,RML,2026-03-23 01:05:20.388589,2026-02-21 21:17:53.541794,160,8921,15722,Cancelled
19,Chapman-Mitchell,YDU,LZQ,2026-02-09 08:10:19.219084,2026-04-08 04:08:46.528174,582,8340,32200,On Time
20,Rodriguez Inc,SLG,CBZ,2026-01-19 18:46:17.956396,2026-02-11 02:23:06.066952,448,8638,28862,On Time
21,Miller Inc,FVJ,XJB,2026-02-08 16:45:16.793341,2026-02-14 22:51:31.619828,39,2897,5750,On Time
22,Parker-Johnson,OIN,UZS,2026-01-12 01:23:11.345582,2026-03-31 07:39:41.427533,317,6028,44026,Cancelled
23,Ryan LLC,PTQ,SXE,2026-03-03 09:40:11.701567,2026-02-26 03:20:43.920796,98,7720,15609,Delayed
24,"Williams, Knox and Ramirez",XJB,JVO,2026-01-25 23:38:53.384666,2026-02-19 23:20:30.586616,344,4422,9315,Delayed
25,"Martinez, Turner and Miller",TGY,IUM,2026-01-29 00:59:31.983281,2026-03-26 09:44:51.131546,65,7750,33693,Cancelled
26,Zamora-Mendoza,UAI,NSL,2026-02-20 14:06:41.467992,2026-01-20 13:16:31.323316,309,9237,20622,On Time
27,Brock-Smith,UZS,CBT,2026-03-27 10:24:10.295317,2026-02-24 02:40:26.684842,471,2147,14520,On Time
28,White-Cantrell,DFB,VZN,2026-02-04 18:36:56.262243,2026-04-06 22:02:35.826267,531,5744,41600,On Time
29,Campbell PLC,UVN,PTQ,2026-03-22 02:19:08.136531,2026-04-05 07:51:38.233842,442,3311,10941,Delayed
30,Cooper PLC,WUT,QUE,2026-01-03 16:21:47.807629,2026-03-12 11:04:20.966386,272,4457,27623,Delayed
31,Harvey PLC,KBO,XJO,2026-03-17 03:59:08.980292,2026-01-22 04:01:12.086672,549,2264,21018,Cancelled
32,"Johnson, Burns and Baker",IAL,YNZ,2026-02-28 15:02:31.839067,2026-03-07 04:28:30.472654,489,605,23156,Delayed
33,Hernandez-Lam,LXX,FVJ,2026-03-29 20:12:14.475804,2026-01-08 10:58:38.359576,323,825,31468,Cancelled
34,"Davila, Guerrero and Wolf",DAL,COF,2026-01-20 17:28:43.404062,2026-03-22 04:46:40.040808,543,2324,7493,Cancelled
35,"Adams, Baker and Kelly",DVE,SXE,2026-03-09 19:25:02.686396,2026-02-02 04:00:47.975658,236,9093,26250,On Time
36,"Vasquez, Boyd and Kennedy",ZUD,DDQ,2026-03-25 12:22:49.377393,2026-02-26 13:51:08.488673,295,2959,26470,On Time
37,"Welch, Harris and Lynn",RFS,ZEI,2026-02-02 23:29:47.350449,2026-01-29 18:45:45.946860,472,3179,47315,On Time
38,Marks-Klein,PIV,XRZ,2026-02-01 07:26:26.688689,2026-01-23 15:29:42.194778,351,5093,32232,Cancelled
39,Taylor-Walker,PRW,ARU,2026-03-06 18:59:56.956934,2026-03-11 07:17:12.184027,136,5599,16831,Cancelled
40,White Ltd,LFV,QFJ,2026-03-22 16:42:24.900400,2026-03-03 12:49:42.874936,103,5177,32676,Cancelled
41,Delacruz-Smith,RZR,VLU,2026-03-05 09:24:38.138528,2026-02-01 20:31:12.043189,165,4969,16832,Delayed
42,"Patel, Hale and Edwards",XOR,MWN,2026-01-13 08:28:30.230894,2026-03-09 14:40:54.961975,560,8418,46803,Delayed
43,"Smith, Wade and Mccoy",OYA,JBR,2026-03-15 21:19:52.830287,2026-03-14 01:54:09.383540,237,7535,2492,On Time
44,Baker Inc,FFE,FCG,2026-01-31 09:30:10.626206,2026-02-09 12:20:27.037008,153,3004,46371,On Time
45,"Thomas, Sanchez and Kelly",HVC,YTN,2026-01-18 06:49:14.471842,2026-01-06 12:56:18.632660,407,6747,6096,On Time
46,Wright Group,LZQ,DCP,2026-03-12 04:58:26.234406,2026-01-11 07:18:17.235494,92,271,44134,On Time
47,Hale Inc,QUE,CEK,2026-01-01 22:42:06.222667,2026-01-12 21:26:59.852256,51,5783,48681,On Time
48,Lucero Inc,OKT,XQD,2026-03-05 13:18:37.528161,2026-01-11 08:08:00.230665,86,2646,19829,On Time
49,"Tyler, Rubio and Garcia",NGJ,QAA,2026-01-19 16:43:50.862007,2026-03-11 09:02:44.036490,476,6635,39150,On Time
50,Rodriguez Group,HFX,MWN,2026-01-12 23:54:28.247116,2026-03-25 02:31:17.190723,85,5521,6737,Cancelled
51,Garcia Inc,UAI,OWC,2026-03-17 16:44:44.786469,2026-03-31 23:50:14.014384,545,5821,27935,Cancelled
52,Smith PLC,UVN,AOQ,2026-03-11 05:29:20.651092,2026-02-21 15:35:56.359137,282,6662,34985,Delayed
53,Brown-Mclaughlin,NSL,HVG,2026-01-28 20:53:50.165246,2026-03-25 03:43:53.272425,242,914,48688,Cancelled
54,"White, Salas and Henry",FVJ,CPL,2026-01-06 14:29:59.391500,2026-02-28 02:20:37.037874,403,7979,6993,Delayed
55,"Cole, Hayes and Hartman",OTP,FIA,2026-01-18 12:19:44.743186,2026-01-01 05:08:17.788638,293,8217,6234,Cancelled
56,"Woods, Arellano and Rodriguez",JVG,NPR,2026-01-13 07:37:38.122258,2026-03-15 05:50:41.737722,128,4863,8246,Cancelled
57,"Ward, Bates and Garcia",ZNM,SXE,2026-02-15 12:45:42.547586,2026-03-22 21:18:31.757848,115,6768,13196,Cancelled
58,Johnson-Robinson,XJO,SAN,2026-03-15 23:50:37.797028,2026-01-27 02:56:27.099864,327,8007,36520,Delayed
59,Mendoza-Smith,HZN,JLM,2026-01-17 21:29:47.730369,2026-03-10 11:58:08.719241,294,6261,12424,Cancelled
60,"Barr, Vasquez and Gomez",JEA,LZQ,2026-03-16 16:57:58.551871,2026-03-02 13:46:43.720573,561,6212,22002,Delayed
61,Garcia-Crosby,QUE,UNV,2026-01-16 16:33:24.705495,2026-01-10 00:12:53.121760,443,2163,4937,Delayed
62,"Moore, Wright and Clark",HGF,JVO,2026-01-17 16:42:53.792085,2026-01-07 19:10:51.284163,440,6976,34760,On Time
63,Hill and Sons,NGJ,VZN,2026-02-02 16:27:18.915981,2026-01-09 20:14:04.088302,451,9055,30829,Delayed
64,"Roberts, King and Rose",TGY,ZYQ,2026-03-25 17:10:50.365410,2026-01-11 01:25:04.148008,207,5829,38600,Delayed
65,Combs Group,ANH,NLB,2026-01-01 14:08:45.085579,2026-01-29 01:00:05.044597,47,5482,22729,Cancelled
66,Collier Group,PIC,VXK,2026-03-22 22:34:21.811803,2026-01-11 09:04:27.469497,373,6592,30852,Delayed
67,Meyer PLC,JVO,LFV,2026-01-05 00:52:54.140973,2026-01-31 19:49:51.456740,593,1094,34249,Cancelled
68,"Davis, Martinez and Brennan",EMT,GQN,2026-02-17 15:39:48.821976,2026-03-31 10:17:28.818766,216,2219,39822,Cancelled
69,George-Bowman,MZH,DPO,2026-01-23 06:22:28.439185,2026-03-13 21:33:33.028413,377,6162,4580,Delayed
70,Willis-Shaw,PIV,XOR,2026-02-02 10:56:31.174738,2026-01-25 08:39:40.547737,152,3038,32410,On Time
71,"Case, Benson and Sullivan",IUM,GXQ,2026-03-21 21:42:57.951793,2026-04-04 06:23:14.179380,345,6081,20210,Cancelled
72,"Wright, Kim and Pittman",GHQ,ZUD,2026-03-09 04:16:32.964845,2026-02-08 01:36:33.137633,44,9034,48533,Delayed
73,Huang PLC,XRZ,GYR,2026-03-03 14:13:29.389755,2026-01-16 11:21:23.392003,137,9358,10039,Delayed
74,Mayo LLC,QZZ,BIL,2026-03-08 09:54:04.112432,2026-02-22 01:43:22.158512,233,6600,10627,On Time
75,Watts PLC,JEO,NSL,2026-03-05 19:11:07.416311,2026-03-17 10:30:53.369408,182,5055,24099,Delayed
76,Collins-Bishop,ARU,IUM,2026-01-15 22:35:45.998200,2026-03-17 07:44:44.349849,35,3193,15145,Delayed
77,"Wright, Miller and Hayes",VXK,FPG,2026-01-03 17:28:17.541423,2026-02-06 11:57:36.711259,230,5729,34424,Cancelled
78,Frey Group,WAX,KLN,2026-02-15 10:41:15.173063,2026-03-22 05:22:38.217561,520,9682,11175,Cancelled
79,Waters Ltd,RWO,ZUD,2026-01-12 20:46:09.871931,2026-03-31 15:53:59.720824,90,7399,31974,Delayed
80,Clark and Sons,JVO,XNP,2026-01-06 11:20:56.456197,2026-01-24 22:05:24.570485,526,553,23011,On Time
81,"Anderson, Swanson and Walsh",CYC,FIA,2026-03-07 19:52:00.563091,2026-01-04 11:20:39.367881,395,6632,23530,Delayed
82,"Diaz, Page and Price",GQN,QZD,2026-03-28 03:18:14.398388,2026-03-06 17:21:02.357583,196,3531,45890,On Time
83,Vargas-Miller,MAF,DNK,2026-02-25 19:30:38.781441,2026-02-09 07:57:13.470701,573,9793,24135,On Time
84,Mcfarland-Hansen,OWR,CXD,2026-03-10 08:07:58.428787,2026-01-24 21:04:54.990301,200,229,21351,On Time
85,"Lane, Howard and Perez",KFP,AAU,2026-01-22 23:30:46.800244,2026-02-16 13:21:16.978879,292,8140,7355,On Time
86,Tapia Group,ISQ,HVC,2026-04-07 09:40:02.865283,2026-02-10 20:53:41.052197,419,1165,16512,Delayed
87,Young-Johnson,CBT,UNV,2026-01-06 20:33:17.897109,2026-03-25 01:54:32.958762,537,1381,43424,Delayed
88,Torres Inc,HVG,LOW,2026-03-31 13:27:03.378411,2026-04-08 09:33:14.941642,211,1238,5454,On Time
89,Coleman-Mitchell,OLP,HIR,2026-03-18 19:28:25.908873,2026-02-09 07:38:16.070542,382,7430,6152,On Time
90,"Smith, Anderson and Garrett",COF,OIS,2026-03-08 09:47:48.681970,2026-02-07 05:32:32.785833,560,5015,25983,Cancelled
91,"Cordova, Cummings and Bradley",HIA,DBH,2026-02-13 07:17:28.717335,2026-02-22 04:40:07.070594,72,3773,36212,Delayed
92,Kim Ltd,YLF,HZN,2026-04-01 13:19:17.704787,2026-02-03 21:37:24.605062,378,3928,5925,Delayed
93,Swanson-Evans,DAL,UPB,2026-01-29 13:35:39.016083,2026-02-14 11:27:43.559234,191,1786,44700,Cancelled
94,Hutchinson-Smith,DPO,LFV,2026-01-02 05:23:51.334890,2026-02-22 12:18:46.495769,97,8203,22649,Delayed
95,"Jackson, Mcclain and Diaz",RZR,ZEI,2026-01-23 19:10:48.893255,2026-03-17 12:04:15.218990,110,2249,45674,On Time
96,"Sanders, Duke and Barrera",OIS,HZN,2026-02-24 03:41:13.613505,2026-01-30 07:50:42.190089,160,3193,9348,On Time
97,Miller-Wilson,VFJ,AOQ,2026-03-10 00:26:43.734389,2026-02-03 13:40:06.760360,318,6432,37769,On Time
98,Shah-Oliver,VHB,GQN,2026-03-21 07:33:34.097865,2026-03-08 01:03:43.158872,404,6659,28970,Delayed
99,Stanley Ltd,NRE,UDQ,2026-01-05 17:21:17.423891,2026-02-04 17:04:43.400949,250,5365,21011,Delayed
100,Morrison-Walker,XQD,OWR,2026-03-17 04:55:06.749691,2026-01-13 01:39:57.589434,145,9431,34564,Cancelled
101,Walker-Juarez,JHK,MAF,2026-01-08 05:14:55.795416,2026-02-18 13:33:02.386530,584,4847,36930,On Time
102,Hughes Inc,OLP,WUT,2026-01-25 02:47:32.888391,2026-03-14 05:43:56.523346,119,4014,15684,Cancelled
103,Hernandez-Smith,ZYQ,PIC,2026-01-28 17:55:10.399456,2026-03-28 22:49:54.564748,193,8135,25100,Cancelled
104,Cook LLC,UAI,AOQ,2026-01-21 06:28:28.798846,2026-01-08 19:15:01.570818,50,3079,42130,Cancelled
105,"Schneider, Nichols and Diaz",FOE,JLG,2026-04-01 21:36:49.232136,2026-02-19 17:36:04.214825,176,5701,13823,Cancelled
106,"Chapman, Smith and Hoover",SAN,JLM,2026-02-15 18:49:23.325130,2026-03-26 02:22:03.301458,86,4766,25791,On Time
107,"Jackson, Miller and Garrison",UAI,LIW,2026-01-19 11:09:38.414858,2026-04-07 22:56:37.758032,150,9123,4187,Cancelled
108,"Lawrence, Smith and Davis",JQG,OLP,2026-01-17 01:44:57.681999,2026-02-03 10:34:54.590036,384,7063,20423,On Time
109,Harris-Rich,OJV,VZN,2026-01-30 15:59:54.973779,2026-03-19 20:48:07.410129,333,661,33793,Delayed
110,Morgan-Williams,FIA,SXE,2026-01-11 00:20:18.632489,2026-02-03 16:39:25.797973,430,9776,10704,Cancelled
111,Wyatt Group,MWN,ARU,2026-03-16 03:27:37.244579,2026-03-27 12:20:52.947847,269,6937,11627,Cancelled
112,Cox and Sons,HVC,ZIB,2026-03-30 11:50:33.277522,2026-01-20 04:21:58.584396,600,8387,43707,On Time
113,"Nelson, Austin and Holt",TGY,XTO,2026-02-23 18:49:17.554729,2026-02-07 09:37:12.173818,173,8188,26613,Delayed
114,Thompson LLC,NSL,MOG,2026-01-13 09:29:13.160846,2026-01-02 06:47:37.007840,456,9550,37489,Cancelled
115,Rivera-Campbell,YNZ,CFB,2026-01-24 20:00:43.184880,2026-03-14 21:07:58.720013,95,4466,40427,Delayed
116,"Johnson, Thomas and Hudson",VBS,IDD,2026-02-20 06:46:22.683415,2026-01-07 00:49:40.313588,169,464,37663,Delayed
117,Atkins-Campbell,JVO,VAA,2026-03-18 20:44:26.836872,2026-01-17 00:40:45.510792,253,3985,7673,On Time
118,Anthony-Roberson,ZEI,QEH,2026-03-28 05:42:53.187845,2026-01-27 19:52:57.355421,243,9750,6650,Delayed
119,"Copeland, Michael and Carrillo",HWX,QST,2026-03-06 12:40:23.474071,2026-03-03 00:51:39.593299,242,2009,28135,Delayed
120,Rodriguez-Ward,WUT,LXX,2026-02-15 11:48:16.632954,2026-04-04 08:06:16.822737,528,1349,2599,Cancelled
121,Pierce LLC,HWX,PRW,2026-01-09 01:00:53.491293,2026-01-06 06:19:10.412039,539,6538,46608,On Time
122,Smith PLC,TGY,JQG,2026-02-19 14:57:26.223829,2026-02-10 03:45:10.405520,104,2547,28557,Cancelled
123,Bass-Romero,FFE,VPZ,2026-03-30 08:21:08.038177,2026-02-28 22:26:55.496766,534,9554,30610,Delayed
124,Mitchell-Lewis,QAA,XRZ,2026-02-05 19:22:15.054515,2026-03-30 12:27:53.731767,75,8124,48292,On Time
125,Larson Inc,YSA,KHA,2026-03-22 19:58:04.756630,2026-01-09 23:20:05.456194,494,2453,16719,On Time
126,"Lucas, Hill and Robertson",HOR,VXK,2026-03-26 07:53:39.142082,2026-01-11 12:04:18.515012,30,2777,49671,Delayed
127,"Cordova, Gross and Turner",AMB,OWC,2026-01-12 09:31:14.559253,2026-04-08 02:54:24.210304,568,3376,13978,Delayed
128,"Mosley, Cannon and Nielsen",DFB,SXE,2026-01-20 09:22:01.985002,2026-02-22 09:56:10.372213,184,3262,44406,Delayed
129,"Soto, Perez and Arellano",RZR,DYM,2026-03-07 23:06:04.996718,2026-03-17 08:16:27.486598,39,9561,8178,Cancelled
130,Gregory-Garcia,ZTI,SLN,2026-02-09 08:28:06.991723,2026-03-18 06:03:27.258823,231,609,34657,Cancelled
131,Trevino-Baker,WPA,XJO,2026-01-09 11:57:09.457448,2026-03-09 09:44:04.752076,31,9340,28161,On Time
132,Suarez LLC,RFL,FVJ,2026-03-31 18:51:00.768593,2026-02-25 01:43:37.026315,437,9788,40550,Delayed
133,"Franco, Adams and Walker",XYB,XNP,2026-03-17 15:44:24.915986,2026-03-09 00:04:33.447663,75,8206,32270,On Time
134,"Allen, Greer and Cruz",LIW,QFJ,2026-02-22 03:02:38.435282,2026-01-06 15:03:55.050648,594,9795,19536,On Time
135,"Brennan, Edwards and Jenkins",BJW,TGY,2026-02-18 09:04:49.325282,2026-01-07 17:55:18.739857,76,2111,30666,On Time
136,Owen-Martinez,UVN,PXE,2026-03-16 09:37:39.179926,2026-01-22 02:03:50.380044,153,8742,35703,On Time
137,Gibbs Inc,JQG,BJD,2026-03-22 07:17:05.239511,2026-02-03 02:10:11.166916,96,3686,17297,Cancelled
138,Mccoy-Bowman,XYB,NRE,2026-01-16 04:46:13.659829,2026-03-09 17:55:04.349015,46,8733,16828,On Time
139,Tate-Smith,ANH,FIA,2026-04-06 17:33:43.262724,2026-03-23 16:13:55.476702,65,7698,22783,Cancelled
140,Munoz and Sons,AXF,ZIB,2026-02-02 18:31:16.618720,2026-01-15 04:04:28.909039,223,8557,46547,Delayed
141,Galloway-Huang,ZQT,ZEI,2026-01-17 11:59:01.351357,2026-02-26 08:37:04.913158,204,2158,24016,Cancelled
142,"Wright, Robinson and Miller",VFJ,NGJ,2026-03-25 15:25:47.346138,2026-03-21 09:40:35.073793,45,4278,28474,Cancelled
143,Santana-Martinez,XTO,TOJ,2026-02-26 21:23:03.369171,2026-01-21 22:05:53.229592,92,9293,10170,Delayed
144,"Lee, Flores and Huang",NRE,CEK,2026-01-01 12:03:02.941032,2026-03-29 18:10:48.984045,176,4735,37026,Cancelled
145,Bishop-Nash,VPC,COF,2026-01-26 20:35:54.288088,2026-02-07 21:55:24.027347,505,9103,14304,Delayed
146,Hansen-Jones,DFB,VAA,2026-03-22 01:52:16.826391,2026-01-22 19:15:29.451229,424,6587,45309,On Time
147,Powell PLC,VPU,VAA,2026-04-06 22:45:33.620361,2026-02-13 12:32:55.576102,272,2306,30930,On Time
148,Gutierrez and Sons,ZTI,LZQ,2026-01-12 22:07:47.993170,2026-01-01 11:56:58.560675,197,5231,29959,Cancelled
149,Morgan and Sons,VPC,DFB,2026-02-28 08:51:35.964840,2026-01-12 21:01:12.817901,467,8804,4817,Delayed
150,Goodman-Lucero,OKN,FPG,2026-02-06 12:51:43.321143,2026-02-22 17:21:07.821280,52,4438,5743,Cancelled
151,Grant PLC,YNZ,QNT,2026-01-12 23:21:04.951732,2026-01-29 16:49:27.606177,144,6839,28006,Cancelled
152,"White, Martin and Lewis",YSI,AOQ,2026-02-23 14:04:37.405738,2026-01-26 06:37:26.036886,296,5187,49234,On Time
153,"Thomas, Velazquez and Robertson",NPR,RXN,2026-02-20 05:22:38.509153,2026-03-15 23:13:50.644451,476,6073,14471,On Time
154,"Hooper, Thompson and King",JLM,VXK,2026-02-28 11:22:58.617829,2026-02-12 16:48:34.957049,185,5974,48371,On Time
155,Cross-Johnson,QUE,MVU,2026-01-10 08:46:02.280219,2026-02-15 16:30:38.776955,88,284,24718,Delayed
156,"Brown, Stanley and Lawson",DFB,JQG,2026-02-09 15:08:46.474872,2026-02-13 13:19:59.122952,132,3549,12115,Delayed
157,Woods Group,QUE,RRZ,2026-03-28 21:25:19.864662,2026-03-23 18:38:25.220908,532,2262,3883,Delayed
158,Jimenez Group,RWO,GHQ,2026-02-06 17:58:57.033906,2026-01-29 02:40:07.645746,496,842,47162,Delayed
159,Page-Patterson,BIL,AJM,2026-03-23 12:53:30.714370,2026-01-18 16:29:13.010297,35,9866,29584,On Time
160,Martinez-Mullins,VPU,DAL,2026-02-21 07:58:36.669906,2026-03-30 15:25:05.582288,158,9177,40295,Cancelled
161,"Clarke, Lewis and Thompson",OLP,RXN,2026-03-09 08:39:28.822170,2026-02-13 12:32:57.072046,488,1068,4208,On Time
162,Olson-Perkins,QZZ,ISQ,2026-01-25 16:29:27.738896,2026-03-20 13:03:00.384344,342,4246,47687,On Time
163,Garcia-Brandt,SXE,ZTI,2026-02-04 11:45:06.405034,2026-03-14 08:22:07.604216,206,8911,37559,On Time
164,"Carrillo, Case and Johnson",FFE,RML,2026-01-12 06:37:48.018090,2026-03-10 10:11:39.991185,388,5894,46675,Delayed
165,Ruiz Inc,MZH,QUE,2026-03-16 03:27:53.822031,2026-03-16 13:59:02.318808,349,4095,34214,Cancelled
166,"Walter, Pace and Mullins",KFP,OLP,2026-03-07 12:24:46.532472,2026-03-10 18:57:32.122458,258,647,3915,Delayed
167,"Greene, Andrews and Torres",MZE,UHK,2026-02-23 12:28:25.867450,2026-03-10 15:02:02.363419,436,9884,31561,Delayed
168,Downs Ltd,FVJ,UDQ,2026-01-18 16:32:10.049887,2026-03-05 06:53:36.709840,215,2644,45206,Cancelled
169,Werner Ltd,YSA,HVM,2026-02-11 08:29:26.988427,2026-02-17 06:50:17.582523,413,4764,39946,Cancelled
170,Clark PLC,AOQ,HZK,2026-03-02 03:50:08.102531,2026-04-07 02:11:12.470402,394,3077,11682,On Time
171,"Mcdonald, Scott and Stevenson",HVC,JVO,2026-04-05 18:47:17.047413,2026-02-07 03:58:06.193998,461,1610,16253,Cancelled
172,Rhodes LLC,WAX,UHK,2026-01-01 01:19:16.628663,2026-02-25 16:06:01.121677,259,7269,5152,Cancelled
173,Allen-Harris,OLP,XWE,2026-03-22 00:45:46.788266,2026-02-13 04:46:41.243987,458,5553,27101,Delayed
174,Mills-Valdez,DPO,FYW,2026-02-02 03:01:50.678684,2026-03-20 12:48:53.077768,123,8035,9423,On Time
175,Morgan LLC,PIV,ZUD,2026-03-29 09:49:10.415836,2026-02-17 07:22:45.808582,352,3824,20352,Cancelled
176,Johnson-Ford,NSL,SXE,2026-01-26 15:33:21.568466,2026-01-22 23:22:25.513670,362,663,18275,Cancelled
177,Dunn PLC,JDM,SXE,2026-01-10 21:48:20.972466,2026-01-20 20:29:37.005526,466,3149,19914,On Time
178,Bryan Inc,OWC,PIC,2026-02-13 01:29:23.835686,2026-03-02 10:17:12.273883,370,8106,12767,On Time
179,"Williams, Gomez and Meyer",GQN,VHB,2026-03-19 14:51:32.809787,2026-02-25 16:01:20.230163,60,1993,4469,Delayed
180,"Bennett, Casey and Delacruz",ZQT,DDQ,2026-01-24 17:34:07.069047,2026-02-02 09:48:21.425575,408,8859,15831,Delayed
181,Conner Group,MNZ,RRZ,2026-02-18 17:38:55.500709,2026-03-09 20:26:04.572653,404,2799,11269,Cancelled
182,Smith Group,BIL,VPZ,2026-01-10 20:26:52.215090,2026-02-26 14:31:39.183385,154,8948,2954,Cancelled
183,"Guzman, Ramirez and Snyder",MAF,XWE,2026-02-18 00:55:01.613680,2026-01-11 19:59:58.774910,486,4899,40657,Delayed
184,Lee PLC,ESX,PMA,2026-01-30 06:50:08.905889,2026-01-24 16:50:20.083039,571,5698,25112,On Time
185,Thompson-Bowen,RXN,RWO,2026-03-10 19:35:55.428698,2026-02-09 01:57:02.763976,415,8112,8875,Cancelled
186,"Young, Lopez and Rogers",HIR,SJZ,2026-01-18 11:43:31.639630,2026-03-09 10:05:45.682805,88,1954,13133,On Time
187,Guzman Inc,HVC,XTO,2026-01-17 09:57:31.138653,2026-02-28 11:44:18.149220,30,5600,21265,Cancelled
188,Carter LLC,VHB,TGY,2026-02-22 08:18:05.003676,2026-04-07 02:04:24.776474,108,6499,33620,On Time
189,Hart Ltd,DHB,RZR,2026-02-05 06:32:29.043054,2026-03-05 22:47:45.515082,342,7535,36502,Delayed
190,"Braun, Andrews and Camacho",IDD,OLP,2026-01-03 15:19:01.857883,2026-02-21 22:07:19.216835,383,2133,21953,Delayed
191,Mckee-Rivers,RXD,SLG,2026-04-05 10:52:19.194951,2026-03-26 00:52:14.570080,430,6565,11572,Cancelled
192,Cox Inc,JLM,AJM,2026-02-19 22:25:11.965554,2026-03-02 02:45:16.437304,267,5153,33270,On Time
193,"Shaw, Swanson and Jimenez",AJM,SEA,2026-03-22 22:29:41.754304,2026-03-27 03:58:35.341875,457,5402,10762,Delayed
194,Perry Group,UHK,DYM,2026-03-21 01:27:56.621955,2026-04-08 12:31:32.777163,457,7339,44995,Delayed
195,Shepherd Inc,PXE,GQN,2026-01-13 00:26:10.031149,2026-01-14 15:57:46.955912,146,1315,19964,Cancelled
196,"Glenn, Lamb and Smith",VPC,VHB,2026-03-07 22:52:59.917308,2026-02-06 22:13:37.982056,60,3490,45866,On Time
197,"Simmons, Mitchell and Miller",OWR,KBO,2026-04-04 18:12:50.371551,2026-02-24 12:39:18.405989,392,7872,3492,Cancelled
198,"Clarke, Valdez and Lloyd",HZN,JQG,2026-03-16 09:41:58.949451,2026-03-17 11:32:16.604555,167,7984,36346,Delayed
199,Ellis LLC,LER,SLN,2026-03-08 04:37:11.570286,2026-02-08 15:42:46.703942,191,5338,20027,Delayed
200,Edwards-Patterson,LFV,PIV,2026-03-02 16:30:48.725936,2026-01-19 23:14:33.476345,187,1072,25917,On Time
201,"Hood, Weber and Preston",VXK,GHQ,2026-02-17 04:49:16.049834,2026-01-05 20:06:42.720711,536,5231,37087,Cancelled
202,"Steele, Webster and Hobbs",HIR,GQT,2026-01-04 16:10:21.443008,2026-02-07 05:43:47.984825,115,6441,10332,Delayed
203,Bryan-Roberts,SFR,TRV,2026-01-30 12:01:16.405662,2026-01-08 09:32:29.190954,332,2826,41726,Cancelled
204,"Pittman, Green and Hudson",EMT,VLU,2026-03-11 03:17:42.458198,2026-01-12 03:17:29.448243,356,7425,12563,Delayed
205,"Webb, Lloyd and Nelson",GQN,XQD,2026-02-05 11:03:13.575428,2026-02-17 23:46:17.428151,257,7711,20940,Cancelled
206,"Fry, Carr and Robinson",MAF,HOG,2026-01-20 09:19:41.139205,2026-03-07 09:17:32.850119,245,8698,15582,Cancelled
207,Harris Inc,HIA,COF,2026-01-26 11:56:51.667287,2026-03-21 00:09:10.602837,386,5669,29504,On Time
208,"Brown, Reed and Nguyen",OTP,ZQT,2026-02-22 16:09:43.319083,2026-01-03 21:14:18.298826,484,4383,16049,Cancelled
209,Gonzalez-Anderson,DYM,SAZ,2026-03-16 13:09:14.409600,2026-02-05 09:55:28.609804,360,2000,29706,On Time
210,Smith Inc,JVG,ZIB,2026-03-17 12:15:23.410559,2026-03-12 04:16:04.781363,464,3384,38626,Delayed
211,Martin-Dennis,BJW,ARU,2026-02-22 16:14:19.154041,2026-03-27 14:35:56.876833,573,5678,46656,On Time
212,"Harrison, Fisher and Williams",ZYQ,SXE,2026-03-20 09:59:43.143212,2026-02-06 17:16:22.575494,203,3824,47936,On Time
213,"Reeves, Diaz and Kemp",LIW,JLG,2026-03-12 03:22:37.817946,2026-03-28 03:03:15.124253,430,4939,34343,Cancelled
214,Guzman PLC,NRE,KRW,2026-02-09 04:22:37.111552,2026-01-28 13:11:00.825731,95,6969,43465,Cancelled
215,Anderson-Lopez,NPR,SLG,2026-02-27 14:45:19.735632,2026-01-02 07:25:22.383568,360,6763,46086,On Time
216,"Perez, Nelson and Hall",JEO,ARU,2026-02-12 04:57:52.693017,2026-03-21 04:54:35.673209,39,3978,12668,Delayed
217,Hill Inc,QST,SJZ,2026-03-22 18:20:14.908370,2026-01-21 01:39:15.084691,230,9202,34768,Cancelled
218,Mendoza-Mcdaniel,DCP,DBH,2026-03-06 15:41:08.914563,2026-01-29 16:46:48.191468,95,701,30424,Delayed
219,Sanchez-King,OKT,XJB,2026-03-04 19:48:53.871291,2026-02-24 11:50:34.207413,413,862,44879,Delayed
220,"Ramirez, Ellis and Williams",MGR,YSA,2026-03-15 17:14:34.809843,2026-02-20 18:13:47.019535,329,5037,8790,On Time
221,Ramos-Rogers,HGF,AJM,2026-01-26 05:24:44.789953,2026-01-09 10:33:33.735776,402,7707,25314,Delayed
222,Mann-Martinez,HFX,VZN,2026-01-13 03:09:52.798212,2026-03-13 03:18:33.423534,150,1422,29985,Delayed
223,Rivas PLC,UHK,YDU,2026-03-16 11:12:26.719786,2026-01-10 11:57:17.072624,167,8274,29150,Cancelled
224,Coleman Ltd,VPZ,JDM,2026-01-24 06:54:41.853754,2026-03-01 06:19:35.996484,138,5223,24319,Cancelled
225,"Moses, Chambers and Velez",VBS,VHB,2026-01-01 09:52:32.365076,2026-01-27 07:05:52.718294,375,8239,45595,Cancelled
226,Barton Inc,XQD,UVN,2026-02-01 08:01:22.633949,2026-03-20 01:07:07.765651,449,8367,49522,On Time
227,Little-Reynolds,AMB,POL,2026-01-19 14:35:37.594860,2026-02-17 15:33:55.242962,281,8156,37923,Cancelled
228,Garcia Inc,CPL,YDU,2026-03-04 11:19:16.189782,2026-03-15 17:04:00.584692,170,2610,9702,Delayed
229,Bailey and Sons,DDQ,PIV,2026-04-08 01:28:19.511643,2026-01-16 20:37:53.476341,377,1905,23596,Cancelled
230,Edwards PLC,VLU,GHQ,2026-03-31 22:59:27.602150,2026-03-11 00:10:50.217312,45,5092,22919,Delayed
231,Scott-Gonzales,HIR,ZEI,2026-01-10 07:38:39.375221,2026-03-02 09:29:33.222139,165,581,16416,Delayed
232,Curry-Garrison,AOQ,CBZ,2026-01-18 22:46:48.355190,2026-01-16 22:28:23.994614,569,6811,21333,On Time
233,Clark Ltd,BJD,OIN,2026-01-08 03:06:47.642686,2026-02-06 10:28:38.018021,333,9975,36299,Delayed
234,Mckee PLC,XWE,JVG,2026-03-08 14:03:28.786474,2026-01-18 04:33:12.060824,309,6468,30487,Cancelled
235,Washington-Pierce,CKO,QFJ,2026-02-24 06:44:55.765308,2026-03-09 23:53:08.152181,145,4285,16788,Delayed
236,"Reyes, Sanchez and May",ORB,DPO,2026-01-14 04:00:36.679000,2026-03-23 16:09:29.733762,314,4120,12030,Delayed
237,Gonzalez Inc,EMT,WMQ,2026-03-26 12:44:01.924289,2026-03-08 21:16:35.257350,396,4411,26039,Cancelled
238,Ross Ltd,QST,NYP,2026-03-26 08:46:32.472128,2026-02-19 13:30:20.393072,581,8501,36892,On Time
239,Bailey Ltd,XNP,NGJ,2026-01-04 09:51:02.262690,2026-01-17 19:34:33.749946,533,5119,32010,Delayed
240,Sanchez Ltd,OLP,ARU,2026-03-21 03:12:47.361151,2026-01-31 18:55:21.634182,237,9691,41273,Cancelled
241,Fernandez Inc,VPU,XWE,2026-03-03 20:49:44.848974,2026-01-06 05:24:31.754785,300,5471,41273,On Time
242,"Kane, Ford and Bolton",DNK,ANH,2026-02-06 11:29:37.915461,2026-03-14 03:36:14.059552,559,1671,12740,Cancelled
243,Johnston-Blackburn,NPR,PIC,2026-03-18 03:35:38.710524,2026-02-21 09:35:35.887816,419,6041,20312,Delayed
244,Mccarthy and Sons,SAZ,VZN,2026-02-11 10:56:33.853325,2026-01-21 02:52:34.339348,139,5644,8650,On Time
245,Henderson PLC,RWO,RXD,2026-01-02 18:25:51.607551,2026-03-21 23:42:15.387280,490,1251,16946,Delayed
246,Booth Ltd,HVC,MOG,2026-01-27 07:58:24.204576,2026-01-24 22:11:01.271928,343,3514,10952,Delayed
247,Stewart-Brown,UUO,MVU,2026-03-12 06:57:21.921773,2026-01-14 07:13:06.063977,47,9457,17760,Cancelled
248,Bryant-Costa,ZUD,MAF,2026-01-18 21:00:16.722801,2026-01-07 14:25:36.578814,166,7677,19903,Cancelled
249,"Bryant, Meyer and Waters",JLG,UVN,2026-01-25 14:49:07.356004,2026-03-15 14:04:59.924728,483,4442,16955,Delayed
250,"Mckinney, Kim and Nelson",DFB,SFR,2026-01-29 18:40:21.563058,2026-03-13 10:14:50.640843,526,8526,34031,Delayed
251,"Wells, Andrews and Johnson",JVG,VHB,2026-02-11 12:54:10.578617,2026-03-14 11:34:03.707416,426,9274,28958,Delayed
252,Foley-Fisher,RZR,HOR,2026-02-16 18:53:31.778860,2026-03-25 03:53:28.721344,491,348,31422,Cancelled
253,Anderson PLC,HZK,VAA,2026-01-27 02:20:11.738475,2026-03-17 16:18:08.990495,204,8036,45640,Delayed
254,"Carter, Horton and Clark",FOE,JDM,2026-03-30 21:31:21.019969,2026-03-06 13:32:28.111997,493,8775,34354,Delayed
255,"Ward, Ho and Daniels",SAN,YSA,2026-03-07 03:36:17.908148,2026-01-01 00:47:32.728287,410,2684,30103,Delayed
256,Wu-Brown,UVN,FFE,2026-01-08 23:37:31.826665,2026-03-21 02:46:45.337154,41,6084,25252,On Time
257,"Todd, Bell and Aguilar",LIW,VAZ,2026-03-02 16:03:57.820931,2026-02-17 04:34:41.372798,156,1683,48343,Delayed
258,"Smith, Gray and Jackson",RFS,NRE,2026-01-08 18:19:50.353040,2026-03-14 05:23:25.312407,572,2826,41892,Delayed
259,"Herrera, Cummings and Tapia",NGJ,BJD,2026-02-14 00:33:11.929289,2026-01-06 09:57:00.613384,204,676,40409,Cancelled
260,"Hale, Wilkinson and Edwards",NSL,DVE,2026-02-14 23:27:44.065761,2026-03-01 11:10:03.906059,463,8340,4139,On Time
261,Ward Inc,CPL,HOR,2026-03-06 03:41:59.552196,2026-02-18 20:46:39.130014,468,7190,46157,Cancelled
262,Fuller-Contreras,FOE,OKN,2026-02-04 03:31:33.673350,2026-03-16 16:06:06.195141,174,4779,6174,Delayed
263,Mendez and Sons,LIW,HFX,2026-03-28 13:53:02.945776,2026-01-11 03:06:53.320744,203,7263,30837,Cancelled
264,"Sanders, Pierce and Johnston",IDD,HWX,2026-01-30 07:36:43.906030,2026-01-18 20:53:38.118860,582,1533,7631,Cancelled
265,Perkins and Sons,PXE,VXK,2026-01-13 12:56:05.122619,2026-04-03 13:57:30.560683,536,3628,22329,Cancelled
266,Robertson-Harris,YSA,CYC,2026-02-13 06:51:04.340755,2026-03-13 05:26:15.182839,425,6312,27181,Delayed
267,"Montgomery, Molina and Moore",JBR,EMQ,2026-03-07 04:46:11.029828,2026-01-29 10:03:06.762794,369,9516,23531,On Time
268,"Howell, Smith and Chung",JLM,NSL,2026-02-06 20:54:09.460516,2026-04-06 14:18:48.910548,199,1608,32014,On Time
269,Bryant and Sons,OWR,ZTI,2026-02-20 17:24:45.545971,2026-01-19 19:33:31.188015,473,1969,24888,Delayed
270,"Caldwell, Larson and Pierce",VPZ,XNP,2026-02-10 06:30:25.642573,2026-01-25 06:57:18.138251,508,8383,31638,Delayed
271,Santiago-Ryan,XWE,VBS,2026-02-01 00:56:28.983835,2026-02-07 19:22:58.834947,124,7762,24076,On Time
272,Leach LLC,OKT,JEA,2026-01-30 15:29:43.071795,2026-03-15 06:00:13.983935,567,6433,18302,Delayed
273,Ibarra-Vasquez,JLG,SAN,2026-03-24 01:48:51.691956,2026-04-05 10:11:46.422268,134,3496,34991,On Time
274,Hughes and Sons,DVE,VPZ,2026-01-31 05:18:49.431247,2026-01-11 19:04:22.654061,122,1144,16003,Delayed
275,"Richardson, Pena and Holmes",ZEI,EDQ,2026-03-27 06:41:43.806808,2026-02-02 04:48:41.412756,569,1757,30097,Delayed
276,"Henderson, Eaton and Cook",HVG,DPO,2026-02-04 13:35:42.563117,2026-02-25 15:52:46.581296,176,4388,43785,On Time
277,Ross-Sullivan,SEA,XWE,2026-01-13 20:35:00.705997,2026-03-18 13:26:02.077249,290,6524,49454,Cancelled
278,Cooper and Sons,HIA,WUT,2026-03-13 05:34:54.862044,2026-03-02 08:11:14.582740,140,2136,5397,Delayed
279,Snow LLC,TRV,JVG,2026-03-12 01:52:11.861320,2026-04-02 20:47:36.186539,589,8867,35327,Cancelled
280,Sanchez PLC,XOR,OWC,2026-03-22 11:59:42.297639,2026-02-18 09:50:09.834144,60,550,46059,Delayed
281,Gibson Ltd,LZQ,QUE,2026-04-04 00:16:44.357345,2026-03-11 09:09:56.623280,59,352,20988,On Time
282,Gallagher Ltd,PIG,KFP,2026-03-22 01:58:09.906110,2026-03-17 17:38:16.883269,590,3239,25724,Cancelled
283,"Rowland, Miller and Stuart",FYW,QEH,2026-01-24 15:26:06.493033,2026-03-19 20:27:47.154083,323,4935,2816,Cancelled
284,Long-Macias,CFB,EDQ,2026-01-14 14:29:59.785611,2026-03-11 16:22:44.183594,255,9320,32207,On Time
285,Brown LLC,UPB,SXE,2026-03-17 06:34:26.152408,2026-02-15 12:29:56.318633,168,586,47876,Cancelled
286,"Hughes, Clark and Herman",OIS,IUM,2026-03-25 16:43:50.596553,2026-03-09 17:26:02.253233,299,5048,42667,Delayed
287,"Jones, Rogers and Quinn",OWC,SJZ,2026-02-11 00:00:10.287653,2026-03-20 10:15:00.125930,502,8050,48710,On Time
288,Martinez PLC,BJD,PIV,2026-03-08 06:14:24.783115,2026-01-31 02:48:15.308614,156,4462,15354,On Time
289,Price-Gomez,SLG,PTQ,2026-01-05 16:21:18.135917,2026-01-11 10:54:26.336711,304,3498,11110,Delayed
290,Smith-Fisher,DFB,AXF,2026-01-06 07:30:00.474306,2026-02-13 05:56:47.841543,45,6297,17301,On Time
291,"Rodriguez, Mcknight and Rocha",IUM,PTQ,2026-04-04 16:24:47.048330,2026-01-06 23:46:43.387022,62,6481,5431,Cancelled
292,Parks-Campos,QZZ,OJV,2026-02-21 02:38:46.999084,2026-02-11 14:52:28.446439,55,5714,23193,Delayed
293,"Taylor, Johnson and Bauer",ARU,OKT,2026-03-02 19:08:14.117819,2026-01-24 21:56:55.527025,247,3873,29451,Delayed
294,"Gonzalez, Stokes and Erickson",TGY,WUT,2026-01-24 20:53:59.349219,2026-02-10 23:18:48.561666,154,4713,2832,Delayed
295,Li Inc,DCP,PMA,2026-02-12 16:06:55.997240,2026-01-22 04:12:38.220355,307,554,25811,Delayed
296,"Webster, Miller and Higgins",HIR,LFV,2026-03-15 13:25:16.612485,2026-02-01 20:05:13.254616,299,5238,49640,Cancelled
297,"Rasmussen, Sweeney and Shaw",CKO,RXN,2026-03-05 02:41:54.353423,2026-03-17 07:04:18.690865,229,6745,8598,Delayed
298,Johnson-Everett,OYA,UAI,2026-02-04 08:13:36.034056,2026-03-12 18:33:16.167605,442,9444,26780,Cancelled
299,Hoffman and Sons,QEH,OIN,2026-03-15 10:29:20.977987,2026-02-08 16:39:05.679323,307,2440,3574,Cancelled
300,Ramos and Sons,RWO,XJB,2026-03-25 01:28:27.153630,2026-02-18 22:12:22.290844,91,7490,25824,Cancelled
301,Harris PLC,OLP,AOQ,2026-03-24 05:26:22.370537,2026-01-16 23:02:55.472003,378,1912,6806,On Time
302,Rosario-Payne,MGR,DBH,2026-02-17 02:06:27.618884,2026-03-28 21:17:12.965868,259,9067,27031,Delayed
303,Reyes Group,PIG,GYR,2026-02-17 09:48:11.078366,2026-01-31 13:54:15.461190,497,2667,8812,Cancelled
304,Arnold-Gonzalez,SAN,VZN,2026-01-01 18:01:06.064878,2026-02-27 04:49:25.467240,590,4073,7844,On Time
305,"Ortiz, Brooks and Mendoza",OLP,HIA,2026-02-18 02:09:39.099988,2026-03-10 06:04:11.622157,477,1335,29020,Delayed
306,"Barrera, Key and Contreras",XOR,ARU,2026-01-14 15:56:25.458945,2026-02-02 18:48:22.789140,181,1478,11875,On Time
307,"Walker, Perry and Brown",GXQ,POL,2026-03-30 13:24:18.794663,2026-01-02 01:20:13.089136,131,1408,17608,Cancelled
308,"Hayes, Williams and Miles",HIR,DBH,2026-03-30 01:15:36.406945,2026-02-12 10:56:10.293319,118,765,10348,Cancelled
309,Torres-Craig,JHK,PFQ,2026-03-21 06:01:08.411883,2026-01-05 07:28:51.364349,189,1527,30308,Delayed
310,"Perez, Bray and Garcia",XYB,XRZ,2026-03-15 04:55:07.447064,2026-03-27 08:18:18.747026,248,8941,32117,Cancelled
311,Cooper Inc,DPO,JVO,2026-03-05 10:31:57.064100,2026-03-29 17:15:16.504626,262,6846,20199,Delayed
312,"Rice, Atkins and Mcdonald",BZQ,GYR,2026-02-22 11:26:43.595849,2026-03-06 09:18:07.687472,71,5149,29131,Delayed
313,"Moore, Jones and Walters",VBS,YDU,2026-03-06 00:18:24.474716,2026-03-20 15:42:18.913741,469,6499,7994,Cancelled
314,Schultz PLC,UNV,AOQ,2026-01-09 22:27:31.510832,2026-01-17 16:41:40.536028,555,737,45035,Delayed
315,Mendez-Duncan,RFL,ZEI,2026-03-14 02:29:23.558074,2026-02-26 06:42:36.750690,365,8254,31663,Delayed
316,Anthony LLC,VAZ,AJM,2026-02-17 17:56:37.691024,2026-01-02 14:20:25.538087,140,925,20386,Delayed
317,"Blake, Jones and Webb",AMB,LXX,2026-04-05 11:37:44.305550,2026-01-06 22:58:17.483435,545,6672,48304,Cancelled
318,White Ltd,HZN,ZSP,2026-03-26 17:04:54.302187,2026-04-03 14:25:47.556209,172,4022,23483,Delayed
319,"Cabrera, Gonzales and Gillespie",HZK,HOR,2026-01-12 20:22:13.771741,2026-01-15 14:16:09.525871,368,9632,13132,On Time
320,Thompson-Lang,SXE,HWX,2026-01-17 09:55:18.248506,2026-04-01 23:18:20.545211,592,5766,25337,On Time
321,Alexander-Lewis,CBT,KRW,2026-03-20 14:21:19.138891,2026-02-12 04:14:23.928421,58,3369,4468,On Time
322,Salas PLC,ZNM,ANH,2026-03-07 15:10:19.624688,2026-02-11 04:08:05.264219,513,404,11680,Delayed
323,"Moyer, Anderson and Moon",DYM,SEA,2026-01-21 21:05:23.045187,2026-02-25 22:23:41.707554,486,3256,13672,Cancelled
324,Evans Group,ANH,JEO,2026-01-27 14:19:45.782441,2026-03-24 10:07:38.848488,343,1763,4354,On Time
325,"Ball, Hoffman and Patterson",TOJ,XJB,2026-03-03 20:10:49.003140,2026-02-26 18:48:16.954608,62,6200,22695,Cancelled
326,Campos Inc,GQN,GXQ,2026-01-23 08:38:19.208698,2026-04-01 16:14:41.705057,275,7978,20120,Delayed
327,Brown Group,WJU,NYP,2026-02-08 05:53:57.718203,2026-01-09 03:01:40.368491,116,9185,21014,On Time
328,Lee and Sons,DCP,OLP,2026-04-01 22:48:35.247831,2026-02-26 13:18:43.518654,241,7084,43248,Delayed
329,Soto-Parker,ARU,OJV,2026-03-08 23:46:02.563971,2026-02-04 19:29:12.136683,44,897,17311,Cancelled
330,Brady-Molina,OLP,HGF,2026-02-19 03:08:22.361979,2026-03-12 23:14:40.342854,484,5015,45160,On Time
331,"Anderson, Martin and White",JHK,NPR,2026-01-31 09:46:01.857736,2026-02-03 05:47:49.902013,117,2319,31899,Cancelled
332,"Huffman, Flores and Collins",SXE,XJO,2026-03-06 02:26:32.708348,2026-03-16 08:55:44.550819,270,1496,5466,Delayed
333,"Reed, Green and Wilson",LZQ,YSA,2026-02-05 07:00:38.542299,2026-02-24 18:27:11.820503,397,4372,6611,Cancelled
334,Ayala Ltd,VFJ,ARU,2026-03-25 12:49:58.834842,2026-01-23 09:23:05.064516,559,523,13241,Delayed
335,Dunn-Nelson,JLM,ZIB,2026-01-26 20:43:42.708739,2026-02-04 09:10:07.453078,240,8704,14333,Delayed
336,"Cook, Carroll and Hill",XNP,JEA,2026-01-02 08:41:15.611436,2026-01-26 10:48:13.513401,145,4408,5171,On Time
337,Lee-Ramos,AAU,FOE,2026-02-22 08:52:57.683492,2026-02-28 10:10:02.028842,578,8068,3864,Delayed
338,Allen Inc,HFX,UNV,2026-02-07 13:48:30.718776,2026-04-01 02:29:09.032832,213,2743,21984,Cancelled
339,Long-Jones,TTI,JLM,2026-01-19 23:40:42.903415,2026-03-21 18:32:50.388190,407,4245,27777,Cancelled
340,"Suarez, Wilson and Beasley",WUT,QST,2026-02-19 17:39:13.288264,2026-01-23 02:37:08.386296,495,2302,37015,Cancelled
341,Daniel-Williamson,HVG,IAL,2026-02-17 07:23:12.573074,2026-02-27 15:13:29.760361,306,1047,45328,Cancelled
342,Castaneda Inc,HUX,DHB,2026-02-28 03:20:04.797842,2026-03-28 01:08:38.217469,332,9793,8494,Delayed
343,"Romero, Mejia and Rios",XJB,HOR,2026-02-28 06:49:00.025690,2026-04-03 10:22:54.787724,335,5923,2773,On Time
344,Deleon-Miller,YNZ,CEK,2026-01-17 07:21:39.249921,2026-02-27 03:58:54.641297,170,5161,20238,Cancelled
345,Kemp-Stevens,MAF,JEO,2026-02-05 09:20:20.714562,2026-04-01 23:12:40.155494,90,5437,47307,On Time
346,"Gomez, Russo and Martin",DFB,QEH,2026-04-04 07:23:41.839084,2026-01-02 07:43:45.045179,199,9372,2330,Cancelled
347,"Smith, Santos and Nicholson",ZIB,SLN,2026-04-02 12:09:18.871577,2026-01-30 04:42:27.633142,366,9643,40956,On Time
348,Ross Inc,GQN,OKN,2026-04-06 19:51:21.207536,2026-01-05 16:51:02.005141,37,4487,40351,On Time
349,Mcpherson-Taylor,HZN,UNV,2026-03-13 14:10:52.381715,2026-03-04 08:49:05.006120,466,6298,5292,On Time
350,Freeman Inc,OIN,OWR,2026-03-14 22:38:30.113803,2026-02-26 13:53:53.941125,82,8374,22054,Delayed
351,Strong PLC,OWR,VPU,2026-04-06 13:24:17.696989,2026-02-11 16:43:18.859279,429,618,37988,On Time
352,Stephens-Harrison,MNZ,CFB,2026-03-03 10:01:54.821331,2026-01-27 20:49:35.353157,235,8756,42786,On Time
353,"Sutton, Escobar and Smith",WMQ,WAX,2026-02-22 15:53:34.784955,2026-03-19 03:32:10.304512,169,3161,48101,Delayed
354,Perry Group,YSA,YVL,2026-02-09 09:32:42.509413,2026-01-22 22:17:59.132312,454,4203,34389,Delayed
355,Bridges-Webster,MZE,POL,2026-02-18 14:07:28.522067,2026-04-04 11:46:51.365310,113,6785,22893,Cancelled
356,Baker Ltd,HGF,FFE,2026-02-08 10:46:20.284909,2026-01-05 09:14:55.064303,400,1907,19477,On Time
357,Vasquez LLC,CYC,IDD,2026-03-31 15:18:18.587780,2026-01-29 21:43:05.935060,560,6680,18724,Cancelled
358,"Knight, Juarez and Williams",TOJ,LZQ,2026-03-26 10:46:45.177242,2026-02-07 11:23:25.557620,123,3501,11162,On Time
359,Davis-Jackson,DAL,RFL,2026-01-28 13:45:49.078269,2026-02-18 22:12:20.013400,269,3226,40546,On Time
360,"Sanchez, Henderson and Thomas",SFR,ZUD,2026-03-25 01:09:20.702279,2026-02-21 15:21:02.263705,518,1554,6967,Delayed
361,Jackson Group,RWO,UUO,2026-02-25 08:04:26.961783,2026-04-02 10:22:20.829814,498,4385,15937,On Time
362,Munoz-Sanchez,HZN,RFS,2026-03-02 01:57:39.777128,2026-03-04 16:30:16.535731,122,6872,37682,On Time
363,"Smith, Boyd and Watson",HGF,ZNM,2026-02-07 08:02:59.685036,2026-03-20 07:43:04.820196,569,1665,39169,Cancelled
364,Johnson Ltd,ANH,FCG,2026-02-05 15:06:36.475091,2026-04-04 03:42:01.675990,159,7759,49409,On Time
365,Smith-Jones,TGY,JVG,2026-02-18 05:47:52.969937,2026-04-07 05:02:57.200539,441,8511,40066,Cancelled
366,Jackson-Miller,COF,WPA,2026-03-02 15:27:57.134932,2026-03-27 10:36:17.745212,142,787,11087,Delayed
367,Henderson-Russell,PIG,NRE,2026-04-05 18:40:34.433157,2026-04-06 05:29:08.319153,562,2036,2163,Cancelled
368,"Werner, Blevins and Mcintosh",HZN,XJB,2026-02-08 11:16:39.574374,2026-03-14 09:21:41.373917,170,5327,10473,On Time
369,"Miller, Green and Mays",NLB,IDD,2026-02-06 16:43:54.158809,2026-03-30 21:35:24.468381,165,9976,20236,Cancelled
370,King-Huffman,SAZ,CYC,2026-01-06 12:32:09.792915,2026-02-03 16:38:36.511571,462,8861,15789,On Time
371,Davidson Ltd,QZD,HWX,2026-03-15 13:29:34.630682,2026-01-20 20:26:59.704634,250,9961,36015,Cancelled
372,Johnson-Hayes,SJZ,BZQ,2026-02-18 04:52:36.439885,2026-01-11 23:34:45.431455,121,1078,16619,Delayed
373,"Davis, Copeland and Hunter",TTI,OIN,2026-02-14 18:29:18.597441,2026-03-14 23:41:30.262359,180,8814,30500,On Time
374,"Turner, Vazquez and James",JLG,ANH,2026-01-19 19:49:47.221515,2026-02-09 18:58:31.334524,112,2818,20683,Cancelled
375,Chapman LLC,DYM,XYB,2026-02-06 06:30:41.417038,2026-01-30 01:08:20.324279,380,7237,26807,Delayed
376,Shepherd-Thompson,VXK,HIR,2026-03-13 05:14:24.389357,2026-02-05 05:26:22.236732,425,3254,19933,Cancelled
377,West PLC,OTP,CKO,2026-03-11 02:06:50.767641,2026-03-06 08:59:56.807370,44,9978,6857,On Time
378,"Parker, Aguilar and Flores",YSI,PFQ,2026-04-07 18:38:00.971696,2026-02-04 20:31:08.277907,223,9002,23626,Delayed
379,Gutierrez-Johnson,BJW,SAZ,2026-01-03 20:29:41.149234,2026-03-20 20:53:43.305252,481,1042,33987,Delayed
380,Johnson and Sons,FYW,HWX,2026-02-22 22:56:47.696667,2026-02-13 03:56:02.921631,477,6932,42867,Delayed
381,Davis PLC,HZN,SLN,2026-01-26 00:04:39.947438,2026-02-24 19:54:19.871585,511,1833,11245,On Time
382,Zuniga Ltd,JBR,VLU,2026-02-16 13:04:11.961058,2026-02-24 12:02:30.140210,220,4878,43763,Delayed
383,"Anderson, Meyer and Wyatt",MVU,YTN,2026-04-03 20:46:04.838771,2026-03-31 09:40:44.411224,432,6496,13823,Delayed
384,"Navarro, Ruiz and Cobb",WMQ,PIC,2026-02-03 18:30:49.567389,2026-04-06 14:28:34.551239,302,2513,39595,Cancelled
385,"Ortiz, Williams and Gordon",ZYQ,SLN,2026-03-11 15:59:57.182978,2026-01-09 01:48:05.789912,564,2400,15069,Delayed
386,Owen Ltd,SAN,ZTI,2026-02-18 03:24:29.659256,2026-02-26 08:08:03.955760,69,576,27667,Delayed
387,"Leach, Fernandez and Miller",AAU,YVL,2026-01-05 13:14:33.043848,2026-01-30 08:31:03.335517,112,2793,21491,Cancelled
388,Alvarado-Watson,QFJ,HIR,2026-01-23 11:46:55.150905,2026-02-08 07:00:26.405783,275,9861,4652,Cancelled
389,Wagner PLC,EDQ,MAF,2026-01-18 03:44:05.384557,2026-01-22 08:19:07.029675,422,1154,33975,Cancelled
390,Chan LLC,VPU,HPX,2026-03-01 00:15:49.227713,2026-01-10 11:50:06.186051,356,6388,14139,On Time
391,Bell LLC,YLF,HVG,2026-02-07 00:20:15.070092,2026-03-22 02:08:42.821518,145,9754,45881,On Time
392,Mcmahon Group,RCJ,XJB,2026-02-11 11:46:31.415766,2026-03-28 02:38:52.395457,41,3606,15214,On Time
393,"Hoover, Morales and Bullock",UZS,VAA,2026-02-15 18:36:58.687543,2026-03-13 12:51:39.837203,224,1934,15735,On Time
394,Hutchinson Ltd,ZNM,ORB,2026-03-03 22:47:09.028268,2026-01-10 08:16:46.978295,390,8425,23388,Cancelled
395,"Kennedy, Cochran and Richards",OKN,LOW,2026-01-10 23:49:34.146719,2026-01-07 13:32:56.048090,467,8844,46545,On Time
396,"Carr, Ross and Faulkner",OKN,KFP,2026-02-08 07:08:26.720807,2026-02-08 00:54:16.522789,160,7629,34041,On Time
397,"Johnston, Christian and Johnson",OWC,QZD,2026-03-25 13:20:15.669804,2026-01-29 23:15:08.944975,286,9848,45793,Delayed
398,"Schultz, Gutierrez and Hanson",RXN,WUT,2026-03-13 15:03:26.397427,2026-01-10 20:39:49.410089,282,7369,35649,On Time
399,Herman PLC,RFS,SFR,2026-01-12 14:07:12.029845,2026-03-26 18:02:26.543364,41,1473,47100,On Time
400,"Carlson, Ochoa and Mccall",PIG,PTQ,2026-03-22 22:50:55.047811,2026-01-21 00:03:46.407403,203,3724,29433,Delayed
401,Graves PLC,TOJ,ZUD,2026-02-06 14:52:49.456280,2026-03-24 08:47:51.131511,163,5270,21711,Cancelled
402,Castaneda-Blevins,DCP,FOE,2026-03-18 10:03:05.413814,2026-03-17 07:07:56.607450,267,2895,13268,Cancelled
403,Chavez PLC,NGJ,ISQ,2026-01-12 03:28:40.898580,2026-03-16 05:22:24.756078,130,3835,31256,Delayed
404,Patrick-Curtis,SLN,QNT,2026-02-18 12:34:03.113485,2026-01-03 20:32:55.395474,103,8953,23243,Delayed
405,"Brown, Johnson and Henson",UDQ,AXF,2026-03-10 07:34:28.436823,2026-02-15 09:50:21.974116,307,2212,18611,Delayed
406,Reese Ltd,RCJ,IUM,2026-01-27 23:49:49.615687,2026-02-22 18:20:27.706423,196,8220,7306,On Time
407,Chan-Miller,XJO,DAL,2026-02-08 10:24:27.384325,2026-03-03 21:41:06.275495,95,9879,16828,Delayed
408,Foster-Brown,OLP,SLN,2026-02-06 03:01:03.718708,2026-02-24 06:31:29.367298,366,4706,39134,Cancelled
409,Hernandez PLC,FFE,VAZ,2026-03-19 03:53:05.438131,2026-04-04 18:40:19.190331,91,7103,43649,Cancelled
410,Anthony-Dickerson,XWE,AXF,2026-02-12 12:09:07.387226,2026-03-28 10:59:38.427216,294,5209,24175,Delayed
411,Herman Group,RFL,BIL,2026-02-03 19:30:38.924686,2026-03-07 01:22:36.274086,251,4720,34433,Cancelled
412,Ryan LLC,PFQ,QEH,2026-04-05 04:59:22.846911,2026-03-14 02:50:30.419196,146,9085,15130,Delayed
413,"Williams, Austin and Mathews",JLG,AOQ,2026-04-01 03:41:33.920455,2026-01-29 06:04:44.747767,349,6838,2555,On Time
414,Brewer-Fisher,BJD,JLM,2026-03-12 15:08:18.825594,2026-03-04 19:11:34.966947,262,3440,46284,Cancelled
415,Thompson-Campbell,LXX,JQG,2026-01-18 07:31:39.317276,2026-01-09 08:54:01.909357,171,9499,39855,Cancelled
416,Murphy-Floyd,SAN,ZIB,2026-02-27 09:23:20.254987,2026-03-20 08:16:01.408673,516,5254,11872,Delayed
417,Rodriguez LLC,WMQ,KHA,2026-02-15 20:25:45.821795,2026-02-11 23:30:30.575711,236,288,16599,Delayed
418,"Griffith, Everett and Smith",ZQT,EMQ,2026-03-10 17:44:32.249750,2026-02-20 01:33:23.358870,517,7127,9043,On Time
419,Williams-Moreno,MOG,JEA,2026-01-24 05:01:39.749811,2026-03-10 03:53:55.851853,144,5239,18025,Delayed
420,Escobar-Mueller,KFP,WPA,2026-03-15 21:34:22.879536,2026-03-05 09:24:13.519922,132,2405,15791,Cancelled
421,Franklin and Sons,JVG,ZIB,2026-04-04 14:47:09.875436,2026-01-28 21:09:57.532282,424,2593,36197,Cancelled
422,"Bryant, Mitchell and Diaz",XOR,UHK,2026-03-14 13:24:25.414071,2026-03-16 10:13:18.202637,214,9787,14939,On Time
423,Wagner Inc,CKO,RXD,2026-03-30 19:57:33.103188,2026-04-01 02:19:34.565863,434,4405,4266,Cancelled
424,Riggs-Graham,JDM,LFV,2026-04-03 23:11:57.293051,2026-01-11 15:24:43.165537,90,1524,44065,On Time
425,Griffin-Mendez,FYW,PMA,2026-01-27 19:43:47.778847,2026-03-13 04:31:40.778897,195,4796,24090,Cancelled
426,Reeves-Molina,DBH,RCJ,2026-01-19 06:36:19.989390,2026-03-03 18:42:49.135219,86,2247,5675,Delayed
427,Pham-Graham,MOG,UPB,2026-01-03 11:40:23.120486,2026-04-05 22:37:26.033531,326,6101,7401,On Time
428,Mccarty Ltd,DDQ,BIL,2026-04-02 16:07:58.272073,2026-03-20 15:29:18.692926,436,6666,6376,Delayed
429,"Knight, Lucas and Parks",YSI,BJD,2026-01-28 20:40:21.391276,2026-02-11 20:24:27.830657,60,9834,16696,Cancelled
430,Hebert-Doyle,JEO,TRV,2026-02-13 11:49:37.801530,2026-01-03 10:30:16.322103,78,8730,47556,Delayed
431,Jackson-Wiggins,HGF,OJV,2026-01-13 20:06:37.463136,2026-02-18 01:42:03.838367,263,6170,40513,On Time
432,Conley Inc,AJM,ZIB,2026-01-19 09:51:00.627288,2026-01-04 04:14:10.937604,485,7151,26999,Cancelled
433,"Jenkins, Simon and Thompson",XRZ,OKT,2026-03-28 11:55:05.082088,2026-02-17 23:19:52.053395,455,9636,25786,Cancelled
434,Floyd-Cooper,OJV,JVG,2026-01-05 02:38:06.730347,2026-03-28 10:39:48.564716,575,8262,35699,Delayed
435,"Lee, Love and Krause",HVM,ZTI,2026-01-10 18:49:25.456652,2026-01-16 00:30:55.591192,412,7367,42143,On Time
436,Webb Group,JDM,UHK,2026-03-21 01:29:14.308511,2026-02-23 12:55:05.994281,287,8320,45886,On Time
437,Nelson-Horne,SFR,DAL,2026-02-23 07:19:06.338233,2026-03-07 09:33:21.212403,224,210,43086,Cancelled
438,Mendoza PLC,CPL,KFP,2026-01-03 20:13:30.275463,2026-03-18 20:48:31.859224,477,3701,40334,On Time
439,"Harmon, Peterson and Rogers",PFQ,QZZ,2026-02-23 11:31:24.606557,2026-01-23 06:16:21.425273,342,8977,2141,On Time
440,"Ramsey, Guzman and Evans",GYR,FPG,2026-01-14 09:14:59.653856,2026-02-01 10:41:36.795859,284,4959,6875,Delayed
441,"Turner, Khan and Wilson",QPC,FCG,2026-01-29 20:17:06.221385,2026-03-09 07:22:22.453941,42,8271,7536,Cancelled
442,"Cunningham, Ramirez and Campbell",OJV,HOR,2026-03-22 12:16:03.161567,2026-01-06 14:32:14.464534,466,8730,22071,Delayed
443,"Smith, Hanson and Garcia",TOJ,SLG,2026-01-30 05:18:21.187691,2026-04-07 11:45:01.907071,111,8137,44500,On Time
444,Wang-Medina,ARU,ORB,2026-03-09 18:20:41.940287,2026-02-01 03:14:56.266025,269,8832,32267,Delayed
445,Smith Inc,UPB,VXI,2026-01-07 13:25:04.808171,2026-01-09 23:01:46.306677,245,4576,19034,Cancelled
446,Harris PLC,PIG,UUO,2026-03-17 21:13:28.558981,2026-01-06 15:01:20.039297,597,9665,4038,On Time
447,Santos-Hurst,CPL,TOJ,2026-03-09 08:47:11.862083,2026-03-14 00:10:24.226489,106,9890,41536,Delayed
448,Rodriguez Group,DYM,UHK,2026-02-19 00:30:00.861408,2026-01-25 10:49:23.900562,232,4129,8730,On Time
449,Cole and Sons,JVO,VPU,2026-04-06 16:23:20.592894,2026-02-12 13:49:30.775469,426,9847,34847,Delayed
450,"Boyer, Gutierrez and Boyle",KFP,SXE,2026-03-05 19:58:59.780251,2026-04-05 18:59:21.193099,582,8554,45081,Delayed
451,"Reyes, Holland and Gregory",MZH,RZR,2026-02-16 23:09:50.078115,2026-03-17 03:32:56.267829,195,691,36731,On Time
452,"Wright, Webster and Bailey",HVM,PIC,2026-02-20 05:18:27.218153,2026-03-02 22:59:14.743956,591,8377,36837,On Time
453,Harris Inc,OIS,VZN,2026-01-10 19:30:24.870511,2026-03-23 05:41:39.246089,326,8624,49526,Delayed
454,Bolton Inc,HOG,TGY,2026-03-28 23:49:38.156235,2026-02-23 18:15:46.873515,386,7034,15164,Delayed
455,"Delgado, Macias and Lewis",NRE,HPX,2026-03-15 14:02:34.006673,2026-02-07 08:37:50.359272,218,283,30660,Cancelled
456,Stewart Group,OJV,QZD,2026-01-24 01:48:50.842338,2026-02-12 09:26:25.355896,480,5695,7526,Cancelled
457,Lopez-Johnson,MZH,AXF,2026-01-18 03:30:11.096260,2026-01-26 05:16:28.931138,53,9332,49490,Delayed
458,Thompson-Russell,RCJ,SLG,2026-03-17 18:12:54.747052,2026-04-08 06:07:05.707846,551,9756,32294,Delayed
459,Graves-Fisher,JBR,OYA,2026-03-01 15:14:00.191575,2026-02-02 07:24:45.530132,68,5516,42808,Delayed
460,"Jackson, Thomas and Meyer",RML,WPA,2026-02-26 18:39:33.759430,2026-04-05 01:22:38.189951,548,5965,45259,Cancelled
461,Nunez-Holland,ZYQ,LZQ,2026-03-28 00:06:16.683807,2026-01-26 05:26:24.344799,37,2241,29634,On Time
462,"Mora, Casey and Santos",CEK,CXD,2026-03-16 01:07:22.596367,2026-04-03 17:01:39.477893,465,2797,7239,Cancelled
463,Jones-West,ZNM,VAZ,2026-01-13 08:52:11.601196,2026-02-06 14:00:48.085124,407,772,38286,Cancelled
464,Payne and Sons,XJB,VFJ,2026-02-03 02:47:10.953233,2026-02-11 15:12:59.235777,230,6207,29008,On Time
465,Jensen PLC,LXX,TTI,2026-02-17 00:27:21.747421,2026-02-02 20:57:17.743732,164,1682,32927,Delayed
466,"Turner, Beasley and Reed",QZZ,JBR,2026-01-25 22:47:06.131893,2026-01-15 00:33:16.056717,116,8490,9591,On Time
467,Cruz-Thompson,JLM,GYR,2026-04-03 12:20:47.400168,2026-03-19 02:21:40.663323,326,9463,15830,Cancelled
468,Bush PLC,HVM,FYW,2026-01-09 06:01:29.444465,2026-01-24 06:25:18.188408,378,1551,41994,On Time
469,"Hayes, Hendricks and Wilson",RRZ,ARU,2026-01-24 09:47:09.094187,2026-01-19 04:32:28.517992,561,2708,15986,On Time
470,"Anderson, Johnson and Carter",AXF,KHA,2026-04-07 22:25:55.201456,2026-01-02 06:13:10.497408,385,6217,23495,On Time
471,Ware Inc,HZK,JVG,2026-01-29 12:16:53.633168,2026-03-16 09:18:29.504736,563,6400,27649,On Time
472,Smith-Allen,XQD,ESX,2026-03-28 19:06:30.958567,2026-01-20 19:28:42.143890,528,5975,32160,Cancelled
473,Brown-Williams,ORB,UAI,2026-03-20 14:49:59.747226,2026-02-27 10:17:24.835759,402,7991,7044,Delayed
474,Paul-Jenkins,YLF,UDQ,2026-04-01 22:05:15.359908,2026-01-06 11:28:44.415526,168,1697,31405,Delayed
475,Williams-Montgomery,FYW,FVJ,2026-02-02 05:10:07.363104,2026-02-02 21:25:54.311684,515,9888,24152,Delayed
476,Mcmahon Ltd,MZH,YLF,2026-02-12 00:54:31.626013,2026-02-11 19:37:42.903436,219,2289,3442,On Time
477,"White, Richardson and Gonzalez",HOR,PXE,2026-01-17 18:16:49.983381,2026-02-09 13:02:22.895931,576,8753,20390,Cancelled
478,Fernandez PLC,XYB,HVG,2026-03-01 09:40:35.126386,2026-03-31 22:45:06.571910,587,1927,20208,Delayed
479,Duncan-Pena,PFQ,QNT,2026-02-15 18:14:20.814775,2026-01-03 05:38:59.441909,374,1258,28343,Delayed
480,Collins LLC,YVL,JEO,2026-03-23 10:46:33.099543,2026-02-07 21:24:01.316643,86,5281,6487,Delayed
481,Taylor Group,YNZ,JDM,2026-04-04 22:08:59.291524,2026-01-07 08:56:17.962015,594,8361,32174,Delayed
482,"Acevedo, Ochoa and Holland",RFS,ORB,2026-03-07 23:18:17.846018,2026-01-26 19:35:43.216343,373,4603,13963,Delayed
483,"Colon, Brewer and Morris",DCP,HOG,2026-03-26 08:10:43.444713,2026-01-30 14:09:41.117968,225,5547,29850,On Time
484,"Long, Galvan and Yoder",NGJ,ZYQ,2026-02-26 12:01:02.800701,2026-04-06 13:14:39.189836,353,1078,37933,Delayed
485,"Lewis, Wagner and Figueroa",RZR,UNV,2026-01-25 14:46:06.315522,2026-02-20 09:36:35.146025,222,5574,14298,Delayed
486,Walters-James,UVN,LOW,2026-03-08 06:37:58.243097,2026-01-09 10:17:23.493021,521,9008,18530,On Time
487,"Benson, Caldwell and Castro",WAX,RWO,2026-03-18 09:09:12.596422,2026-03-03 22:18:35.586608,114,7320,12213,Delayed
488,Simon-Murphy,XQD,XNP,2026-01-24 07:44:14.659409,2026-01-30 22:39:01.225946,104,1266,12090,On Time
489,Gutierrez PLC,HPX,CBT,2026-03-04 16:30:31.715136,2026-02-05 19:16:10.220967,188,4774,2611,On Time
490,Rivera Group,FYW,HVC,2026-03-27 13:37:22.414217,2026-01-27 13:02:27.930516,224,3144,27450,On Time
491,Sherman-Allen,HIR,GXQ,2026-02-04 22:27:19.161601,2026-01-15 21:16:52.153841,328,683,16739,Cancelled
492,Hayes-Leonard,ZNM,DBH,2026-03-24 10:23:34.922720,2026-01-19 10:02:14.154742,568,4244,49297,Cancelled
493,Heath-Clark,JHK,OWR,2026-03-07 07:08:54.620354,2026-01-24 10:30:40.205048,143,7804,43042,Delayed
494,Crawford Ltd,WJU,HZK,2026-01-22 04:16:34.187164,2026-02-19 07:45:07.504300,519,9061,11849,On Time
495,Wilson-Williams,RRZ,TOJ,2026-03-06 23:22:51.243079,2026-01-26 05:31:01.669433,171,2821,25527,Cancelled
496,"Elliott, Rivera and Moore",QZD,SAN,2026-03-10 04:28:00.096309,2026-01-20 15:29:18.568142,474,2392,13941,On Time
497,Mckinney LLC,HGF,HZK,2026-03-13 09:38:02.183654,2026-03-03 10:04:36.616609,579,1166,46752,Delayed
498,Banks Group,QUE,XOR,2026-03-04 14:03:45.933903,2026-02-19 10:03:35.134191,149,4477,3552,On Time
499,Baldwin PLC,PIC,YSI,2026-03-17 22:29:35.155928,2026-01-01 00:23:26.781446,88,7114,13933,Cancelled
500,Anderson-Glover,JVG,NSL,2026-01-09 23:35:39.934580,2026-02-16 21:12:20.078365,301,5122,39078,Delayed
501,Hall-Hobbs,UAI,VPC,2026-01-23 17:41:08.606797,2026-02-21 20:01:41.244561,284,2380,48516,Cancelled
502,"Adams, Thomas and Lang",ZEI,DCP,2026-03-24 23:42:41.731338,2026-01-14 11:05:09.975399,265,1219,21762,Delayed
503,Anderson Ltd,RXN,VPU,2026-03-16 10:53:09.003866,2026-03-31 18:20:58.657011,446,5666,46249,On Time
504,Villanueva-Scott,JLG,DPO,2026-01-27 06:21:18.937284,2026-01-10 11:29:33.245659,196,6780,33922,Cancelled
505,Walters-Mckinney,ARU,EMQ,2026-03-01 08:58:19.386489,2026-01-17 12:20:52.892331,444,2929,6146,Delayed
506,"Lopez, Bradley and Thomas",LIW,SXE,2026-03-08 05:28:21.753927,2026-01-09 16:51:16.837319,382,5871,3787,Delayed
507,Bailey-Bell,HOG,UPB,2026-03-31 22:23:56.887793,2026-03-21 06:47:49.732202,55,4556,44666,Cancelled
508,"Jones, Hernandez and Anderson",EMT,QUE,2026-03-21 21:23:23.744135,2026-03-28 00:21:02.252978,391,2171,15158,On Time
509,"Vega, Ballard and Mills",IDD,ESX,2026-02-17 11:35:54.380862,2026-02-19 07:41:10.655251,468,3858,31650,Delayed
510,Ramirez Group,YNZ,WPA,2026-03-23 11:37:44.800272,2026-02-01 02:47:50.878722,122,7164,48322,Delayed
511,Rodriguez-Stokes,LZQ,YSA,2026-02-27 17:03:42.346627,2026-04-08 09:09:26.954154,233,6673,40100,Cancelled
512,Smith-Edwards,NRE,RWO,2026-01-06 17:17:47.150618,2026-02-21 17:23:33.761187,313,6565,15754,On Time
513,White Group,GXQ,YLF,2026-01-21 08:37:53.101890,2026-01-13 18:35:53.016499,574,3510,19055,Cancelled
514,George LLC,PIV,OTP,2026-02-04 00:47:41.679818,2026-02-24 23:24:53.531221,530,5796,6791,Delayed
515,Bell LLC,YDU,KBO,2026-03-07 10:23:50.330717,2026-02-15 12:45:38.445515,181,2682,8233,Cancelled
516,"Dunlap, Kelley and Pope",YSI,SJZ,2026-03-31 03:19:18.917330,2026-03-20 12:42:51.482509,239,1877,44171,On Time
517,Perkins-Hall,QPC,UZS,2026-03-31 15:29:32.201239,2026-03-28 13:48:20.854473,487,4141,24838,Delayed
518,Stevens-Holden,UVN,YVL,2026-02-24 09:48:40.770364,2026-04-04 08:05:08.353420,262,1866,13635,Delayed
519,"Cruz, Jenkins and Orr",DAL,DYM,2026-02-24 08:44:06.826804,2026-01-17 15:05:53.009811,67,5741,36841,Cancelled
520,Lee LLC,DDQ,UPB,2026-02-24 20:18:03.023448,2026-03-09 13:06:16.944782,427,5264,5787,On Time
521,Stout Group,BJW,EDQ,2026-03-09 14:20:49.090773,2026-02-17 22:59:37.529768,462,3921,20721,Cancelled
522,Dyer-Alvarez,SEA,HIR,2026-03-19 00:14:56.142340,2026-02-27 13:51:00.999478,563,9883,39583,Delayed
523,Potter PLC,YSA,HZN,2026-01-13 00:04:08.762172,2026-02-24 14:36:41.947141,148,5130,49616,On Time
524,Kelley-Taylor,SXE,JDM,2026-03-25 18:18:22.389030,2026-02-04 15:51:10.430424,88,1600,37390,On Time
525,Williamson-Stevens,OKN,HVM,2026-03-26 21:50:12.034672,2026-03-11 15:03:19.298889,423,9237,31160,Cancelled
526,Alexander-Gonzales,NSL,AXF,2026-01-02 14:05:27.292722,2026-03-11 23:30:57.765895,247,3301,13262,On Time
527,"George, Johnson and Miranda",LER,ZNM,2026-01-29 10:10:46.042642,2026-03-25 10:10:43.776222,37,8889,38901,Cancelled
528,"Morgan, Levy and Mason",MNZ,MOG,2026-02-13 20:38:59.968167,2026-02-08 16:44:49.525424,357,9936,16482,Delayed
529,Medina PLC,SLG,LER,2026-01-18 03:51:18.553056,2026-03-16 11:43:57.211100,44,9763,26618,Delayed
530,Reese and Sons,CYC,JBR,2026-02-22 07:42:17.427675,2026-01-10 18:38:44.513422,599,9021,7246,Cancelled
531,Pope Ltd,POL,KRW,2026-02-20 13:48:55.874141,2026-02-16 17:09:00.287415,223,2212,31855,Delayed
532,"Sanders, Mora and Lee",PIV,UUO,2026-01-21 02:13:41.158372,2026-03-12 00:06:13.786957,487,4901,38414,Delayed
533,Moore-Wells,WJU,ORB,2026-01-26 23:42:57.241033,2026-03-13 23:35:42.285069,139,1944,25482,Delayed
534,Bell LLC,XTO,ZTI,2026-03-01 12:26:44.072567,2026-01-06 14:57:40.968511,339,4767,38524,On Time
535,Wallace-Morton,MWN,QNT,2026-03-26 10:09:21.161245,2026-01-29 10:53:04.634511,181,6265,3792,On Time
536,"Hubbard, Martinez and Rangel",OIS,PFQ,2026-02-15 19:57:15.024380,2026-02-14 10:37:37.411618,418,6513,48761,Delayed
537,Dominguez Inc,KLN,GYR,2026-02-26 20:04:58.103901,2026-01-19 18:04:17.104790,222,4479,13387,Cancelled
538,Johnson-Hall,HPX,VXI,2026-02-12 00:50:06.502505,2026-01-04 00:52:33.176824,451,7380,4321,Delayed
539,Phillips Inc,DAL,XTO,2026-02-21 20:36:52.052425,2026-04-01 22:52:05.229649,584,7039,45615,On Time
540,Hill PLC,VXI,BZQ,2026-02-15 04:47:07.014469,2026-01-30 10:32:56.089233,86,3788,12664,Delayed
541,"Bailey, Mitchell and Porter",EDQ,SJZ,2026-01-01 19:37:02.648843,2026-03-15 04:58:01.466796,44,4697,47037,Cancelled
542,Hernandez Ltd,JQG,RFS,2026-01-24 01:42:20.140569,2026-01-25 09:23:13.561858,422,9607,42398,Delayed
543,Hayden-Miller,VHB,WPA,2026-02-13 05:55:39.726959,2026-02-24 07:52:41.125771,318,5757,22638,Delayed
544,Lee LLC,BZQ,VLU,2026-04-01 20:06:21.057832,2026-01-03 01:41:18.577857,278,7111,45965,Cancelled
545,Coleman-Marshall,OJV,MZH,2026-03-04 18:07:03.135250,2026-01-11 07:33:23.800738,296,4967,9782,Delayed
546,Johnson-Jackson,DNK,ZIB,2026-02-09 05:41:30.803856,2026-01-25 20:19:27.709435,174,2521,3918,Delayed
547,"Mercado, Hernandez and Lopez",HOR,EMQ,2026-04-06 22:46:37.195748,2026-01-23 09:58:45.534638,330,2903,8552,Delayed
548,"Ross, Martin and Bennett",PTQ,EDQ,2026-02-19 19:37:16.697104,2026-02-10 19:31:39.881675,222,256,41219,Cancelled
549,Smith and Sons,VLU,FCG,2026-02-26 17:47:59.245717,2026-02-21 00:04:18.774277,393,8237,37015,Delayed
550,Shah-Harris,JHK,QFJ,2026-03-25 00:36:47.101717,2026-03-28 19:52:56.872097,192,7255,26157,On Time
551,Franklin and Sons,DPO,QZD,2026-02-06 14:57:55.960240,2026-03-18 09:33:23.318554,179,7342,17234,Delayed
552,Richardson-Roberts,SAN,FIA,2026-01-06 21:21:00.958595,2026-03-28 22:59:33.327694,430,6803,32243,Cancelled
553,"Ramsey, Branch and Wolfe",HUX,UPB,2026-03-27 05:19:54.434184,2026-02-25 06:04:19.715601,315,7425,35468,Delayed
554,"Ward, Jackson and Banks",VPU,ZEI,2026-02-23 05:28:11.833829,2026-02-25 04:55:46.083464,596,2484,40628,On Time
555,Watkins-Price,OTP,ISQ,2026-03-18 10:29:54.403297,2026-02-07 15:18:11.378720,400,7330,35828,Delayed
556,Long Ltd,MGR,MZH,2026-01-14 01:40:44.576047,2026-03-07 05:22:12.235887,119,1646,24904,Cancelled
557,Stevens and Sons,POL,SEA,2026-01-16 00:22:00.999590,2026-01-06 23:39:26.250545,152,334,44236,Cancelled
558,Brown-Russell,WUT,JBR,2026-02-20 22:26:00.197261,2026-04-02 06:58:39.170796,310,7007,28470,Delayed
559,"Davis, Lee and Hall",HVG,PTQ,2026-04-06 13:46:35.773628,2026-01-10 16:34:03.261854,498,5696,29510,On Time
560,Alexander-Martin,UUO,KRW,2026-03-09 22:08:51.885216,2026-02-27 22:41:19.418843,145,3808,47616,On Time
561,"Price, Murphy and Miller",WMQ,VXI,2026-03-01 01:10:05.130543,2026-01-20 13:39:16.568279,599,658,30603,Delayed
562,"Walker, Wood and Shaw",CPL,TGY,2026-03-30 19:52:06.257473,2026-01-09 02:18:10.312631,571,6587,19298,On Time
563,Williams Group,XTO,KLN,2026-03-25 22:49:25.139676,2026-01-16 14:00:14.022772,279,9981,14992,Delayed
564,Logan PLC,SXE,HZK,2026-03-25 09:33:42.361506,2026-03-20 16:13:45.955631,436,1711,49420,On Time
565,"Price, Gonzalez and Guzman",JHK,HWX,2026-04-01 00:16:58.564623,2026-03-28 14:26:21.855371,451,5936,49105,On Time
566,Dawson PLC,JBR,UVN,2026-01-28 09:14:08.906180,2026-02-03 05:20:59.664629,440,6754,14209,Delayed
567,"Lowe, Sandoval and Tate",AXF,NPR,2026-02-16 00:36:50.095948,2026-04-06 13:43:42.123443,447,7528,44574,Delayed
568,Williams Inc,ORB,FYW,2026-01-09 23:00:09.854884,2026-03-26 23:33:18.064862,171,5048,10027,Cancelled
569,Williams-Mendoza,VPU,MAF,2026-02-10 14:00:22.619419,2026-03-22 07:19:06.160830,599,3593,18275,Cancelled
570,"Miranda, Garcia and Mitchell",PXE,OKN,2026-02-28 20:09:27.919933,2026-02-25 01:04:57.737843,76,7072,17099,On Time
571,"Mckee, Munoz and Cooper",JQG,NLB,2026-04-01 15:27:20.757546,2026-01-09 08:20:09.908827,599,8873,29861,Cancelled
572,Glover-Lynch,HIR,QEH,2026-02-24 00:38:39.114579,2026-01-27 12:40:26.875855,142,6705,35593,Delayed
573,"Collins, Chapman and Jones",XQD,VAA,2026-02-22 03:04:14.324438,2026-04-03 04:32:35.320397,544,8999,44917,Cancelled
574,Bauer-Moore,FVJ,MVU,2026-01-26 14:52:25.128040,2026-02-11 20:37:33.927147,31,4294,46455,On Time
575,"Ortiz, Lowe and Hurley",GYR,YNZ,2026-03-11 22:11:08.015555,2026-01-29 04:38:09.700865,585,3663,9990,On Time
576,Silva PLC,RXN,YNZ,2026-02-16 21:32:50.398069,2026-01-18 19:36:37.800225,277,9370,47934,Delayed
577,"Sandoval, Salazar and Jones",CKO,WAX,2026-01-12 11:35:21.957677,2026-01-07 23:40:40.444850,242,9763,4048,Cancelled
578,Duffy-Parker,WJU,QFJ,2026-04-02 04:36:57.606776,2026-02-14 16:00:38.012693,575,3374,34655,On Time
579,"Miller, Smith and Ford",BZQ,VZN,2026-01-20 17:16:31.293800,2026-02-27 07:04:12.119174,329,9775,11945,Delayed
580,Nelson-Kemp,MOG,SEA,2026-01-28 11:22:39.866773,2026-01-10 01:14:19.000081,77,668,29302,Cancelled
581,Colon PLC,UHK,JLG,2026-03-22 22:10:24.136492,2026-01-12 22:39:12.314577,62,986,21638,On Time
582,Cooper-Carlson,COF,ZIB,2026-01-17 16:18:07.221900,2026-04-07 00:42:49.301839,224,9115,2958,Delayed
583,Pugh-King,FFE,SJZ,2026-03-15 07:55:40.274372,2026-04-03 12:29:14.207264,537,9038,12466,Cancelled
584,"Mendoza, Fuller and Escobar",ZUD,DVE,2026-02-11 15:14:27.058412,2026-03-16 07:43:22.658222,56,3152,12000,Delayed
585,"Montoya, Johnson and Baldwin",JEO,UHK,2026-01-17 16:58:32.893644,2026-03-16 10:52:55.497474,160,6635,35952,Cancelled
586,Mclaughlin-Taylor,HWX,JLM,2026-02-28 17:36:09.099437,2026-03-06 12:33:04.564422,361,7420,46129,Delayed
587,Flynn-Jones,HZN,QAA,2026-03-28 20:57:38.873278,2026-01-25 16:09:12.231226,415,2897,6248,Delayed
588,"Baker, Li and Ortega",ZIB,FYW,2026-03-08 20:31:16.590263,2026-03-16 04:56:27.118297,63,3293,23171,Cancelled
589,Cooper PLC,DAL,VZN,2026-01-25 19:15:33.633051,2026-01-28 18:14:54.802867,50,6557,48568,On Time
590,Taylor-Coleman,WPA,OKT,2026-01-13 11:02:01.617897,2026-01-21 19:53:32.129481,521,8781,2616,On Time
591,Mendoza and Sons,CFB,QZZ,2026-01-22 21:58:49.243570,2026-03-12 14:13:13.238149,379,5257,21867,On Time
592,"Fitzgerald, Mcgee and Singleton",OWC,PIG,2026-03-03 16:54:24.715630,2026-02-07 21:46:14.680588,238,7133,25735,On Time
593,Simon Group,QST,FCG,2026-03-10 22:04:55.929018,2026-04-02 09:09:40.960572,126,9038,30075,Cancelled
594,Hunt Ltd,MNZ,QZZ,2026-01-01 18:07:43.344466,2026-01-01 21:51:54.990507,596,8639,24452,On Time
595,Murphy and Sons,HZN,DPO,2026-02-15 20:55:36.902098,2026-03-23 06:16:30.903783,269,3969,10396,On Time
596,Benitez-Perez,VPU,TGY,2026-03-18 14:13:04.735055,2026-01-09 03:01:40.785469,486,8437,19573,On Time
597,Harris PLC,VFJ,CXD,2026-03-03 18:49:16.387509,2026-01-20 09:11:15.910242,588,4459,28816,Cancelled
598,"Jenkins, Mendoza and Anderson",CPL,FFE,2026-03-16 08:10:41.499381,2026-03-09 22:19:32.874907,308,1123,9679,Cancelled
599,Pennington-Mcdowell,PFQ,SJZ,2026-02-18 07:32:15.612070,2026-01-27 18:33:53.605888,408,6355,43918,Delayed
600,Jones Inc,LIW,QAA,2026-02-28 22:50:32.427274,2026-01-09 05:31:15.044452,389,9075,7446,On Time
601,Davis Group,OIS,CXD,2026-02-12 12:08:14.006141,2026-01-29 14:08:53.255662,576,8814,36085,Delayed
602,"Collins, Wood and Baker",SEA,OWR,2026-04-06 13:05:38.974964,2026-01-04 00:25:04.901035,277,8292,37272,Cancelled
603,Moore PLC,SAZ,POL,2026-03-17 11:20:22.599424,2026-01-14 01:55:51.136341,483,8984,48916,On Time
604,Ashley-Johnson,LFV,AJM,2026-01-08 08:15:45.588214,2026-03-30 15:52:47.028019,37,4836,48445,Delayed
605,Rice Ltd,CEK,TOJ,2026-01-11 02:42:01.169977,2026-03-01 16:16:27.890387,455,4655,37759,On Time
606,"Patton, Chang and Garcia",QZZ,ZTI,2026-03-24 03:34:21.448287,2026-01-11 08:54:44.477961,194,950,49555,Cancelled
607,"Torres, York and Rodriguez",YSI,PTQ,2026-03-20 09:54:00.348511,2026-04-01 19:58:11.613861,67,8725,46340,Cancelled
608,Wright Ltd,ZNM,AXF,2026-02-09 09:14:26.766028,2026-02-17 04:37:27.223577,258,9037,31472,On Time
609,"Webb, Henderson and Cain",MOG,XRZ,2026-02-22 03:57:23.599963,2026-02-13 11:14:02.732756,426,7762,35711,Cancelled
610,Smith and Sons,UDQ,LER,2026-01-27 05:16:40.192071,2026-03-28 19:02:21.716195,430,6069,11410,On Time
611,French LLC,GXQ,OJV,2026-04-03 00:27:16.048070,2026-01-14 23:09:56.588195,311,9538,13398,Delayed
612,"Shannon, Pacheco and Harmon",ORB,JEA,2026-02-15 23:51:28.776057,2026-01-01 23:52:11.001328,32,6537,29265,On Time
613,Williams PLC,NLB,YDU,2026-02-10 19:32:00.120793,2026-01-25 05:54:59.153058,151,7119,24439,Delayed
614,Taylor-Sweeney,BJW,ZNM,2026-01-19 11:50:08.837502,2026-02-08 07:10:37.771784,224,4794,15866,Delayed
615,Johnson and Sons,WJU,CYC,2026-02-24 22:31:13.491346,2026-01-18 05:41:24.485597,240,4860,24846,On Time
616,"Ballard, Andrews and Morse",AAU,NRE,2026-01-15 05:08:45.052226,2026-02-22 22:52:05.086552,203,9652,14005,On Time
617,Watson-Thomas,GYR,SFR,2026-04-07 07:58:29.837488,2026-03-27 11:09:09.379848,598,8421,25501,Cancelled
618,Kim-Hill,DDQ,VZN,2026-03-09 15:00:06.833874,2026-01-04 21:46:37.971163,59,1651,27154,Cancelled
619,"Brown, Parks and Taylor",LXX,FPG,2026-01-25 01:20:26.034047,2026-01-26 21:21:31.249052,119,1755,5208,Cancelled
620,"Li, Campbell and Garcia",ZEI,HVM,2026-02-14 04:14:47.792486,2026-03-11 23:30:23.992014,397,3929,44248,Delayed
621,Ross-Gonzalez,BJD,ZUD,2026-04-03 01:32:09.253443,2026-03-28 12:09:23.360247,86,7421,15314,On Time
622,Adams-Harmon,HVG,FCG,2026-03-16 10:39:33.354802,2026-01-06 14:40:14.030829,180,9748,6182,Cancelled
623,"Day, Green and Mcneil",OYA,HOG,2026-03-18 02:59:11.333924,2026-02-06 11:59:44.832517,257,3749,28392,On Time
624,Johnson PLC,VFJ,UUO,2026-01-07 06:20:48.762415,2026-02-13 10:18:32.383313,320,5528,3158,Delayed
625,Simon and Sons,QZD,BJD,2026-03-16 12:17:30.901845,2026-04-04 12:35:39.805856,439,7124,43353,Cancelled
626,"Butler, Hamilton and Dean",JDM,WAX,2026-01-11 09:29:42.442806,2026-01-18 18:56:54.728543,59,283,16099,On Time
627,"Wolfe, Morgan and Bradley",NPR,YTN,2026-03-06 17:53:15.819095,2026-02-06 22:23:29.955053,97,3233,10911,On Time
628,"Smith, Reed and Perez",JBR,TOJ,2026-01-18 06:51:53.369576,2026-01-02 22:17:40.643552,495,2767,8647,On Time
629,"Nunez, Brown and Navarro",MAF,HVC,2026-03-12 21:20:31.353045,2026-03-18 04:09:49.482479,442,7369,47571,On Time
630,Cook Ltd,UZS,DFB,2026-01-18 10:23:07.275100,2026-02-26 04:04:30.258487,444,786,10789,On Time
631,"Harrison, Taylor and Lara",XTO,PXE,2026-03-26 12:19:01.566852,2026-01-01 16:47:00.223549,267,2179,45429,Delayed
632,"Hansen, Nunez and Wong",NRE,QZZ,2026-01-08 10:14:13.489559,2026-03-12 13:02:25.946060,482,6996,30143,Cancelled
633,"Dennis, Phillips and Figueroa",OKN,EDQ,2026-03-16 16:12:16.083373,2026-04-06 05:05:27.248493,228,9623,43371,Delayed
634,Garcia Ltd,XJB,FFE,2026-03-11 09:09:18.201401,2026-01-01 13:58:28.984928,31,407,44977,Cancelled
635,"Finley, Carter and Flynn",VLU,HPX,2026-01-11 10:32:39.577331,2026-03-27 08:11:19.627495,377,925,22875,On Time
636,"Hartman, Friedman and Brown",JLG,ZSP,2026-04-05 12:27:57.227406,2026-01-31 11:48:40.340709,592,1424,10287,On Time
637,Winters PLC,BJW,FIA,2026-02-07 03:17:34.583707,2026-03-18 04:13:04.379487,574,4336,20655,On Time
638,"Ortega, Montgomery and Dixon",AAU,QAA,2026-03-27 01:02:50.727135,2026-02-16 04:38:25.105193,210,8325,37497,Delayed
639,Aguirre-Fitzgerald,ISQ,ZUD,2026-01-23 03:33:05.205346,2026-01-11 08:00:48.085832,103,950,2572,Delayed
640,Edwards-White,NPR,ESX,2026-03-07 19:25:47.988707,2026-03-30 06:24:05.638639,301,6222,44683,Cancelled
641,Richards-Cherry,XNP,VZN,2026-03-14 18:40:03.644572,2026-03-25 07:51:26.008828,558,9606,25273,Delayed
642,Robinson Ltd,ANH,XQD,2026-02-14 10:16:26.627129,2026-01-26 15:37:19.997702,289,7551,21953,On Time
643,Dunn-Williams,FIA,SFR,2026-03-04 09:19:40.201765,2026-01-18 08:25:37.092125,381,3166,9382,On Time
644,Sanford Group,JLG,NRE,2026-02-15 08:59:36.672180,2026-03-26 14:55:58.206629,507,5921,25030,Cancelled
645,"Sullivan, Boyle and Gallegos",YVL,VXI,2026-03-19 07:36:43.291696,2026-02-09 20:03:25.183619,104,762,30333,On Time
646,"Hanson, Stevenson and Valdez",CXD,OIS,2026-03-05 06:23:33.978312,2026-02-19 07:26:04.502259,590,3277,24955,Cancelled
647,Holder PLC,FYW,LER,2026-03-19 01:29:29.420298,2026-02-01 17:23:59.377891,127,2792,8747,On Time
648,"Hamilton, Armstrong and Miller",UZS,TRV,2026-03-09 18:20:29.166703,2026-01-05 01:31:46.671516,590,3364,26761,Cancelled
649,Ray-Conner,FVJ,LOW,2026-04-06 05:06:14.474601,2026-04-01 09:58:26.122401,393,712,30056,Delayed
650,Woods-Jones,CBZ,SFR,2026-02-13 07:27:48.226462,2026-02-15 15:58:20.049906,141,5078,26545,Cancelled
651,Le Ltd,MVU,LOW,2026-03-02 12:28:35.710431,2026-01-29 16:13:18.554655,451,8689,25707,On Time
652,Maxwell-Perry,KBO,AXF,2026-03-17 06:12:42.336286,2026-03-21 06:05:55.513089,220,3713,3390,On Time
653,"Smith, Byrd and Lee",NYP,EMT,2026-03-13 07:40:58.710647,2026-02-22 04:46:29.549472,416,8753,23250,Cancelled
654,Lyons Inc,PFQ,HVG,2026-01-14 23:26:07.876498,2026-02-15 23:56:56.036351,272,4812,41439,Delayed
655,Williams-Perez,ESX,VHB,2026-03-09 11:02:56.294914,2026-03-24 01:04:02.542059,162,6332,44869,On Time
656,Gordon-Page,DCP,HUX,2026-01-27 20:55:07.012964,2026-02-15 18:16:11.675058,399,2163,42569,On Time
657,"Crawford, Rodriguez and Webb",CBZ,QZZ,2026-01-16 19:17:46.660679,2026-03-13 12:13:16.571571,458,2890,35626,Cancelled
658,Reynolds-Morton,RFL,NLB,2026-02-23 15:27:53.358970,2026-02-12 20:14:23.418368,180,8394,35786,Delayed
659,Mills-Freeman,FVJ,DNK,2026-02-06 09:19:11.878053,2026-01-29 21:41:43.847648,202,4166,23889,On Time
660,Chang-Williams,FCG,HVG,2026-03-31 12:16:35.641643,2026-01-10 09:33:53.725502,187,2347,2298,On Time
661,"Williamson, Elliott and Rodriguez",HWX,BJW,2026-03-10 08:32:14.825951,2026-03-30 19:44:25.993345,40,7574,41872,Cancelled
662,Williamson-Torres,AXF,XRZ,2026-01-23 10:08:06.201892,2026-02-19 23:19:31.375477,544,6856,36808,On Time
663,Sims-West,PXE,YNZ,2026-01-06 08:32:59.266387,2026-02-02 07:53:19.885779,171,7615,49558,Delayed
664,Ross Group,YSA,JBR,2026-01-23 16:26:43.908998,2026-02-05 07:38:55.217793,341,4900,37551,Cancelled
665,"Ramos, Coleman and Murray",HPX,RFS,2026-03-28 15:33:17.936706,2026-03-28 03:58:52.583965,344,6280,35389,On Time
666,Arnold Inc,OYA,DCP,2026-01-07 00:42:55.759758,2026-02-13 05:11:25.184601,112,8053,13921,On Time
667,Taylor PLC,DCP,UUO,2026-02-15 17:16:56.111812,2026-01-05 09:45:11.773733,470,5052,8138,Delayed
668,Salazar-Potter,XRZ,YDU,2026-03-13 09:21:46.539399,2026-01-16 20:45:08.671417,456,3715,29499,On Time
669,"Smith, Cooper and Cruz",CBT,UVN,2026-01-15 02:06:46.171275,2026-03-15 18:36:56.140450,281,7332,45875,Delayed
670,Russell and Sons,PIV,HOG,2026-04-02 11:58:08.769635,2026-02-24 08:18:42.315731,510,489,24363,Delayed
671,"Howard, Kirby and Manning",BJD,JQG,2026-02-18 13:53:23.180544,2026-02-28 13:03:38.890539,52,9194,35497,Cancelled
672,Todd Ltd,QAA,RXD,2026-04-07 01:04:28.631212,2026-04-07 06:01:53.662509,285,1128,44919,On Time
673,"Little, Matthews and House",LIW,UDQ,2026-01-09 04:18:48.644436,2026-01-26 11:52:11.019110,169,285,32826,Delayed
674,Williams LLC,CPL,OLP,2026-03-17 02:57:29.046829,2026-02-04 00:06:18.871153,138,1649,4994,Delayed
675,"Daniels, Mitchell and Cuevas",OJV,NPR,2026-03-25 22:04:08.124470,2026-01-26 01:25:28.943288,79,7560,12541,Cancelled
676,"Williams, Yoder and Beard",BJW,UNV,2026-03-03 15:59:27.519170,2026-03-19 22:57:55.438471,449,9456,48910,Delayed
677,Cervantes Inc,VXK,FPG,2026-03-22 08:42:29.615088,2026-01-23 02:35:04.733904,520,3788,44825,Delayed
678,Ruiz Ltd,BJD,HPX,2026-03-11 17:40:50.147397,2026-01-28 06:40:25.496638,374,4594,22511,Cancelled
679,Morgan-Cuevas,XYB,HIR,2026-03-14 00:26:18.658338,2026-01-19 06:04:25.584906,579,2276,20315,Cancelled
680,Parker and Sons,LFV,IUM,2026-02-27 01:26:33.338928,2026-02-06 15:15:20.668418,51,3133,18780,Delayed
681,Chapman Inc,VBS,YSA,2026-01-24 15:10:50.302187,2026-03-21 07:25:26.417341,230,331,27481,On Time
682,Velasquez Group,AJM,CXD,2026-04-05 22:25:14.257529,2026-02-23 18:44:20.685246,253,7602,13404,Delayed
683,Brown-Ford,GHQ,DNK,2026-03-08 18:43:13.919718,2026-01-05 19:08:46.109014,450,5292,39567,Delayed
684,"Bryant, Faulkner and Coleman",HUX,JDM,2026-02-14 15:43:05.989140,2026-01-10 15:13:54.041808,279,6049,28987,Cancelled
685,"Dunn, Smith and Sandoval",QAA,CFB,2026-02-28 03:09:34.175610,2026-03-08 13:47:19.300152,95,4872,47225,On Time
686,"Anderson, Paul and Sanders",SLN,OYA,2026-01-19 19:24:09.936851,2026-03-24 01:13:34.539754,550,8764,23995,Delayed
687,West PLC,MAF,ANH,2026-01-12 12:27:55.129581,2026-04-04 03:10:46.152324,376,1330,19614,Cancelled
688,"Gordon, Ferrell and Perez",HVM,OJV,2026-01-10 14:46:38.728617,2026-02-01 03:46:13.776764,384,3086,32342,Delayed
689,Singleton and Sons,AOQ,HWX,2026-02-27 04:46:30.897727,2026-03-14 01:00:06.880897,174,4703,16414,On Time
690,Smith LLC,UNV,VFJ,2026-01-17 00:46:54.716780,2026-04-02 22:09:05.006443,489,7426,11349,Cancelled
691,Hayes Ltd,ISQ,KFP,2026-02-28 11:44:10.131980,2026-03-11 02:44:31.854319,39,1584,13584,Delayed
692,"Cohen, Murphy and Turner",VXK,UHK,2026-02-12 11:42:04.942096,2026-02-25 01:13:50.708499,424,7837,3724,Cancelled
693,Beard-Martinez,UVN,SLG,2026-03-23 10:08:49.214957,2026-02-17 04:27:06.429436,432,5688,29814,Delayed
694,Hansen-Williams,SFR,GQT,2026-01-29 23:48:16.752981,2026-01-12 05:11:08.102092,481,9241,6230,On Time
695,Trujillo-King,MZE,PIG,2026-01-21 00:14:03.737081,2026-01-06 08:50:33.054291,137,2777,39316,Delayed
696,Rice and Sons,AXF,VAA,2026-03-17 00:02:51.818606,2026-01-11 03:37:49.561458,460,348,32497,Cancelled
697,Williams Inc,VPC,VZN,2026-03-23 16:37:57.714095,2026-02-27 15:30:20.482876,131,5698,38633,Delayed
698,Wolfe-Coleman,JHK,HGF,2026-02-23 13:39:48.297583,2026-03-09 07:34:07.284613,376,7845,11578,Delayed
699,Castro-Barnett,HOG,VAA,2026-03-17 03:48:43.321806,2026-03-24 06:01:00.210053,282,446,22527,Delayed
700,Johnson-Watson,DYM,UVN,2026-02-28 19:53:54.239506,2026-02-28 23:45:33.989044,55,400,25402,On Time
701,Burke-Nielsen,OIN,JLG,2026-01-20 21:37:39.940178,2026-03-25 04:05:27.996818,388,8943,40253,Cancelled
702,"Bird, Hall and Jefferson",DAL,VHB,2026-03-02 10:08:27.231118,2026-03-31 21:43:06.486206,444,6539,48319,Cancelled
703,Evans Ltd,PTQ,BIL,2026-01-09 10:51:00.156719,2026-02-14 17:17:42.678703,437,5336,23049,On Time
704,James Ltd,YSI,SEA,2026-02-18 05:14:43.044103,2026-01-26 13:12:08.124898,408,7046,15580,On Time
705,Williams LLC,DFB,HPX,2026-01-09 12:21:47.961946,2026-01-20 06:59:05.660570,202,8181,22412,Delayed
706,Ray-Coleman,LZQ,XRZ,2026-02-20 23:04:52.627100,2026-02-23 17:15:20.417136,527,9916,9430,On Time
707,"Phelps, Lewis and Shaw",CKO,UVN,2026-01-22 00:26:47.725783,2026-01-02 05:09:56.745767,492,2232,25158,On Time
708,"Jordan, Schwartz and French",XQD,PIG,2026-03-25 12:31:44.781188,2026-03-27 06:53:41.368366,215,6090,2501,Delayed
709,"Osborne, Mitchell and Stanton",IAL,PIV,2026-03-25 01:35:56.608027,2026-02-02 04:24:33.557360,366,1306,39685,Delayed
710,"Brooks, Williams and Cook",ZEI,HVM,2026-02-21 23:19:01.158284,2026-03-05 13:44:57.585181,451,8542,37354,Delayed
711,Stuart-Mosley,FYW,YLF,2026-01-22 07:36:39.666204,2026-03-25 18:35:04.562192,260,8397,15304,Cancelled
712,Hughes-Gardner,VXK,EMQ,2026-03-30 08:33:59.891006,2026-03-22 04:23:51.932409,264,3566,14826,Delayed
713,Lowe Group,ARU,MZH,2026-02-21 02:54:19.867927,2026-03-22 20:50:18.443603,44,1978,28830,Delayed
714,Simpson-Stone,YTN,CBT,2026-03-29 15:41:29.953641,2026-02-25 23:53:48.727264,575,2296,20843,On Time
715,Russell-Miller,RZR,VPZ,2026-02-22 08:58:05.401862,2026-03-24 02:44:24.722290,464,7166,26614,Delayed
716,Kelly-Calhoun,UZS,PIC,2026-03-05 01:02:36.911525,2026-02-26 02:44:25.105032,351,9256,7029,Cancelled
717,Gomez-Johnson,ISQ,DVE,2026-03-06 13:57:24.727210,2026-03-18 04:49:27.008371,537,9065,14675,On Time
718,Phillips-Johnson,PXE,RZR,2026-03-04 18:34:49.304247,2026-01-14 08:21:10.396090,590,5468,37719,Cancelled
719,"Sanders, Sanders and Gonzalez",FFE,JBR,2026-03-19 03:54:26.658881,2026-01-03 18:59:51.222898,119,427,49723,Delayed
720,Shaw Inc,GXQ,ZIB,2026-02-22 11:15:04.742515,2026-03-05 03:12:38.592289,452,7365,26050,Cancelled
721,Rodriguez Inc,OLP,VPC,2026-03-22 07:12:14.010788,2026-02-05 21:27:38.129606,539,4450,20492,Delayed
722,"Russell, Hodges and Vang",BZQ,HUX,2026-04-02 18:59:39.321114,2026-02-26 21:10:23.679433,428,4944,38907,Delayed
723,Lyons PLC,QNT,BIL,2026-01-08 20:24:43.010344,2026-01-25 09:11:59.736087,320,9327,20145,Cancelled
724,Hall Ltd,LIW,VPC,2026-02-11 16:42:45.241649,2026-01-18 07:30:01.606215,599,4546,36100,Delayed
725,Lee Group,CEK,QPC,2026-03-21 23:45:27.124119,2026-01-20 18:14:21.897589,74,4936,15866,Delayed
726,Mitchell LLC,UAI,OWR,2026-02-26 09:52:00.432814,2026-01-11 20:14:22.467028,64,4252,35756,Delayed
727,Pierce and Sons,MOG,ORB,2026-01-29 02:35:51.963062,2026-03-17 21:35:45.463393,197,4185,41823,Delayed
728,"Proctor, Williams and Taylor",SAZ,VBS,2026-01-13 23:24:35.957624,2026-04-02 14:59:25.979801,44,2656,20148,On Time
729,Bradshaw and Sons,HOR,CFB,2026-02-01 21:20:11.617508,2026-03-01 02:48:51.052382,333,2604,2554,Cancelled
730,Garcia Ltd,HFX,TOJ,2026-02-06 10:52:41.078474,2026-01-05 11:48:01.283371,32,9806,38900,Delayed
731,Mcguire-Leach,VXK,LXX,2026-02-10 20:21:20.578752,2026-01-24 19:10:20.175058,327,910,6645,Cancelled
732,Cervantes PLC,CEK,PIG,2026-02-03 09:18:11.843651,2026-02-19 12:31:30.135099,178,9079,7343,On Time
733,Richardson-Floyd,EDQ,XNP,2026-01-12 20:39:44.361804,2026-03-11 22:11:47.245243,143,9870,4282,On Time
734,Williams Ltd,SLG,RXN,2026-03-21 14:01:52.050129,2026-02-27 04:00:20.101448,376,943,14370,On Time
735,Snyder-Hansen,QFJ,OIS,2026-03-16 23:49:30.991551,2026-03-07 02:39:16.459282,461,5111,13221,On Time
736,Taylor LLC,VHB,GYR,2026-03-27 11:38:42.875990,2026-02-23 15:55:40.087993,308,6815,36600,On Time
737,"Ellis, Jackson and Alexander",DPO,JQG,2026-01-08 01:50:14.597547,2026-02-03 00:18:23.705333,178,5840,41761,Cancelled
738,Olson-White,NYP,XYB,2026-03-23 15:37:10.952287,2026-01-18 09:16:29.171093,175,2113,46608,Delayed
739,Coleman-Anderson,OKT,HOG,2026-03-26 22:48:30.571773,2026-02-22 22:10:31.718225,424,4091,22847,Cancelled
740,French Inc,FFE,HZK,2026-02-23 12:39:58.456850,2026-03-22 15:25:13.102824,490,348,36261,Delayed
741,"Sanders, Charles and Oconnell",DYM,QUE,2026-02-05 00:46:43.126178,2026-01-21 17:58:29.918104,296,3367,28345,Delayed
742,"Smith, Palmer and Clark",NYP,RFS,2026-02-01 19:38:00.679180,2026-03-27 06:20:13.334819,485,4994,2794,Cancelled
743,Wilson Group,QNT,LOW,2026-04-05 09:27:32.949015,2026-01-16 02:04:08.306598,432,3884,38329,On Time
744,Huang-Dixon,KLN,EDQ,2026-03-15 09:38:33.586503,2026-01-14 20:06:46.212404,173,5393,20226,Cancelled
745,Hicks-Mills,LIW,SLN,2026-01-22 22:17:10.563780,2026-04-03 22:32:21.957244,447,2009,44313,Delayed
746,"Sullivan, Francis and Romero",FCG,CYC,2026-03-26 02:51:53.799741,2026-02-22 16:26:00.744287,306,2440,28758,Cancelled
747,Griffith PLC,DAL,SFR,2026-03-26 15:39:27.559895,2026-02-10 19:18:45.258455,504,7377,15986,Cancelled
748,"Thompson, Butler and Wilson",TGY,HFX,2026-01-04 08:22:09.129624,2026-02-19 12:06:08.887008,217,6968,25195,On Time
749,Lopez Group,MWN,GYR,2026-02-27 01:12:39.159560,2026-03-03 18:22:52.000864,515,1103,38384,On Time
750,Porter Ltd,SAZ,CPL,2026-02-05 06:17:57.505319,2026-03-07 01:37:23.989183,196,6357,27240,Delayed
751,Liu-Carson,NPR,XJO,2026-01-02 11:23:39.998938,2026-02-07 08:52:22.263048,322,2385,2967,On Time
752,"Hill, Sweeney and Thomas",FYW,JEA,2026-02-23 12:54:12.510445,2026-02-13 03:51:56.134263,105,5714,13422,Delayed
753,"Weber, Mcguire and Barnes",AMB,WAX,2026-02-02 00:29:04.362258,2026-01-30 20:35:32.684216,54,8180,3340,On Time
754,"Bradley, Payne and Smith",XRZ,VPZ,2026-01-07 21:30:08.782772,2026-03-05 16:16:14.467770,412,8994,40499,Delayed
755,Marquez Group,HVG,UAI,2026-02-01 13:07:43.281014,2026-04-07 16:24:41.341899,485,1954,4975,Cancelled
756,Robinson Inc,WPA,VPC,2026-04-01 03:13:06.091369,2026-02-09 05:01:33.884344,42,1226,30991,Cancelled
757,Martin-Rios,DCP,XOR,2026-01-12 05:04:11.648106,2026-01-11 02:59:18.180626,600,9298,17325,Delayed
758,Pena-Carter,VPZ,ORB,2026-01-14 03:02:59.949763,2026-01-20 09:46:09.275275,499,7953,30000,Cancelled
759,Peterson Group,HZN,GXQ,2026-01-21 13:21:23.877747,2026-04-01 09:46:19.856545,499,6133,36723,Cancelled
760,Nunez and Sons,CPL,OWC,2026-03-15 16:01:07.161405,2026-04-08 01:42:33.751014,589,865,36973,On Time
761,"Sullivan, Kelly and Barr",HGF,DBH,2026-01-19 16:49:33.726703,2026-03-18 02:01:06.653882,191,3397,28816,On Time
762,Castillo-Walker,DCP,UNV,2026-01-26 14:25:44.265524,2026-01-24 00:41:48.227337,506,5996,36701,Delayed
763,"Eaton, Mcbride and Wilcox",BZQ,SLN,2026-01-15 06:56:16.607810,2026-03-03 06:58:43.027098,376,9201,34765,Cancelled
764,"Armstrong, Davis and Harris",ISQ,GHQ,2026-04-07 08:16:15.198901,2026-04-03 22:43:08.108899,488,1267,24448,Cancelled
765,Stewart-Crawford,YDU,HGF,2026-02-15 08:29:02.421271,2026-03-15 05:17:51.863124,365,9120,37902,Cancelled
766,White Group,DHB,QAA,2026-01-09 01:31:33.960974,2026-01-10 21:43:32.276375,418,1240,8545,Delayed
767,"Davis, Taylor and Moreno",LER,IUM,2026-01-12 13:48:33.805261,2026-02-16 00:42:08.613507,425,3928,36932,Delayed
768,Smith Ltd,RML,GHQ,2026-04-04 06:59:33.760486,2026-02-13 08:41:52.951615,326,2622,25684,Delayed
769,"Nunez, Moody and Reeves",IUM,DAL,2026-02-17 20:50:27.744503,2026-01-04 06:14:42.658128,119,7571,30168,Cancelled
770,"Terry, Gonzalez and Vasquez",HZK,KRW,2026-01-13 04:43:21.204555,2026-03-21 19:55:03.621421,80,8216,27034,On Time
771,"Francis, Garcia and Huffman",QST,SXE,2026-03-29 17:37:09.057829,2026-01-05 19:05:33.595258,365,4131,48574,Cancelled
772,Wilkinson-Martinez,PFQ,KLN,2026-01-28 23:04:05.997859,2026-02-23 07:19:16.721775,157,6552,17903,On Time
773,"Grant, Bennett and Ray",SLG,HPX,2026-02-19 14:34:21.683846,2026-02-01 12:14:58.194062,204,7777,35128,Cancelled
774,Brown Group,BIL,EDQ,2026-02-05 14:27:43.882592,2026-02-10 22:56:28.270866,281,8326,28320,On Time
775,Burke-Daugherty,FYW,MVU,2026-03-09 23:50:59.834877,2026-02-25 20:49:41.024941,408,9692,25950,On Time
776,Gomez Inc,GXQ,RXD,2026-01-14 12:29:01.293325,2026-02-08 20:10:04.009736,442,5581,36383,On Time
777,Daniels-Delacruz,BIL,XRZ,2026-01-24 04:23:26.949349,2026-03-22 13:44:21.305039,424,6712,38515,Delayed
778,Walters Inc,CBT,VPC,2026-01-24 18:59:09.185360,2026-04-01 18:47:40.043565,319,2132,24527,Cancelled
779,Wilson Group,OWC,KRW,2026-03-01 03:29:45.577658,2026-03-18 19:36:14.908844,387,5977,4468,Delayed
780,Carson and Sons,AXF,SEA,2026-02-28 12:12:59.786539,2026-02-10 21:07:11.650839,93,3868,39746,Delayed
781,Simmons-Graves,VZN,PIC,2026-02-23 10:25:49.183175,2026-01-04 23:01:25.867821,69,6085,2690,Delayed
782,Rangel and Sons,BJD,MGR,2026-01-15 14:38:56.515870,2026-02-02 22:37:37.200541,282,2640,22108,Cancelled
783,Blair Ltd,CFB,UAI,2026-01-10 02:06:28.283867,2026-03-10 09:52:36.261749,300,4515,6502,Delayed
784,Austin and Sons,RRZ,AAU,2026-02-08 20:37:28.136932,2026-02-03 14:49:16.927919,35,4810,15672,Cancelled
785,"Davis, Moyer and Powers",BZQ,NPR,2026-01-25 11:50:52.857805,2026-01-22 21:33:22.360683,206,6407,15439,On Time
786,"Carroll, Guzman and Watkins",DVE,EDQ,2026-02-04 03:39:24.489176,2026-03-08 20:09:10.070558,421,2722,42986,Delayed
787,Taylor-Perez,EDQ,OWR,2026-03-13 11:40:24.820913,2026-01-03 01:53:23.124259,409,6026,37924,On Time
788,"Rivera, Haynes and Hinton",OLP,SJZ,2026-02-13 17:03:00.738559,2026-03-21 23:03:02.853526,128,9708,8137,Delayed
789,Ellis and Sons,NPR,DHB,2026-04-02 20:24:17.723277,2026-02-05 23:01:16.081600,121,8835,16326,Delayed
790,Powell-Curtis,JVG,IDD,2026-01-03 06:56:43.581880,2026-03-16 10:50:30.666905,244,1076,28691,Cancelled
791,"Smith, Hill and Kaufman",SLG,QZD,2026-03-22 09:41:59.907758,2026-01-17 13:23:46.749482,229,8262,28847,Delayed
792,Gibson-Williams,JVO,OKT,2026-01-26 21:28:50.878217,2026-02-17 12:02:51.536427,484,1706,16131,Delayed
793,Turner-Cruz,OLP,XQD,2026-03-08 00:06:33.681930,2026-01-18 00:34:00.548605,544,9872,8888,Delayed
794,Hill Inc,HGF,FVJ,2026-01-18 18:00:10.129571,2026-03-06 00:42:44.240094,122,4416,12366,Cancelled
795,Stephens-Santos,MGR,YLF,2026-03-27 14:50:49.985455,2026-02-07 10:25:18.960512,339,4840,9457,Cancelled
796,"Duke, Armstrong and Valentine",DVE,UNV,2026-04-07 13:48:34.935618,2026-02-26 13:27:42.759923,349,5849,44381,Cancelled
797,"Cannon, Glenn and Fernandez",JDM,RXN,2026-01-10 02:00:52.025389,2026-03-25 23:29:06.215514,256,3123,26445,On Time
798,"Williams, Meyers and Woods",QFJ,VFJ,2026-04-02 14:14:41.699432,2026-01-15 01:23:45.262734,281,6784,41849,On Time
799,Wilson Inc,HGF,MAF,2026-01-06 07:04:54.558931,2026-03-08 10:10:37.801659,128,8886,19555,Delayed
800,Porter PLC,SFR,RZR,2026-01-19 07:53:38.843942,2026-02-25 11:24:06.462081,390,9051,4047,Cancelled
801,Mack-Bell,UAI,VFJ,2026-03-18 08:11:33.447149,2026-01-05 03:04:20.519269,216,6001,27490,Cancelled
802,"Hernandez, Ramos and James",RFS,FIA,2026-02-25 22:27:24.181725,2026-01-09 19:10:33.934760,373,7081,6009,Cancelled
803,Ward PLC,JLM,VPU,2026-03-09 05:31:02.918037,2026-01-10 15:17:01.049568,522,4502,23108,On Time
804,Smith-Brewer,LOW,HWX,2026-01-25 05:41:53.098896,2026-02-11 15:13:44.322132,562,8289,22586,On Time
805,Santiago-Lee,WMQ,MZH,2026-02-02 21:30:38.096587,2026-03-11 03:11:55.627215,206,6328,44405,Cancelled
806,White-Garrison,XNP,XQD,2026-02-06 07:51:15.077167,2026-02-03 21:59:17.878903,428,6346,6793,Cancelled
807,"Hayes, Rodriguez and Garza",CFB,AXF,2026-02-25 23:00:10.877421,2026-02-03 09:29:30.430397,123,1974,24665,Cancelled
808,Blair and Sons,YNZ,YSI,2026-03-01 03:29:48.060559,2026-02-05 03:32:01.656698,54,2817,36849,Cancelled
809,Caldwell-Mccoy,NPR,ORB,2026-01-02 15:50:45.979217,2026-02-10 22:25:14.693210,195,7031,27127,Cancelled
810,Walsh and Sons,QNT,ESX,2026-01-30 13:42:15.727727,2026-03-14 00:31:43.231076,243,7792,41944,Cancelled
811,Galvan PLC,UZS,ZNM,2026-01-06 07:05:27.531738,2026-02-18 06:38:25.288343,139,1354,43532,On Time
812,Holt-Cunningham,FVJ,PIG,2026-03-16 08:05:15.387616,2026-02-16 13:41:22.003662,530,8613,10553,Cancelled
813,Turner-Russell,BIL,VHB,2026-01-03 09:09:41.090964,2026-01-06 01:34:01.021325,516,3526,31397,Delayed
814,"Bailey, Bradley and Jensen",KRW,MOG,2026-02-26 16:50:12.083781,2026-02-09 20:15:28.491125,53,6937,28926,Delayed
815,"Nguyen, Garcia and Flores",OJV,POL,2026-03-23 03:37:37.101158,2026-01-11 13:34:26.937729,267,2461,48136,Delayed
816,Solis-Cox,RFS,QNT,2026-01-14 19:57:11.012014,2026-03-03 19:06:20.278022,102,2578,44793,On Time
817,"Rodriguez, Welch and Jacobs",UDQ,EMQ,2026-01-30 19:44:51.252253,2026-04-06 00:17:26.755798,533,2927,35760,Delayed
818,Hampton LLC,SJZ,RZR,2026-03-28 04:08:20.952529,2026-02-27 18:10:30.002508,388,4532,47158,Cancelled
819,Nelson-Brown,HIR,OLP,2026-01-20 10:29:43.546748,2026-02-14 22:49:17.172557,543,536,22550,Delayed
820,Escobar LLC,DNK,HVG,2026-04-07 07:09:01.558099,2026-02-22 13:13:31.052470,351,3218,49899,Delayed
821,Clark LLC,UNV,CFB,2026-02-04 13:16:12.994473,2026-02-21 12:47:11.888983,595,6944,7301,On Time
822,Jenkins-Vaughn,VXI,VBS,2026-01-16 10:42:02.203769,2026-03-18 15:09:48.283647,511,7456,27567,On Time
823,"Baker, Baker and Stone",PRW,ISQ,2026-02-13 21:49:46.677867,2026-02-26 21:21:27.003653,75,6399,22076,Cancelled
824,"Miller, Williams and Mcdaniel",VXK,ARU,2026-01-05 11:26:18.584333,2026-03-11 00:10:17.143844,257,6869,33358,On Time
825,Crane-Evans,WPA,VAA,2026-01-06 19:24:42.986522,2026-01-06 21:36:19.276722,475,4226,2455,Cancelled
826,Taylor Ltd,PFQ,JLG,2026-03-23 12:38:46.093246,2026-01-20 03:13:17.984067,534,1866,19576,Cancelled
827,"Delacruz, Thompson and Fox",RZR,KFP,2026-03-20 06:44:32.970877,2026-01-30 14:51:34.550452,94,6941,25858,Delayed
828,Weeks and Sons,OLP,HVM,2026-02-04 11:27:02.541515,2026-03-11 11:00:22.468617,94,736,24661,Cancelled
829,"Santiago, Martin and Morgan",CBZ,OLP,2026-01-15 07:28:33.658380,2026-02-19 03:33:09.976269,377,3410,29412,Cancelled
830,"Jensen, George and Moore",HZK,HFX,2026-02-04 02:38:50.045838,2026-01-26 16:29:54.772455,88,1258,25841,On Time
831,Snyder-Mcdowell,OIN,RWO,2026-02-08 12:03:02.099311,2026-03-09 15:41:28.020352,257,3576,29789,Cancelled
832,Shaw-Harrison,CPL,DBH,2026-01-24 06:49:04.728667,2026-03-02 19:36:04.668782,596,4431,30949,Delayed
833,"Murphy, Gonzalez and Richards",HZN,XOR,2026-03-31 00:10:52.274282,2026-02-05 01:46:36.124875,239,8661,32019,Delayed
834,Phillips-Mckenzie,ZIB,RCJ,2026-03-22 01:02:02.267128,2026-01-30 07:39:28.404509,259,4278,44309,On Time
835,Shaw-Mathis,DPO,SJZ,2026-02-27 04:57:26.223519,2026-02-19 09:53:40.837399,332,8485,7320,On Time
836,"Pratt, Skinner and Gray",FIA,RWO,2026-02-04 20:34:07.932260,2026-01-03 22:20:28.779788,304,3491,34410,Delayed
837,Wilkinson-Parker,IAL,DYM,2026-02-10 06:54:58.556282,2026-01-15 23:53:35.827327,454,6477,14633,On Time
838,"Henry, Berry and Kelley",NRE,NGJ,2026-03-27 19:34:55.693760,2026-02-18 01:30:01.646836,45,1787,28463,Delayed
839,"Boyer, Zimmerman and Stevenson",UZS,YLF,2026-01-04 02:18:43.450479,2026-01-30 14:36:39.208787,431,4365,15067,Delayed
840,Smith and Sons,FIA,JEO,2026-03-08 14:33:31.397885,2026-03-28 17:48:04.493978,341,6537,49880,Delayed
841,"Rivera, Hutchinson and Johnson",VFJ,HWX,2026-02-10 07:00:54.230792,2026-02-08 10:55:47.433666,368,374,24169,Cancelled
842,Schmidt-Larson,GYR,MGR,2026-03-25 08:38:20.177276,2026-03-08 02:44:14.486918,145,4974,22957,Cancelled
843,Dennis Ltd,EMT,UVN,2026-01-09 20:13:09.462515,2026-02-22 17:52:57.641090,143,4646,46524,Cancelled
844,Evans-Fisher,FPG,ZTI,2026-02-26 22:57:28.753772,2026-02-07 07:10:33.876225,261,7178,20474,On Time
845,"Bell, Gonzalez and Black",DDQ,QFJ,2026-04-05 15:25:48.144304,2026-01-26 09:13:14.410716,440,2082,14571,On Time
846,Brown Ltd,OWC,WUT,2026-02-25 03:51:51.539418,2026-02-20 14:23:20.881666,265,2163,29115,Delayed
847,Jackson-Byrd,VAA,CBT,2026-04-01 17:56:12.408295,2026-03-21 05:12:28.409174,291,7571,6511,On Time
848,Sanchez Ltd,MVU,OYA,2026-03-26 19:06:20.627067,2026-02-24 18:57:28.740170,165,9116,48316,Cancelled
849,Navarro Ltd,GQT,WJU,2026-01-20 23:16:49.946220,2026-01-19 17:18:59.849621,122,2317,9478,Cancelled
850,Foley PLC,XOR,VPZ,2026-04-08 10:33:42.865743,2026-03-19 22:15:26.704900,201,2913,47666,On Time
851,Rose Group,LER,COF,2026-03-31 19:11:07.017718,2026-02-08 01:41:38.903689,224,3992,45848,Cancelled
852,Lang Ltd,QEH,HIA,2026-01-15 17:02:11.232385,2026-02-23 09:01:05.198922,259,1746,22058,Cancelled
853,Miller Inc,FOE,CBZ,2026-01-07 15:23:19.145540,2026-02-07 01:47:16.786480,35,276,4432,Cancelled
854,"Pierce, Stewart and King",FPG,TOJ,2026-01-05 03:40:44.801146,2026-04-03 16:30:19.828174,219,3215,28354,On Time
855,"Bruce, Luna and Oconnor",VAZ,UPB,2026-03-25 09:01:30.567021,2026-03-15 21:48:57.479989,474,1526,5739,On Time
856,Taylor-Martinez,PMA,YDU,2026-02-15 16:50:08.668509,2026-03-16 12:51:59.782295,245,2587,44715,Delayed
857,Potter-Riley,DBH,RXN,2026-01-14 18:31:09.329309,2026-02-10 05:18:36.139445,553,8263,32996,Cancelled
858,Ramirez-Novak,UHK,OJV,2026-01-19 10:39:55.378129,2026-03-24 17:04:53.207455,80,3318,45042,Cancelled
859,Harris Group,XWE,BZQ,2026-02-16 10:50:12.039918,2026-03-14 04:51:52.249358,523,2968,11166,On Time
860,Brown-Yang,JVO,CBZ,2026-02-28 21:06:51.120295,2026-01-12 17:27:37.315178,380,275,24899,Delayed
861,Watts-Martinez,NSL,ZEI,2026-02-27 16:21:44.923239,2026-03-27 10:44:43.321205,52,2363,5734,Delayed
862,Wright and Sons,UHK,XYB,2026-02-14 01:23:43.504467,2026-01-08 22:17:57.093188,384,5556,35421,On Time
863,Hansen LLC,XWE,GQN,2026-01-08 03:40:09.442497,2026-02-24 04:17:21.448896,274,8549,36883,On Time
864,Mercado Group,PIG,KRW,2026-03-21 05:05:19.962895,2026-02-14 00:30:29.952903,237,5200,8402,Cancelled
865,Adams-Powell,ZUD,DFB,2026-04-02 11:28:15.034271,2026-02-28 17:11:35.379220,596,3465,49349,On Time
866,Griffin-Hernandez,RZR,KRW,2026-01-19 02:53:10.903316,2026-02-02 18:35:11.181317,135,8494,34317,On Time
867,Castro Ltd,LOW,ARU,2026-02-11 17:55:24.394453,2026-01-23 13:49:56.009441,525,8858,39103,On Time
868,Fitzgerald and Sons,TOJ,RRZ,2026-01-19 22:20:57.664600,2026-02-04 12:57:38.213189,139,1963,14471,Delayed
869,Johnson Group,WAX,CXD,2026-02-10 18:20:26.900170,2026-03-25 06:32:59.427444,130,2500,26946,Delayed
870,Harris Ltd,PXE,KHA,2026-01-30 18:55:47.037779,2026-03-01 00:38:00.634468,84,2594,29834,Cancelled
871,"Morrison, Richards and White",JEA,TRV,2026-01-08 02:48:35.009558,2026-01-15 08:56:41.635006,428,8691,25565,Cancelled
872,"Martin, Travis and Colon",VFJ,OYA,2026-01-11 05:50:49.666864,2026-02-10 04:26:55.717376,95,7887,35037,Cancelled
873,Baker PLC,AOQ,KHA,2026-04-08 11:36:17.760241,2026-01-03 21:10:41.147897,515,1395,20962,On Time
874,Coleman Inc,COF,QEH,2026-02-23 13:32:06.412588,2026-02-17 17:59:23.920966,489,5194,24046,Cancelled
875,Sloan-Johnson,HWX,YLF,2026-03-24 13:27:42.058696,2026-03-16 11:38:40.801147,112,3819,46697,Delayed
876,"Manning, Nichols and Huff",UZS,DAL,2026-02-19 05:21:39.051031,2026-02-15 17:16:30.998474,307,6825,31805,Delayed
877,Grant-Aguilar,DCP,DNK,2026-04-04 08:46:18.304109,2026-01-30 09:51:54.021253,263,2073,15796,Cancelled
878,Brown-Carroll,NPR,AMB,2026-02-15 08:27:09.683434,2026-01-30 22:28:09.974302,274,1693,15751,Cancelled
879,"Morris, Drake and Wallace",SXE,XQD,2026-01-04 11:01:11.838260,2026-02-12 14:04:57.439481,387,4974,6298,Cancelled
880,Turner Inc,XNP,XJB,2026-01-06 12:10:04.657252,2026-03-01 05:20:53.361191,261,9862,2374,Cancelled
881,Watts-Anderson,HIR,PRW,2026-02-17 14:34:36.209879,2026-03-25 12:36:42.503249,309,4383,48240,Delayed
882,Webb-Pugh,LER,OLP,2026-04-04 10:43:12.885214,2026-03-18 18:41:15.148578,106,1704,12108,Delayed
883,Shaw-Mcdowell,EMQ,LXX,2026-02-13 18:20:00.452216,2026-03-02 18:50:56.627169,141,9675,4261,On Time
884,"Miller, Lee and King",PIC,GGR,2026-02-22 22:37:06.116178,2026-03-04 11:44:57.259576,401,9672,11997,On Time
885,Mendez PLC,HZK,CEK,2026-03-04 04:32:58.128132,2026-02-03 12:00:15.229969,315,3577,32492,On Time
886,"Gonzales, Nguyen and Orozco",XJO,SLG,2026-02-18 17:23:52.131902,2026-01-26 03:30:27.792265,387,1424,40104,Cancelled
887,Hester-Jones,VLU,LZQ,2026-01-23 17:22:59.029726,2026-02-13 22:39:59.053265,301,8768,3450,Delayed
888,Clay PLC,QUE,LER,2026-03-26 02:37:25.573357,2026-02-14 17:02:56.578804,559,5567,24739,On Time
889,Cole-Barton,JHK,VZN,2026-04-01 07:06:53.377528,2026-03-01 15:49:32.255080,34,8225,14287,Delayed
890,Young PLC,LFV,KHA,2026-02-07 20:29:31.120522,2026-01-06 11:05:40.727724,515,1807,34704,Delayed
891,Smith Group,GQN,TOJ,2026-02-18 08:04:27.198478,2026-01-04 16:20:46.628928,199,6252,49076,Cancelled
892,"Burch, Nichols and James",KHA,VLU,2026-02-12 18:54:25.949624,2026-02-10 05:00:20.694073,443,5254,36967,Cancelled
893,Cooke-Holland,SEA,NPR,2026-03-19 04:53:03.042727,2026-03-28 19:17:55.647932,343,8296,11303,Delayed
894,"Berry, Hamilton and Hill",VBS,FYW,2026-01-26 00:29:44.304545,2026-01-21 08:57:12.629660,43,3004,11767,Cancelled
895,"Vargas, Benson and Mathis",GGR,PFQ,2026-02-12 03:57:33.255312,2026-01-03 04:37:20.429995,433,7511,31511,Delayed
896,"Mitchell, Cooper and Gaines",CKO,FCG,2026-03-01 23:35:04.356789,2026-02-24 04:52:07.731614,150,6830,18717,Delayed
897,Martin Ltd,WAX,ISQ,2026-03-30 19:07:56.757200,2026-03-24 19:10:02.307833,340,7898,12257,Delayed
898,Green-Jennings,KHA,JVO,2026-03-27 02:13:08.428817,2026-02-14 23:52:45.482916,497,9323,9045,Cancelled
899,Thomas Inc,ISQ,DBH,2026-04-01 00:20:30.867028,2026-01-07 18:17:10.019021,487,9270,18615,On Time
900,Cummings-Pugh,NGJ,JQG,2026-02-17 21:39:34.253616,2026-03-29 18:13:36.790873,241,2590,31460,On Time
901,Carpenter-Booker,JVG,ZSP,2026-03-06 23:02:22.699165,2026-01-16 19:01:40.412020,396,7719,43741,Cancelled
902,"Murphy, Rodriguez and Craig",BIL,GGR,2026-03-11 14:35:27.114314,2026-02-12 18:26:01.939543,251,3451,40345,Cancelled
903,Arias Inc,LIW,GXQ,2026-02-02 21:01:15.196332,2026-02-24 02:03:15.084261,444,9096,5971,On Time
904,"Rodriguez, Munoz and Jones",RFS,ZQT,2026-03-10 03:07:53.390606,2026-01-21 00:38:05.268126,103,5568,49354,Cancelled
905,"Smith, Walker and White",UUO,HOG,2026-01-15 20:55:39.853501,2026-01-09 06:47:23.781796,373,6431,19468,On Time
906,Hines-Strickland,ORB,CPL,2026-03-21 19:01:43.505710,2026-01-18 17:10:29.930829,228,7715,2307,Delayed
907,Barrett-Hill,FVJ,TRV,2026-03-27 11:52:39.675941,2026-02-08 13:28:25.330019,596,982,45806,On Time
908,"Delgado, Schmidt and Thompson",OWR,JEO,2026-03-26 08:24:43.762375,2026-03-28 09:21:48.438482,378,8762,2681,On Time
909,Small Inc,CYC,YVL,2026-04-03 19:41:29.185393,2026-03-28 15:51:12.782825,123,1769,22249,Cancelled
910,Weber Ltd,HZN,WMQ,2026-04-03 23:57:27.252533,2026-01-17 03:35:55.659644,309,7601,3568,On Time
911,"Lopez, Rivera and Smith",YSA,CXD,2026-02-22 09:26:04.222016,2026-01-24 22:54:08.792616,534,6533,7507,On Time
912,Smith-Huerta,AAU,HOG,2026-04-02 02:16:06.899539,2026-01-24 19:03:40.596328,403,350,35583,Cancelled
913,Owen and Sons,XJO,QZD,2026-01-03 00:14:17.146111,2026-01-13 13:59:55.030140,40,6734,5411,Delayed
914,King and Sons,ANH,UVN,2026-02-13 18:09:07.460549,2026-04-06 16:10:51.287544,497,8084,47079,On Time
915,"Graham, Fernandez and Garcia",CEK,AJM,2026-01-24 02:54:32.976350,2026-01-21 14:31:51.244448,72,4409,32362,On Time
916,Mosley-Mccormick,FFE,ZIB,2026-03-23 08:32:49.614632,2026-03-26 11:31:37.616832,443,3069,25528,Delayed
917,Dawson Inc,OKT,HUX,2026-03-19 00:40:28.171045,2026-03-29 15:05:00.879385,339,2994,4552,Delayed
918,Ramirez-Martinez,YSI,SEA,2026-04-06 03:28:08.765502,2026-02-13 19:31:08.297392,283,6157,26417,Delayed
919,"Schmidt, Wade and Lee",UDQ,SLG,2026-04-02 19:56:36.851907,2026-01-11 20:40:34.242271,513,6689,16854,Cancelled
920,Jarvis-Anderson,NRE,CYC,2026-01-02 04:44:09.976269,2026-03-05 11:51:49.422124,410,4724,12479,On Time
921,"Wilson, Grant and Jackson",GGR,SJZ,2026-01-24 01:11:55.665086,2026-03-04 00:30:02.225805,322,5074,35910,Delayed
922,Wang-King,AAU,HPX,2026-03-21 01:24:31.190719,2026-02-05 13:16:24.234554,58,3148,10896,Delayed
923,Smith-Hall,BIL,DFB,2026-03-31 21:51:26.318152,2026-02-26 00:57:16.267432,182,1877,34335,Delayed
924,"Johnson, Williams and Harrington",FIA,XYB,2026-03-01 12:33:16.510661,2026-02-06 06:41:37.719157,550,7155,37957,On Time
925,Le PLC,PRW,RCJ,2026-02-06 22:41:41.699260,2026-01-01 14:30:00.706905,287,6099,28424,Delayed
926,Brown-Mendez,YDU,QST,2026-01-30 19:50:57.221498,2026-03-03 11:25:33.874169,79,8681,49210,On Time
927,Holland-Thornton,UDQ,SAN,2026-02-28 04:15:32.533007,2026-02-22 06:35:22.565372,427,8952,27379,Delayed
928,Wright Inc,OKN,YSI,2026-02-10 04:27:32.069960,2026-03-19 11:17:03.391529,162,9737,23283,Delayed
929,Wilson-Jackson,CKO,UAI,2026-01-07 20:33:15.666054,2026-01-05 00:25:59.398370,528,2938,15056,On Time
930,Romero Ltd,UHK,RCJ,2026-03-25 15:57:42.588711,2026-04-06 16:13:17.410680,391,3392,30461,Delayed
931,Rowe Inc,JVG,LER,2026-01-06 00:05:28.918589,2026-03-22 12:40:20.323529,325,6070,18393,On Time
932,"Costa, Wheeler and Martin",FVJ,AMB,2026-03-17 16:22:10.575262,2026-01-12 17:58:47.013903,41,1101,15472,Cancelled
933,"Proctor, Garcia and Hutchinson",XTO,ZUD,2026-02-02 10:55:30.789267,2026-01-06 05:44:25.698509,191,4941,5489,Cancelled
934,Edwards PLC,UHK,TTI,2026-02-03 07:18:15.032815,2026-01-09 08:10:41.395152,235,591,10499,Delayed
935,"Hogan, Patton and Johnson",RZR,YSA,2026-01-07 17:57:20.918782,2026-02-27 10:10:29.375824,370,6318,30314,On Time
936,Murphy Ltd,ORB,SAZ,2026-03-10 19:42:41.658710,2026-01-15 23:22:55.728929,291,4407,49017,Cancelled
937,Freeman-Foster,SAN,VAA,2026-04-01 21:41:52.273707,2026-01-02 20:44:12.253160,499,2606,30025,On Time
938,Maldonado-Hendrix,MNZ,OLP,2026-02-19 15:53:42.340469,2026-03-31 08:09:34.899137,294,656,6837,Delayed
939,Fuller PLC,CFB,UHK,2026-04-08 03:47:31.264225,2026-03-05 10:21:35.441919,71,8988,46570,Cancelled
940,"Ford, Burns and Maddox",KRW,PIC,2026-01-18 20:52:22.255443,2026-01-17 14:43:33.651298,359,2153,9068,Cancelled
941,Martinez-Meyers,FOE,NGJ,2026-03-09 19:15:17.888466,2026-01-12 16:26:34.725711,66,3033,29544,Delayed
942,Alexander Ltd,EMQ,ISQ,2026-03-19 17:23:37.696438,2026-01-07 08:28:13.033218,236,8784,24260,Delayed
943,"Harris, Johnson and Cooley",JHK,DVE,2026-02-03 20:36:12.899528,2026-01-25 23:37:55.706145,208,821,4289,On Time
944,"Williams, Hurst and Fernandez",JHK,TGY,2026-02-07 19:44:00.179192,2026-01-31 05:47:35.495179,327,1151,7422,On Time
945,"Gordon, Grant and Davis",CXD,FYW,2026-03-26 05:26:57.000489,2026-02-12 06:16:25.134897,110,6475,15125,On Time
946,Floyd Group,QPC,GQT,2026-01-17 10:33:39.430269,2026-03-24 05:53:14.662118,138,1325,21575,Delayed
947,West Ltd,VAA,MGR,2026-01-28 04:18:42.933582,2026-02-25 15:16:06.580415,552,6376,49843,Cancelled
948,"Novak, Singh and Griffin",RZR,COF,2026-01-27 18:06:33.430145,2026-02-27 09:31:36.314467,219,4477,17140,Delayed
949,Woods Group,XTO,UPB,2026-01-31 14:40:46.417835,2026-01-07 04:35:44.473519,390,9167,36674,On Time
950,"Martin, Wright and Richards",QZD,KHA,2026-02-23 11:56:33.595726,2026-02-22 13:27:52.850281,409,5481,9588,Cancelled
951,"Burgess, Mckinney and Reyes",RXN,HFX,2026-03-31 06:37:29.931907,2026-03-17 20:20:51.483574,384,1902,31498,On Time
952,Contreras-Molina,RWO,OLP,2026-04-07 03:02:46.919941,2026-03-05 06:26:56.602723,408,672,32925,Delayed
953,"Olson, Small and Carroll",SJZ,HZN,2026-02-23 06:54:56.227568,2026-01-11 13:59:03.484028,583,488,27670,On Time
954,Yang Ltd,RWO,JDM,2026-03-20 05:02:14.365720,2026-01-30 16:20:49.084503,511,3583,20335,Delayed
955,Bryan-French,HOR,CFB,2026-03-13 16:51:44.074136,2026-03-10 07:20:35.093349,125,1802,17594,Delayed
956,"Dalton, Mullen and Powell",LZQ,MZH,2026-01-07 05:22:20.409238,2026-02-02 21:49:01.006475,231,3217,11905,On Time
957,"Bailey, Lee and Delgado",ARU,NRE,2026-04-04 23:44:21.183419,2026-03-03 17:27:08.086084,312,4255,37474,Delayed
958,"Sanchez, Munoz and Baldwin",QST,PFQ,2026-01-31 04:53:28.701603,2026-03-16 16:59:20.923046,221,9759,49339,Cancelled
959,Alvarez-Morgan,DNK,OKN,2026-03-17 16:46:11.425539,2026-03-16 08:08:12.595759,191,4087,13241,On Time
960,Robinson-Freeman,QEH,BIL,2026-01-12 00:07:45.702460,2026-01-20 08:35:58.370929,79,955,17320,Cancelled
961,Scott-Steele,XQD,WAX,2026-02-23 16:47:36.105620,2026-03-15 11:54:57.488429,364,228,10410,On Time
962,Brown Group,JQG,TRV,2026-02-25 10:34:32.600277,2026-02-16 04:23:55.201730,529,9746,36554,On Time
963,"Webster, Clark and Riley",DHB,FOE,2026-02-12 17:22:56.907564,2026-01-23 18:07:44.992667,495,5577,10476,Delayed
964,"Wall, Chase and Sanchez",HOG,OKN,2026-03-10 01:31:05.006722,2026-02-28 23:03:34.300030,567,5560,14335,Delayed
965,Jones-Rodriguez,LIW,VHB,2026-02-02 01:58:29.355830,2026-01-08 06:53:05.431017,189,9224,30100,Delayed
966,Hardy-Johnson,YDU,JHK,2026-01-05 18:19:03.508322,2026-02-15 14:33:13.279822,506,4377,16238,Delayed
967,"Chavez, House and Burns",YTN,VHB,2026-03-03 13:20:28.227170,2026-02-20 01:03:39.544321,341,2892,17277,Cancelled
968,Smith-Patrick,YSI,RZR,2026-01-14 22:51:37.418006,2026-01-31 05:47:37.716487,237,5742,7290,Delayed
969,Foster-Cook,DYM,RZR,2026-03-16 00:02:52.962851,2026-03-06 11:34:40.967517,554,3397,4451,Delayed
970,Smith LLC,AJM,VPU,2026-02-24 04:35:26.590393,2026-03-24 13:51:03.811006,327,6577,20482,On Time
971,Merritt PLC,ZYQ,QPC,2026-03-28 14:14:56.359096,2026-03-28 14:43:45.872825,594,8267,46864,On Time
972,"Brown, Roman and Brown",HOR,JLM,2026-01-01 18:00:40.984776,2026-03-17 10:30:36.433397,406,7892,39191,Delayed
973,Cline-Roberts,DBH,JBR,2026-03-15 11:39:37.798795,2026-01-23 00:28:57.627028,291,5924,13743,On Time
974,"Clark, Jones and Rodriguez",SAZ,MGR,2026-02-07 07:10:32.966823,2026-03-20 02:56:01.361326,96,3869,24829,On Time
975,Smith Ltd,DCP,SFR,2026-01-27 23:55:26.007034,2026-01-23 19:08:00.801172,82,3262,14960,Cancelled
976,"Torres, Nguyen and Shannon",TGY,OLP,2026-03-11 09:48:23.397802,2026-01-31 16:27:40.037651,246,3433,18691,Cancelled
977,Cobb Ltd,MGR,XRZ,2026-02-09 09:33:25.890707,2026-03-14 11:52:31.391293,573,3544,33714,Delayed
978,Tran PLC,MWN,NYP,2026-01-11 23:34:42.540338,2026-01-20 12:10:03.811455,49,3343,14314,On Time
979,"Sullivan, Meyers and Schroeder",PMA,TRV,2026-01-31 01:25:47.863415,2026-02-17 04:10:46.648443,443,7500,16560,Delayed
980,Leonard-Aguilar,OWC,DPO,2026-04-07 10:22:26.657109,2026-01-11 16:31:55.350577,415,7483,28236,Cancelled
981,"Harrell, Lopez and Powers",YNZ,SLN,2026-01-10 11:22:25.398721,2026-01-07 16:40:03.057352,542,366,20899,Delayed
982,West-Riley,JHK,UDQ,2026-04-03 22:03:16.953110,2026-02-12 12:10:31.446589,217,929,37432,On Time
983,"Smith, Rogers and Carrillo",KLN,YNZ,2026-02-02 07:51:57.301403,2026-01-29 03:27:19.747124,418,528,26328,On Time
984,"Nguyen, Mcdonald and Booth",VBS,ESX,2026-01-26 06:09:29.227651,2026-02-22 12:56:58.494489,495,3418,44907,Cancelled
985,"Rodriguez, Smith and Hernandez",CYC,XJB,2026-01-07 22:25:41.365804,2026-01-17 21:20:43.329401,528,218,23894,Cancelled
986,Young Inc,OTP,DAL,2026-01-07 04:54:18.488461,2026-03-03 16:00:23.046653,475,1897,18179,On Time
987,Davis Group,MOG,ZIB,2026-01-23 23:46:23.365550,2026-01-09 09:28:47.755352,123,7771,32704,Delayed
988,Caldwell-Austin,RRZ,KFP,2026-03-22 20:35:47.633676,2026-03-10 05:35:46.170254,209,1129,37672,Cancelled
989,"Snyder, Ray and Schultz",OJV,HOR,2026-02-18 11:28:10.018412,2026-01-17 06:09:00.695872,442,9967,30679,On Time
990,Thompson-Smith,FYW,TRV,2026-04-07 23:03:20.204914,2026-01-14 21:40:14.121139,249,1397,3093,Cancelled
991,Glover Inc,HPX,RFS,2026-03-12 10:48:17.318835,2026-01-24 19:08:01.837621,539,7084,43489,Cancelled
992,"White, Johnson and Hoffman",YDU,OKN,2026-01-18 20:58:39.499166,2026-01-25 14:57:46.362334,104,6001,26741,Cancelled
993,"Blake, Mayo and Campos",WUT,OTP,2026-01-26 16:13:42.737269,2026-03-21 15:43:48.279259,261,8683,48705,Delayed
994,Bright Ltd,HIR,PIG,2026-03-18 08:26:18.943682,2026-01-22 14:09:36.415856,344,4201,38419,On Time
995,"Olson, Bell and Davis",CKO,DDQ,2026-02-23 13:49:35.874520,2026-01-17 18:49:02.370710,217,2342,6152,Delayed
996,Duncan PLC,LIW,YDU,2026-03-29 07:16:19.291727,2026-02-10 22:28:44.097024,431,8682,48511,Delayed
997,"Sherman, Nelson and Bruce",FCG,YSI,2026-03-17 08:39:16.364846,2026-03-16 11:56:10.881694,170,3593,33900,Delayed
998,Casey Inc,KRW,EDQ,2026-03-25 18:48:22.773481,2026-04-03 03:51:58.689023,130,4818,39163,On Time
999,"Conrad, Lowery and Taylor",DFB,DCP,2026-04-04 08:36:35.643578,2026-02-14 22:40:49.724595,452,5538,38274,On Time
1000,Thompson-Gilbert,FYW,JVG,2026-02-22 05:31:42.778819,2026-04-02 19:43:01.023261,256,5438,28791,On Time
1001,Mayo Ltd,GXQ,GQN,2026-02-24 02:16:51.742555,2026-01-11 02:04:59.040070,332,2169,23956,Delayed
1002,Garza PLC,LXX,RFS,2026-01-03 20:41:33.020117,2026-03-22 06:56:09.233428,599,232,28587,On Time
1003,White LLC,HOG,IUM,2026-03-11 15:34:16.653527,2026-01-22 02:56:05.056180,341,8284,38714,On Time
1004,Frey-Peterson,XWE,YNZ,2026-01-02 19:22:20.123576,2026-02-21 03:04:50.552425,48,4056,23186,Cancelled
1005,Gonzales LLC,NYP,BJW,2026-01-24 06:46:39.607164,2026-03-03 23:42:45.694442,148,6783,28726,Delayed
1006,Torres-Tucker,HPX,SLG,2026-04-06 16:45:54.131870,2026-02-13 00:27:01.632448,507,1736,19212,Cancelled
1007,Kerr PLC,CPL,RCJ,2026-02-26 23:06:02.988195,2026-03-01 19:27:30.589862,433,1035,35235,Delayed
1008,Wilson LLC,RFL,ZQT,2026-01-28 22:08:50.089611,2026-01-12 02:14:15.328194,326,9424,48501,Delayed
1009,Green Ltd,VXK,MZE,2026-02-13 11:23:57.637769,2026-01-01 11:20:24.536050,419,4862,7427,On Time
1010,Gonzales-Thompson,HOR,ISQ,2026-01-13 10:00:55.144521,2026-04-01 13:05:16.222905,552,9419,22847,Delayed
1011,"Stanton, Vega and Carter",BIL,IDD,2026-01-24 01:35:07.775308,2026-03-27 07:19:27.088653,65,8025,32329,On Time
1012,"Fleming, Cruz and Page",CKO,LFV,2026-02-26 19:14:57.225282,2026-01-09 21:05:56.528996,375,1700,25355,Cancelled
1013,Adams-Wilcox,UVN,MOG,2026-01-09 04:59:10.967579,2026-01-22 09:44:46.501968,60,389,44776,On Time
1014,Smith LLC,JVO,UHK,2026-04-04 16:30:48.419878,2026-03-13 16:10:25.014501,600,5750,9395,On Time
1015,Pitts-Bowers,POL,ZSP,2026-03-04 01:23:31.345983,2026-01-27 14:48:41.506032,226,2120,40168,Delayed
1016,Clayton-Newman,JLG,VXI,2026-01-18 05:47:35.436330,2026-01-26 20:15:35.180019,583,6040,26287,On Time
1017,Brooks Group,VXI,ZQT,2026-01-02 04:29:48.157450,2026-03-01 00:33:43.585720,171,6936,13794,Delayed
1018,Lopez-Bright,TOJ,SLN,2026-01-19 07:27:26.638340,2026-02-04 01:12:50.826695,512,4723,30136,Delayed
1019,Lee-Ibarra,TGY,OKN,2026-03-20 11:19:35.372877,2026-03-18 02:54:21.506948,352,7639,27710,Cancelled
1020,Pacheco-Robinson,BZQ,QAA,2026-03-28 23:20:12.291171,2026-02-19 16:59:00.188684,123,2569,5938,Cancelled
1021,"Silva, Stokes and Foley",ZSP,RZR,2026-01-31 17:47:28.630085,2026-03-29 02:27:34.111594,289,1799,49964,Cancelled
1022,Christian-Cantrell,FVJ,JBR,2026-03-29 05:07:20.228420,2026-03-19 19:23:58.874960,191,2736,18602,Delayed
1023,Jones Ltd,PMA,ZNM,2026-03-20 06:37:06.836834,2026-03-20 07:19:00.499058,455,864,18228,On Time
1024,"Williams, Schneider and Higgins",OIS,GYR,2026-03-06 11:05:02.837434,2026-03-22 10:27:56.289741,276,7624,30014,On Time
1025,Scott-Lester,VPZ,JVO,2026-02-02 10:29:34.163270,2026-04-03 16:55:47.717048,539,9018,33429,Cancelled
1026,Matthews-Scott,NSL,MNZ,2026-03-20 11:35:55.906684,2026-01-05 12:53:36.183141,119,5276,29404,Cancelled
1027,Jones LLC,SEA,SAZ,2026-02-21 10:55:02.645916,2026-02-04 04:53:39.578870,579,632,22333,Cancelled
1028,Ramsey-Sanchez,RFS,JLG,2026-03-28 08:42:19.790508,2026-01-02 11:36:19.357078,502,7323,49132,Cancelled
1029,Woods Inc,HIR,PMA,2026-01-27 17:14:03.297820,2026-02-17 11:17:28.065341,121,6128,35412,Delayed
1030,"Carrillo, Dickerson and Martinez",OIN,JVO,2026-03-15 09:58:19.673971,2026-01-18 03:37:13.269941,548,4554,13998,On Time
1031,Hensley PLC,HUX,ZSP,2026-03-24 02:47:28.909986,2026-03-25 09:33:20.742822,415,3816,48105,Cancelled
1032,Johnson-Hughes,SAZ,EMT,2026-03-06 17:17:53.782433,2026-01-22 08:57:01.301204,181,5448,33527,On Time
1033,Davis-Evans,AJM,KLN,2026-03-22 09:57:13.873007,2026-02-11 08:11:32.912654,224,6221,33585,Delayed
1034,"Mckee, Camacho and Miller",QZZ,VXK,2026-04-07 03:17:05.666607,2026-02-19 09:22:44.394929,329,4281,20172,Delayed
1035,Melton and Sons,FIA,XRZ,2026-01-19 04:13:35.779270,2026-02-19 06:24:46.248193,131,3033,36739,On Time
1036,Miller-Mejia,QNT,HZK,2026-01-16 23:38:23.573083,2026-02-05 19:43:02.031880,284,9589,24081,On Time
1037,Gonzales-Thomas,QEH,PIV,2026-01-03 06:20:03.593643,2026-03-12 11:27:59.787187,213,5349,23795,On Time
1038,"Jackson, Bass and Trevino",FIA,DPO,2026-04-02 18:31:13.790482,2026-02-04 14:06:14.852336,217,5124,7773,Cancelled
1039,"Ryan, Mayo and Smith",ZUD,MZH,2026-01-30 13:22:19.841811,2026-03-05 16:11:32.307184,461,2164,33527,On Time
1040,Gonzalez PLC,LZQ,SLN,2026-02-21 07:52:04.104232,2026-02-13 06:48:59.514792,422,7218,47336,Delayed
1041,Brooks LLC,PTQ,PIC,2026-02-09 12:58:52.059025,2026-03-15 14:04:41.390546,282,3219,4608,On Time
1042,Smith PLC,DNK,GHQ,2026-03-20 18:34:55.700333,2026-02-13 00:45:52.609223,251,4572,3336,Cancelled
1043,Silva PLC,ANH,SAZ,2026-01-30 14:00:48.687830,2026-03-02 04:13:21.864485,240,8369,14177,On Time
1044,"Hardy, Glover and Young",VFJ,DHB,2026-02-20 09:00:24.705001,2026-02-02 11:36:56.338523,412,6154,41423,On Time
1045,Thomas Group,MAF,MGR,2026-01-08 19:04:46.306613,2026-04-07 07:24:49.676208,472,4492,36976,Cancelled
1046,"Nguyen, Kennedy and Crawford",ZSP,FPG,2026-01-23 01:00:37.113226,2026-01-22 08:50:27.054708,346,3802,7572,Delayed
1047,Perry Group,RFL,SLG,2026-01-13 13:14:27.481467,2026-02-22 18:31:05.851287,218,6875,21563,On Time
1048,"Matthews, Brown and Murray",DDQ,PXE,2026-02-25 07:48:28.866717,2026-02-18 20:55:50.302538,119,5943,34305,Delayed
1049,"Hill, Bailey and Price",QZD,KRW,2026-01-01 10:13:23.791504,2026-02-16 16:05:38.073184,484,6933,32767,Cancelled
1050,Underwood-Nelson,OJV,OIN,2026-03-06 00:49:57.134557,2026-01-11 11:38:59.954578,145,1460,42613,Delayed
1051,"Harris, Cortez and Joseph",CXD,WAX,2026-01-03 00:16:31.037286,2026-04-01 10:15:24.178040,424,7707,15650,On Time
1052,Soto-Reeves,UHK,NYP,2026-02-11 07:37:37.551379,2026-04-03 06:10:25.568528,371,2895,22792,Delayed
1053,"Romero, Brown and Rodriguez",MZH,MOG,2026-01-21 00:24:41.061091,2026-01-13 12:21:53.291214,562,9981,47365,On Time
1054,Scott LLC,LFV,QZZ,2026-01-09 01:04:47.806549,2026-01-04 19:22:38.956888,535,7567,45927,Delayed
1055,Davis-Blake,PFQ,MZE,2026-04-05 00:00:52.921502,2026-01-30 01:18:50.436621,593,1813,46592,Delayed
1056,Bailey-Park,ZQT,XNP,2026-01-25 21:27:56.461988,2026-03-09 00:07:21.214369,251,1894,11607,On Time
1057,Howard Inc,ZQT,ORB,2026-02-08 17:48:03.027358,2026-01-08 13:27:44.948220,162,1736,19984,On Time
1058,Bentley-Campbell,JLM,TTI,2026-03-21 02:27:43.209294,2026-03-02 07:55:04.160762,338,2021,44801,Delayed
1059,Christian-Johnson,VPC,VZN,2026-02-09 23:47:27.429236,2026-01-17 01:10:54.074984,586,5487,48136,Cancelled
1060,"Sawyer, Evans and Stone",VHB,RXN,2026-01-11 05:05:40.408146,2026-03-31 05:05:28.995624,103,2823,4301,On Time
1061,Blankenship-Obrien,DNK,JDM,2026-01-24 03:46:07.474802,2026-03-27 00:53:35.497962,595,7436,9736,Cancelled
1062,Wiley Inc,OWR,JDM,2026-04-02 14:06:09.935589,2026-02-06 21:02:34.718718,333,1820,25165,On Time
1063,Hammond Inc,AMB,RML,2026-03-06 11:25:45.540864,2026-03-26 18:53:08.266599,94,1729,29226,On Time
1064,Marshall and Sons,OIS,CEK,2026-02-23 02:06:47.108610,2026-03-16 17:15:45.111446,100,3113,32354,On Time
1065,"Thomas, Anderson and Brown",SAZ,CXD,2026-02-11 14:41:04.197308,2026-04-07 17:53:26.760066,376,4645,48147,Delayed
1066,"Love, Lane and Snow",HIR,SXE,2026-01-15 16:48:04.361108,2026-03-16 00:31:45.298857,394,6735,48032,Delayed
1067,Hall-Nunez,QFJ,ZSP,2026-03-15 03:23:06.100404,2026-01-27 14:12:24.325171,319,7484,23453,Cancelled
1068,Frazier PLC,MAF,DFB,2026-03-14 18:44:31.160038,2026-03-08 15:09:10.518645,364,328,46031,On Time
1069,Moore Group,WPA,PIG,2026-03-24 06:37:19.746073,2026-01-26 13:31:16.211335,359,3397,34157,Delayed
1070,Berger-Long,QNT,QZD,2026-01-20 20:09:30.432519,2026-01-10 12:30:53.989936,108,6486,42252,On Time
1071,Berg-Sutton,KBO,FPG,2026-03-14 17:14:17.079428,2026-02-21 00:52:45.427984,203,6858,41377,Cancelled
1072,Parker-Berg,HGF,SAN,2026-01-13 06:39:42.833812,2026-01-25 21:33:12.899087,310,7915,11452,Delayed
1073,"Ayala, Patterson and Giles",CEK,TTI,2026-01-22 20:09:45.465699,2026-03-14 20:49:01.521786,476,4215,34098,Delayed
1074,Lopez Inc,QNT,PRW,2026-03-05 02:37:06.330689,2026-02-17 17:54:01.010443,256,6885,2614,On Time
1075,"Graham, Barber and Jackson",JLM,RXD,2026-02-14 03:52:07.943305,2026-02-08 03:56:36.597646,280,5226,44374,Cancelled
1076,Ramirez PLC,RZR,CKO,2026-03-04 23:06:24.665466,2026-01-22 09:17:15.992393,527,2563,32510,On Time
1077,Wilson-Gonzalez,IAL,NLB,2026-02-11 07:38:00.876609,2026-03-19 17:26:05.899485,277,8816,30913,Cancelled
1078,Anderson LLC,ZUD,HWX,2026-04-03 09:08:18.692935,2026-01-26 19:30:33.494178,96,9458,49193,On Time
1079,Malone PLC,WUT,AXF,2026-03-13 13:37:51.255015,2026-02-21 07:58:11.577900,403,1494,41261,Delayed
1080,"Ramirez, Ellis and Sharp",OLP,PRW,2026-01-17 19:37:26.959491,2026-03-22 22:38:49.760095,123,6617,24692,On Time
1081,Miller-Li,UUO,XQD,2026-04-02 22:13:27.728796,2026-03-02 04:15:23.816562,378,9314,24456,On Time
1082,"Compton, Watkins and Dunn",IAL,OWR,2026-04-03 18:41:36.630135,2026-04-02 21:56:41.619087,424,6332,29658,Cancelled
1083,Anderson-Romero,PIV,BJW,2026-01-08 19:00:15.875089,2026-01-05 21:33:47.723308,435,655,36058,On Time
1084,Heath LLC,DPO,JBR,2026-02-16 07:26:21.164443,2026-01-05 22:12:00.303332,33,8071,19451,On Time
1085,Marsh-Jensen,AXF,OWC,2026-02-02 21:19:29.603738,2026-02-09 02:44:20.081166,394,3635,29676,Delayed
1086,Campbell-Mason,IDD,ISQ,2026-03-19 11:25:36.493195,2026-01-30 05:26:15.755554,331,6850,3922,On Time
1087,Skinner LLC,XQD,RXN,2026-02-13 23:17:59.805992,2026-02-05 13:54:12.488199,356,5553,39946,Cancelled
1088,Davies Ltd,PRW,ZQT,2026-03-12 05:21:03.836732,2026-01-13 05:53:53.696914,373,422,42400,On Time
1089,Ryan-Bailey,ZSP,WUT,2026-03-16 19:14:14.534220,2026-01-26 00:54:37.708575,187,6288,24963,Cancelled
1090,Rodriguez-Hunter,UNV,HZK,2026-03-28 17:25:42.358853,2026-02-02 12:19:37.048168,430,1434,32201,On Time
1091,Rangel-Cooper,GQN,HVC,2026-02-17 13:01:12.879693,2026-01-24 06:03:47.095645,596,3719,44690,Delayed
1092,Wilcox-Hughes,DFB,DPO,2026-01-28 06:53:42.012018,2026-02-03 09:33:48.970761,505,4975,41113,Delayed
1093,Berger-Tucker,VAA,PIC,2026-03-30 11:31:01.435230,2026-01-09 11:31:38.995368,285,9184,35388,On Time
1094,Richards-Reese,BZQ,ZTI,2026-04-01 23:44:53.778650,2026-01-19 09:26:05.970273,185,861,44652,Cancelled
1095,Vaughn-Valencia,QNT,DHB,2026-02-11 21:56:53.164606,2026-02-19 04:58:29.695950,233,3723,20508,On Time
1096,Villanueva-Phillips,COF,GHQ,2026-03-31 07:02:21.243229,2026-03-06 14:54:00.831008,499,8059,9224,Cancelled
1097,Joseph and Sons,HFX,RCJ,2026-01-31 06:41:09.323934,2026-03-17 15:00:15.469530,315,7800,34406,On Time
1098,Watts-Khan,CPL,XWE,2026-03-27 01:03:37.588311,2026-01-11 19:25:16.608450,593,7252,49411,On Time
1099,Barrett-Weaver,LZQ,BJW,2026-04-07 10:47:01.601913,2026-02-18 11:05:29.489767,131,9994,41495,On Time
1100,Pham-Mccoy,ZQT,SLN,2026-01-30 07:01:46.879021,2026-01-28 02:25:53.621570,556,8607,16915,Delayed
1101,Novak Ltd,ARU,JHK,2026-03-11 21:54:32.222007,2026-03-25 23:01:11.998519,234,8520,34749,Delayed
1102,"Baker, Sexton and Trujillo",MGR,JQG,2026-01-21 09:58:00.274863,2026-03-08 14:53:33.063726,367,1317,47675,On Time
1103,"Simmons, Evans and George",CPL,VZN,2026-02-04 10:49:52.416136,2026-02-20 12:15:02.502076,76,4962,5092,Cancelled
1104,Smith-Moore,VBS,ARU,2026-03-15 15:09:14.024724,2026-03-31 12:56:32.037215,395,4867,18217,On Time
1105,"Fisher, Contreras and Weaver",VXK,NYP,2026-04-07 19:53:51.545272,2026-03-20 07:09:31.757914,188,9063,22590,Cancelled
1106,"Esparza, Stokes and Whitehead",BJW,FIA,2026-02-08 12:38:03.890476,2026-01-20 14:52:30.384919,159,2600,13874,On Time
1107,Wolf-Cervantes,GQN,FOE,2026-04-06 07:55:08.688987,2026-01-22 20:56:33.722536,543,3528,40447,On Time
1108,Chase-Wright,QAA,ANH,2026-03-24 09:31:51.433984,2026-03-07 13:09:55.383906,120,9051,8910,Delayed
1109,"Taylor, Mccarthy and Johnson",WUT,AOQ,2026-03-11 21:01:21.804005,2026-01-19 23:30:11.165660,131,8930,43167,Cancelled
1110,Jones-Perkins,UZS,ORB,2026-01-07 11:28:41.787015,2026-01-29 02:34:43.036349,472,4469,44328,On Time
1111,"Parker, Salinas and Williams",MVU,VFJ,2026-02-04 09:34:40.011165,2026-01-02 20:03:05.120754,532,9010,2377,Delayed
1112,"Miller, Wright and Bailey",OKT,NPR,2026-04-03 16:35:06.661584,2026-02-04 22:54:18.090068,158,5215,2738,Cancelled
1113,Moore Group,OLP,ZSP,2026-03-24 00:24:18.306595,2026-02-05 16:08:04.829540,424,1710,11523,Cancelled
1114,"Booth, Peterson and Garcia",WMQ,UZS,2026-04-07 06:30:19.293454,2026-01-28 18:46:48.431611,90,2017,13799,Delayed
1115,Sanchez and Sons,PXE,OLP,2026-03-06 07:18:50.329927,2026-03-28 22:03:50.845795,586,2911,33324,Cancelled
1116,"Murillo, Schwartz and Martin",NLB,LFV,2026-03-27 17:48:09.469203,2026-01-26 01:34:22.257995,443,4222,7340,Cancelled
1117,Stokes-Lawson,MVU,UHK,2026-01-01 18:01:02.683244,2026-02-23 21:30:49.235786,43,837,32433,Delayed
1118,Allen-Carlson,JVO,VBS,2026-02-11 03:18:32.566664,2026-01-04 05:08:09.529662,104,4605,32141,Delayed
1119,"Craig, Lopez and Henderson",JEA,TRV,2026-02-09 02:29:56.276606,2026-03-11 00:33:27.909680,492,514,30466,Cancelled
1120,Barrett-Smith,OYA,PIG,2026-03-31 01:46:49.365293,2026-02-25 00:27:29.465415,396,7960,34197,On Time
1121,"Lopez, Marquez and Peterson",ZNM,PRW,2026-03-01 13:50:18.483172,2026-03-13 22:41:55.817521,354,6674,24950,Cancelled
1122,"Gallagher, Davis and Powell",VAZ,GGR,2026-02-06 13:58:59.650924,2026-02-21 04:33:21.299631,431,6271,47303,On Time
1123,Choi PLC,ZSP,ZEI,2026-01-12 00:24:43.933455,2026-01-08 05:02:33.589312,313,7234,33863,Cancelled
1124,"Ramos, English and Mcintyre",VPZ,FOE,2026-02-21 00:30:35.490262,2026-02-09 05:56:35.688049,525,4017,6382,Cancelled
1125,Matthews Ltd,ZTI,JVG,2026-01-23 02:06:46.595327,2026-01-16 18:54:31.309000,312,1530,7233,Delayed
1126,Adams-Williams,GGR,QUE,2026-03-08 01:27:00.487035,2026-01-31 20:30:59.436228,583,2594,15834,Delayed
1127,"Stafford, Johnson and Jensen",RML,LXX,2026-01-05 16:25:59.504815,2026-03-10 23:33:01.939571,265,9975,6368,On Time
1128,Hoffman-Pace,OYA,ZTI,2026-01-03 03:23:10.866890,2026-01-29 14:57:06.698566,79,4722,37659,Delayed
1129,Owens-Gomez,RWO,BIL,2026-02-21 01:25:34.004272,2026-01-22 10:05:09.835753,255,1682,17615,Cancelled
1130,"Anderson, Mills and Gaines",RXN,VPC,2026-01-21 07:57:07.166317,2026-04-02 01:45:54.389051,595,7586,25232,On Time
1131,"Jennings, Kennedy and Ferguson",EMQ,RML,2026-04-01 13:02:27.776377,2026-03-06 18:00:59.668550,566,5660,30480,On Time
1132,"Turner, Weber and Johnson",AJM,COF,2026-01-18 19:37:18.474149,2026-02-20 13:31:27.239128,321,8177,44878,Cancelled
1133,Lewis-Bennett,OKN,BJD,2026-01-14 06:49:39.452447,2026-02-16 01:18:05.364986,448,7429,9335,Delayed
1134,Johnson-Santana,KFP,KHA,2026-03-24 15:33:59.435536,2026-03-18 12:06:33.457555,424,4145,14647,Delayed
1135,Marks Inc,VFJ,RFL,2026-03-08 13:28:58.504410,2026-03-14 01:32:58.709601,98,7036,39096,Delayed
1136,Powell-Knight,POL,QEH,2026-01-24 03:45:29.605498,2026-04-05 18:08:31.095902,331,1664,5442,Cancelled
1137,Robles and Sons,HIR,GGR,2026-01-15 01:11:10.154721,2026-01-26 01:33:56.005916,187,5373,13525,On Time
1138,Todd Group,BJD,OLP,2026-03-13 17:57:14.354735,2026-02-28 04:48:38.556038,356,2560,22568,Delayed
1139,Chaney-Freeman,WAX,WUT,2026-01-28 22:14:26.438377,2026-02-09 20:49:57.134196,157,1630,15493,Cancelled
1140,"Smith, Gonzalez and Miller",HVG,WMQ,2026-01-25 15:23:48.186133,2026-02-04 23:29:39.101458,469,7628,12831,On Time
1141,"Stephenson, Reeves and Edwards",YVL,QST,2026-03-29 09:55:46.054175,2026-02-11 08:38:37.538810,273,9481,20832,On Time
1142,Fowler and Sons,UAI,UUO,2026-01-02 13:09:19.312943,2026-01-17 11:15:42.254815,135,8331,33297,Delayed
1143,Thomas Inc,PXE,CBZ,2026-01-20 21:05:25.695906,2026-02-22 08:39:16.097003,161,1631,28086,Delayed
1144,"Fisher, Rice and Kelly",ESX,GYR,2026-01-30 20:58:41.950305,2026-02-25 06:59:06.721083,456,7643,42449,Delayed
1145,Parrish LLC,LER,HGF,2026-03-16 11:10:58.603769,2026-03-05 19:10:40.924947,462,6166,6751,Cancelled
1146,Kerr-Martinez,XQD,XYB,2026-04-01 06:03:23.677816,2026-01-11 01:36:26.410022,50,9654,3105,Cancelled
1147,Wong Ltd,XWE,HVM,2026-01-26 08:44:58.178674,2026-01-29 04:49:52.453591,166,7697,43147,Delayed
1148,"Greene, Carroll and Norton",MAF,SLG,2026-04-06 00:59:45.433139,2026-02-25 04:56:19.632538,61,1467,19661,On Time
1149,Myers-Richardson,TOJ,KFP,2026-02-04 01:26:46.781127,2026-02-06 16:24:52.759157,175,6911,3569,Cancelled
1150,"Bowman, Lee and Silva",VZN,AOQ,2026-01-03 19:35:27.763305,2026-03-10 04:42:42.250492,207,7080,40180,Delayed
1151,Pena and Sons,VFJ,WUT,2026-02-15 02:17:19.937982,2026-02-09 02:35:52.583242,414,8787,25141,On Time
1152,"Watkins, Gonzalez and Shepherd",VZN,QZZ,2026-03-25 03:24:19.994527,2026-03-21 10:36:13.900387,289,7385,48386,Delayed
1153,"Thomas, Watson and Gomez",GQN,GGR,2026-02-24 09:12:36.985247,2026-01-18 23:38:46.068223,320,9847,21505,Delayed
1154,Mitchell and Sons,RFS,MZE,2026-02-11 06:41:01.119443,2026-01-05 03:28:25.801188,425,7922,44257,Cancelled
1155,Small Group,OTP,KFP,2026-03-08 15:19:04.636682,2026-01-17 02:35:15.215396,488,8780,30900,On Time
1156,Woods-Mcbride,RZR,CBZ,2026-01-25 18:55:55.928582,2026-03-10 14:54:18.056052,245,1960,13675,Delayed
1157,Hawkins-Olson,JLG,AAU,2026-02-04 07:27:11.458091,2026-02-03 23:00:45.991071,218,1551,42766,Delayed
1158,Rogers-Villarreal,XOR,DHB,2026-01-26 02:17:31.822290,2026-02-07 09:36:15.705908,481,7941,25226,Delayed
1159,"Garcia, Campbell and Haynes",VPC,LER,2026-01-21 00:36:52.653459,2026-01-13 17:59:30.513512,199,6005,20505,Delayed
1160,Barrett-Shaw,ZNM,OLP,2026-02-24 18:03:02.759022,2026-03-15 08:03:55.383374,423,7443,47638,Delayed
1161,Huff PLC,GYR,ZSP,2026-03-18 13:11:10.217697,2026-04-04 13:30:56.402656,215,729,24861,Cancelled
1162,Rollins LLC,QPC,QUE,2026-03-19 17:19:14.580201,2026-01-30 19:07:30.082875,242,1153,44702,Cancelled
1163,"Anderson, Smith and Larson",YDU,HOG,2026-02-25 03:10:24.117100,2026-01-18 05:10:29.902497,137,8612,11600,Delayed
1164,Bryant Ltd,DAL,RML,2026-03-23 23:58:17.900261,2026-01-03 03:15:48.779622,206,3986,41333,Cancelled
1165,Hall-Bailey,SLG,PTQ,2026-03-11 20:27:29.998518,2026-03-07 21:58:28.862478,217,3838,23865,On Time
1166,Russell-Mason,XTO,HOG,2026-03-07 07:19:21.835229,2026-02-09 05:40:24.904533,83,8190,21138,Cancelled
1167,Brown-Lawson,PRW,MAF,2026-02-16 00:59:15.690190,2026-03-21 20:17:08.496853,477,7253,2534,On Time
1168,Anderson Inc,KFP,CEK,2026-01-11 13:58:14.051641,2026-02-07 04:57:21.965218,94,5041,45491,Delayed
1169,Roberts LLC,JLG,OIS,2026-02-09 00:32:14.674539,2026-02-19 22:42:45.104509,86,7424,30171,Delayed
1170,"Miller, Cervantes and Swanson",OLP,VAA,2026-03-28 20:09:55.833407,2026-03-29 11:47:06.910575,403,3533,15645,Delayed
1171,Ramsey PLC,AAU,DHB,2026-02-22 21:35:55.944546,2026-01-26 23:56:11.922139,235,1580,17071,On Time
1172,Day-Kelly,VLU,ORB,2026-04-05 11:11:35.814084,2026-03-21 03:01:37.622464,393,8728,29201,Cancelled
1173,Roberts and Sons,UDQ,SLG,2026-02-23 22:43:58.021803,2026-01-31 23:57:43.117476,76,2509,15676,Delayed
1174,"Daniels, Cole and Henson",ZEI,ANH,2026-02-23 19:17:56.094623,2026-03-18 17:52:54.456207,251,9912,43443,Cancelled
1175,"Schwartz, Reed and Johnston",BJW,CFB,2026-01-11 09:20:15.092116,2026-02-01 00:57:43.491171,467,4754,22560,Cancelled
1176,"Perez, Miller and Gaines",ZYQ,VXI,2026-01-17 05:40:35.858077,2026-02-15 10:38:53.439939,106,4450,26494,Cancelled
1177,"Harding, Leonard and Smith",TTI,RXN,2026-02-25 06:00:04.968780,2026-03-11 05:37:03.894938,463,1815,41788,Delayed
1178,Schneider LLC,QPC,MVU,2026-03-24 06:28:19.564926,2026-02-09 13:29:55.304059,148,517,5986,Cancelled
1179,"Gross, Stevenson and Pennington",AJM,ESX,2026-04-02 12:10:40.053700,2026-04-03 08:44:21.914218,59,3438,6546,Delayed
1180,Williams-Perkins,VPZ,YDU,2026-03-05 14:46:57.882349,2026-01-21 08:14:59.143231,251,7403,22990,Delayed
1181,"Fox, Gordon and Lowery",JEO,AAU,2026-01-21 19:14:48.825773,2026-03-23 10:09:05.490313,317,2985,9552,Delayed
1182,"Thomas, Pena and Todd",PRW,UPB,2026-02-14 00:42:37.337709,2026-02-01 17:12:30.142563,183,7807,42804,Cancelled
1183,"Holt, Cruz and Li",ISQ,SLN,2026-03-16 07:29:58.693504,2026-02-22 23:12:16.914958,467,686,35561,Cancelled
1184,Lewis-Gonzalez,HIA,QEH,2026-02-20 21:32:50.870972,2026-02-21 09:41:17.528705,102,3009,4117,On Time
1185,Alvarez Group,SJZ,ZUD,2026-03-19 21:02:22.750536,2026-03-04 18:15:26.934032,179,3470,37248,On Time
1186,"Patel, Smith and Ramirez",YSA,CFB,2026-02-01 13:35:46.261133,2026-02-19 15:04:03.975545,432,6854,10122,Cancelled
1187,Lin Inc,JDM,HVC,2026-02-15 01:55:37.766062,2026-02-04 03:03:32.626316,320,2840,48417,On Time
1188,"Robinson, Johnson and Perkins",YDU,HOG,2026-02-19 06:14:22.206867,2026-03-07 07:28:41.668113,401,9962,44219,Delayed
1189,Phillips-White,VPZ,DYM,2026-01-04 10:31:36.481436,2026-03-08 08:40:36.351013,307,6445,33998,On Time
1190,Gregory Inc,QZD,RZR,2026-03-04 10:03:06.059591,2026-03-28 16:26:57.872810,376,1627,21668,Cancelled
1191,Price-Hinton,VAA,GXQ,2026-03-06 14:39:07.541969,2026-02-23 01:18:55.600133,359,4274,30321,On Time
1192,"Mays, Conrad and Gutierrez",VAZ,KRW,2026-03-28 11:46:27.119508,2026-03-10 13:14:23.443604,135,5271,41457,On Time
1193,"Hall, Higgins and Brown",QST,ZUD,2026-01-12 22:07:19.472334,2026-02-13 23:07:46.479799,469,607,24127,On Time
1194,Browning-Crane,BJD,OKT,2026-03-05 10:55:26.484822,2026-01-30 00:49:12.471689,287,5646,11535,On Time
1195,"Salazar, Walker and Bryan",BIL,UPB,2026-02-07 11:56:31.173573,2026-03-25 05:33:47.348161,462,8940,6167,Cancelled
1196,"Kane, Klein and Graham",QEH,VXK,2026-02-14 14:23:21.874520,2026-03-02 07:02:27.168070,469,7557,47615,Cancelled
1197,"Moore, Davis and Gonzales",MGR,KBO,2026-03-15 18:01:15.109807,2026-03-13 23:01:30.342337,356,7677,4058,On Time
1198,Farmer-Murray,OKN,JLG,2026-02-05 10:06:03.522082,2026-01-13 00:25:20.886242,250,3731,34426,Cancelled
1199,Hogan-Reed,OIS,YTN,2026-03-07 09:07:16.854775,2026-03-14 09:34:20.746179,363,3636,31603,Delayed
1200,Roach PLC,FVJ,HOG,2026-01-14 17:27:36.947997,2026-02-03 02:20:52.463115,53,9301,32774,On Time
1201,"Nelson, Bush and Weaver",HIR,FVJ,2026-02-21 17:37:18.202909,2026-01-23 07:29:39.875993,35,1416,17815,Delayed
1202,Davis Ltd,SJZ,OLP,2026-03-10 04:37:18.641593,2026-01-16 11:12:24.074720,282,3190,25015,On Time
1203,Wallace-Cardenas,IAL,FCG,2026-01-10 15:26:53.338359,2026-01-31 03:32:45.859673,422,9316,20993,Delayed
1204,Davis-Garcia,LER,OYA,2026-01-03 09:36:35.460221,2026-03-01 02:13:59.763573,54,1519,23540,Cancelled
1205,Wright-Merritt,SLG,JBR,2026-01-16 18:20:38.231267,2026-02-26 21:19:59.484310,412,6793,39806,On Time
1206,Hoffman Ltd,YTN,OLP,2026-01-20 15:01:50.779797,2026-03-13 02:44:33.504832,416,7549,8678,Cancelled
1207,"Brady, Silva and Smith",TRV,SAN,2026-04-03 01:46:39.528590,2026-02-28 19:51:19.735318,311,6249,46283,Delayed
1208,"Haley, Mccarthy and Moore",SEA,OWR,2026-03-26 17:36:45.277349,2026-01-08 11:35:09.201586,561,9921,47023,Delayed
1209,"Martinez, Smith and Dickerson",QUE,DNK,2026-01-31 21:55:49.377936,2026-03-25 00:44:35.526615,537,7923,24705,On Time
1210,Sanchez LLC,DNK,LIW,2026-02-14 04:26:53.024617,2026-03-03 11:28:20.057772,38,2162,34369,Delayed
1211,Robertson Ltd,SXE,GGR,2026-02-06 12:48:57.204764,2026-01-20 03:26:22.465446,227,5805,25728,Cancelled
1212,"Oneal, Livingston and Watson",AXF,PIG,2026-01-17 13:39:33.625805,2026-03-31 05:51:30.292699,273,3676,22541,Delayed
1213,Coleman-Watkins,MZH,VAZ,2026-02-08 02:22:52.939508,2026-03-11 06:28:02.768449,447,4147,48600,On Time
1214,"Gonzalez, Carr and Huff",VPU,GQN,2026-01-21 06:41:20.859549,2026-02-12 13:14:41.874383,509,9464,27292,Delayed
1215,Hall-Crawford,RXN,HIA,2026-01-22 18:50:18.588000,2026-02-01 01:06:28.206971,296,1161,6970,On Time
1216,"Thompson, Smith and Moran",FVJ,RXN,2026-03-14 16:04:02.711192,2026-03-06 22:09:27.238220,538,1949,38686,Cancelled
1217,"Lewis, Hudson and Williams",DPO,FCG,2026-02-03 19:48:39.159218,2026-01-17 04:21:04.629158,77,9551,7567,On Time
1218,"Moreno, Ramos and Weber",HVM,WAX,2026-02-10 11:19:39.371566,2026-01-06 00:43:51.482607,257,690,23191,Delayed
1219,Wood-Smith,ESX,BJD,2026-01-21 19:56:20.324811,2026-01-23 18:04:30.724293,558,845,15409,Delayed
1220,Contreras-Francis,QUE,MZE,2026-02-12 11:44:13.668788,2026-02-03 00:09:06.070091,258,4261,31471,On Time
1221,Guerrero LLC,LER,ZUD,2026-02-01 06:02:32.999415,2026-01-13 17:14:06.980013,259,1188,18840,Delayed
1222,"Patterson, Franklin and Johnson",OTP,RFS,2026-02-02 20:36:45.467481,2026-03-18 08:10:18.612047,329,7341,9115,Delayed
1223,Haynes-Reed,MAF,VXI,2026-01-18 18:33:31.031112,2026-03-13 11:42:43.852600,543,5962,40677,Delayed
1224,"Perez, Smith and Sanders",PXE,OLP,2026-03-11 09:30:48.241883,2026-02-21 13:32:12.812284,494,4644,23806,On Time
1225,"Bell, Bartlett and Luna",BJD,AOQ,2026-02-09 17:28:46.651707,2026-03-20 14:06:46.600554,414,1258,35859,Delayed
1226,Olsen-Porter,CEK,WPA,2026-03-04 15:20:36.711391,2026-03-11 05:10:22.831650,457,645,41826,Delayed
1227,"Mullins, Lopez and Phillips",JEO,CBT,2026-02-21 03:46:14.451696,2026-01-12 09:30:02.465788,176,3267,20967,On Time
1228,"Trevino, Adams and Hanson",TRV,PFQ,2026-03-22 13:54:59.325069,2026-02-14 21:16:18.690008,280,6757,2879,Delayed
1229,Benson-Hood,FFE,NPR,2026-03-08 20:37:56.061424,2026-03-01 06:20:23.167554,415,1448,46042,Delayed
1230,Clark Ltd,FYW,WAX,2026-03-18 15:34:46.693511,2026-04-01 19:56:06.298841,396,3890,49839,Delayed
1231,Meyers PLC,BZQ,HVG,2026-01-03 14:59:21.432188,2026-02-23 03:00:29.906038,454,3711,14988,On Time
1232,Velasquez and Sons,GYR,RXD,2026-04-01 12:54:30.682782,2026-02-15 21:19:27.433861,216,2563,10530,Cancelled
1233,Jenkins Ltd,OYA,QNT,2026-02-24 01:42:29.036931,2026-01-24 16:34:39.944943,572,1518,8956,On Time
1234,"Lynn, Moreno and Scott",HGF,XRZ,2026-01-26 03:22:33.641873,2026-01-11 09:34:34.259785,413,7121,10716,Delayed
1235,"Lewis, Montgomery and Norris",MOG,VZN,2026-03-15 00:36:44.552933,2026-03-16 07:31:01.217282,523,3150,12232,On Time
1236,Lee-Byrd,ISQ,OYA,2026-03-25 02:31:36.928258,2026-01-01 04:31:22.619146,345,2108,20161,Delayed
1237,Gonzales-Burke,ANH,YLF,2026-01-04 15:44:56.766611,2026-01-24 17:33:34.522244,526,6109,25605,Cancelled
1238,"Snow, Collins and Robinson",AAU,ZEI,2026-03-28 11:23:12.679020,2026-01-24 14:53:00.766079,260,7239,23631,Delayed
1239,Johnston-Brennan,MGR,OIS,2026-03-30 18:47:23.509192,2026-03-04 03:43:56.216720,489,5339,28186,On Time
1240,"Fitzpatrick, Rodriguez and Young",UZS,NLB,2026-03-30 14:40:14.405416,2026-04-04 23:13:46.500336,286,8032,18860,On Time
1241,"Estes, Bryant and Stevenson",OJV,JVO,2026-02-22 04:26:31.903947,2026-02-07 21:42:08.807180,594,7432,24318,Delayed
1242,Jimenez Ltd,HVM,DBH,2026-03-29 19:58:37.829060,2026-03-02 10:17:59.474424,34,1179,32395,Cancelled
1243,"Mann, Curtis and Gonzalez",FFE,NSL,2026-03-15 19:34:42.689413,2026-01-21 20:29:05.781534,389,3332,13931,Cancelled
1244,Rose-Cohen,OLP,GQN,2026-01-25 00:01:30.199333,2026-02-28 11:01:43.371305,319,7165,32602,Cancelled
1245,Tran-Ballard,UDQ,CEK,2026-01-04 08:34:45.876896,2026-02-01 01:59:14.591971,503,8331,16155,Delayed
1246,Campos LLC,VBS,MNZ,2026-01-02 08:29:49.154467,2026-03-10 19:16:34.669265,346,4858,44308,Delayed
1247,Hodges Group,JBR,SEA,2026-04-01 08:09:09.362162,2026-03-17 23:00:45.318235,348,7793,5933,On Time
1248,Gray-Barker,OWR,AXF,2026-03-01 17:57:34.637633,2026-03-07 10:56:21.914351,207,9387,34238,Delayed
1249,"Brown, Berger and Salinas",ZUD,WJU,2026-03-08 03:34:05.337975,2026-01-19 21:06:22.408999,555,5118,5196,On Time
1250,Anderson and Sons,VXK,DAL,2026-01-26 10:17:44.209180,2026-02-06 18:35:55.091504,93,6423,49930,On Time
1251,Carr Inc,DCP,ZYQ,2026-03-30 01:01:28.374301,2026-03-10 16:00:13.822356,149,6652,36329,Cancelled
1252,Hendrix-Hamilton,XJO,OLP,2026-01-15 00:17:41.504258,2026-01-16 21:37:09.644092,484,4754,10751,On Time
1253,Walker-Fuentes,HOR,MVU,2026-03-11 03:06:19.458928,2026-03-16 04:32:13.385917,85,4077,31616,On Time
1254,Allen-Hunter,SLN,UDQ,2026-01-15 16:33:40.152712,2026-03-25 17:05:29.684736,252,9824,44643,On Time
1255,"Aguilar, Ramsey and Ellison",VPC,VAA,2026-01-31 19:06:09.025192,2026-03-08 19:22:23.023706,135,207,35458,Cancelled
1256,Duran-Hill,RCJ,UVN,2026-01-03 23:40:42.417704,2026-01-05 22:17:17.013840,531,5331,16130,On Time
1257,"Foley, Adams and Hall",XTO,JLG,2026-02-10 22:47:45.677233,2026-04-01 16:05:00.820294,33,7402,18990,Delayed
1258,Sloan-Williams,LZQ,OLP,2026-02-11 12:21:12.371515,2026-01-22 06:33:59.629506,70,4612,30086,Delayed
1259,Fields-Kelly,RFS,TTI,2026-01-07 15:54:09.335063,2026-04-07 06:10:48.317689,392,9297,48514,Cancelled
1260,Johnson and Sons,ZEI,MOG,2026-03-20 08:21:42.490885,2026-02-09 08:01:02.279336,94,3067,29074,On Time
1261,"Carroll, Miller and Bishop",CFB,JHK,2026-02-05 02:10:59.906198,2026-01-21 13:19:09.809997,359,6241,44893,Cancelled
1262,"Oneal, Williams and Norton",NGJ,XNP,2026-04-07 12:34:40.745145,2026-03-22 20:51:00.035364,501,7730,5326,Cancelled
1263,Spears-Howard,RML,HGF,2026-02-22 03:59:04.427949,2026-03-24 12:10:16.970581,598,6625,43347,On Time
1264,"Herrera, Johnson and Patton",NGJ,NRE,2026-02-19 06:22:35.861793,2026-03-24 04:52:28.345636,146,4030,23914,Cancelled
1265,Davis-Thomas,VAA,DVE,2026-03-05 20:36:48.820918,2026-03-26 08:05:06.117374,508,9722,10260,Cancelled
1266,Walter-Foster,ESX,ZUD,2026-03-09 11:21:10.013740,2026-01-10 23:18:51.386285,575,6722,12762,On Time
1267,Williams Inc,XJB,CXD,2026-02-13 12:35:18.800650,2026-03-14 09:40:02.110382,501,4644,23293,Cancelled
1268,Williams LLC,ISQ,MVU,2026-01-09 18:54:44.270284,2026-02-04 01:13:18.766950,391,5695,10506,Cancelled
1269,Gross LLC,XJB,VHB,2026-03-23 05:13:15.438262,2026-01-29 21:16:53.771158,235,4511,17773,On Time
1270,"Smith, Garza and Green",CXD,HGF,2026-01-06 05:06:30.457864,2026-01-29 16:08:54.458233,212,6051,9934,On Time
1271,Johnson LLC,SLN,XYB,2026-01-22 07:24:39.042813,2026-03-13 10:37:26.068610,399,5579,45793,Cancelled
1272,Golden-Cortez,ZYQ,SEA,2026-03-21 15:22:30.860779,2026-01-01 12:42:28.540416,116,6892,11315,Delayed
1273,Vazquez-Marshall,JDM,CKO,2026-02-02 16:58:25.274018,2026-01-22 05:46:57.119950,137,3741,38438,Cancelled
1274,Oliver Inc,ORB,OIS,2026-02-21 17:58:42.088778,2026-03-17 09:25:31.609690,476,3259,27416,Cancelled
1275,Harding-Adams,IAL,FYW,2026-03-04 16:28:54.795506,2026-04-06 21:13:02.090350,544,9939,15398,On Time
1276,Logan-Arnold,QUE,NSL,2026-04-08 00:43:31.133693,2026-01-02 16:29:22.870755,502,418,35700,Cancelled
1277,Baker-Brown,ZNM,XRZ,2026-02-26 14:52:22.413307,2026-02-02 03:21:08.062660,312,5519,19260,Delayed
1278,"Stewart, Duncan and Howard",FCG,QZD,2026-03-03 16:26:33.350539,2026-03-22 09:51:40.044331,229,6947,18654,Delayed
1279,"Wolfe, Cummings and Baker",ZTI,NLB,2026-02-03 16:43:09.266056,2026-02-03 20:39:39.125124,81,5408,22807,Cancelled
1280,Nelson PLC,AXF,ZSP,2026-04-08 06:59:46.543084,2026-01-11 23:27:08.199075,183,3185,37278,On Time
1281,"Warren, Vance and Burns",DHB,BJW,2026-02-10 16:28:07.481484,2026-02-04 01:46:59.234701,334,5724,35472,Delayed
1282,"Welch, Ellis and Thomas",PMA,PIC,2026-01-26 12:14:06.030625,2026-03-31 22:02:30.138247,309,7782,27877,Delayed
1283,Miller Group,FIA,QFJ,2026-01-31 07:32:09.319239,2026-02-21 12:24:29.235189,549,2924,36106,Delayed
1284,Smith-Evans,DDQ,VAA,2026-01-28 08:20:31.671284,2026-03-04 12:28:31.720620,177,3975,43953,Cancelled
1285,Garcia Group,FYW,MOG,2026-03-12 09:42:00.170869,2026-02-02 05:07:22.907522,32,226,41297,On Time
1286,"Reyes, Simmons and Walker",ZUD,JEO,2026-03-31 23:56:00.818414,2026-01-20 03:16:23.596530,471,7590,15100,Cancelled
1287,Baker Group,SJZ,HOR,2026-03-31 16:43:17.748794,2026-03-26 22:56:09.835777,584,6271,25058,Delayed
1288,Santos-Evans,SXE,WMQ,2026-01-13 07:48:28.881608,2026-01-25 10:47:08.017668,489,7492,35747,Cancelled
1289,"Fry, Vargas and Townsend",JEO,QFJ,2026-03-18 09:59:47.636765,2026-03-08 07:06:29.793385,518,490,20620,Cancelled
1290,Garcia LLC,YSI,KHA,2026-02-10 13:54:50.641142,2026-01-29 00:54:16.825654,432,6885,6313,On Time
1291,"Reese, Blackwell and Hernandez",HOR,QPC,2026-02-03 14:55:43.361066,2026-01-04 22:55:21.742702,108,4007,27760,On Time
1292,"Mitchell, Lane and Campbell",JDM,ESX,2026-01-02 09:16:10.956288,2026-02-01 17:44:53.470555,281,7807,47507,Delayed
1293,Kennedy PLC,RRZ,WUT,2026-01-15 11:50:08.786008,2026-01-31 07:24:50.726911,560,7132,21109,On Time
1294,Reyes LLC,DAL,VFJ,2026-01-18 01:46:00.519498,2026-03-22 12:02:48.846330,151,7997,38064,Cancelled
1295,"Jordan, Collins and Grimes",PIC,RXD,2026-02-16 20:58:08.371284,2026-02-12 07:07:30.254586,531,3450,31804,On Time
1296,Perez-Hudson,UAI,BJD,2026-01-11 22:52:54.886560,2026-02-21 10:58:17.759005,131,5166,22807,On Time
1297,"Torres, Williams and Reed",MAF,SFR,2026-02-25 06:42:33.079044,2026-01-22 09:49:50.504241,357,8279,48797,Delayed
1298,"Gibbs, Contreras and Dennis",HWX,PIC,2026-04-06 21:49:40.129966,2026-02-01 03:16:37.596718,435,9757,35545,On Time
1299,Savage-House,RML,KHA,2026-02-10 06:01:20.024795,2026-02-13 01:19:06.323958,591,2078,8786,Cancelled
1300,Benson Inc,JVG,DHB,2026-01-08 13:01:24.298882,2026-02-26 17:33:00.667152,384,9714,40250,Delayed
1301,Thompson PLC,OIN,ZTI,2026-01-17 20:22:44.425803,2026-02-02 16:01:27.905485,537,7736,24597,Cancelled
1302,"Duke, Gray and Charles",MZH,HZK,2026-03-26 02:19:35.575201,2026-03-27 01:29:49.002969,455,4031,43938,Delayed
1303,"Allen, Watts and Smith",WAX,QPC,2026-02-21 03:12:57.332150,2026-02-08 18:39:45.514249,245,3313,13188,On Time
1304,Wright and Sons,DFB,UZS,2026-02-22 19:32:13.401262,2026-01-12 19:02:28.903424,584,3847,49376,On Time
1305,"Daniel, Schmidt and Bright",CXD,VPZ,2026-04-03 02:30:39.128763,2026-02-21 20:34:05.314658,563,6428,46916,Cancelled
1306,"Murray, Moore and Green",RXN,PTQ,2026-02-01 07:54:09.369442,2026-03-17 21:46:57.200658,520,1560,24998,Cancelled
1307,"Lozano, Brown and Davidson",RXD,RFS,2026-02-23 01:11:20.389988,2026-03-25 00:58:47.878481,276,1621,3480,On Time
1308,Gilbert Ltd,ZSP,BJW,2026-03-07 01:24:37.752733,2026-01-24 17:34:07.871784,117,3648,5952,On Time
1309,"Lee, Wells and Oneal",PRW,SAN,2026-01-15 12:48:02.427722,2026-01-13 10:34:52.684634,142,9736,30954,Cancelled
1310,Ortega Inc,QNT,HOG,2026-04-04 12:45:26.385759,2026-01-01 15:27:08.555118,235,338,41517,Delayed
1311,Hampton LLC,HVM,UPB,2026-01-02 00:13:04.286564,2026-02-18 10:36:17.093243,46,7808,12013,Cancelled
1312,Moore-Reyes,TRV,LZQ,2026-03-24 17:03:43.357373,2026-03-22 13:09:40.265438,201,9094,3107,On Time
1313,Stafford-Dunn,LIW,PTQ,2026-01-03 22:18:36.958329,2026-01-24 08:40:37.268200,134,9984,14543,Delayed
1314,Johnson Ltd,HOG,YDU,2026-03-15 23:08:05.370144,2026-01-27 19:27:48.566915,288,4446,12692,On Time
1315,Harris-Haney,CFB,UDQ,2026-03-17 10:38:18.837262,2026-02-14 14:58:17.874341,140,7336,32579,Delayed
1316,Johnston Ltd,PIG,ESX,2026-03-02 13:32:29.082447,2026-02-08 00:36:53.063157,338,6795,36291,On Time
1317,Williams Ltd,OWC,PIC,2026-03-19 19:59:38.382467,2026-03-21 00:28:19.286763,89,4512,5681,Delayed
1318,"Chapman, Fry and Hahn",SJZ,VPC,2026-02-09 20:49:05.293890,2026-03-04 00:19:38.545544,527,9818,13889,Cancelled
1319,Rodriguez-Cooper,BIL,QST,2026-02-13 09:01:20.447400,2026-01-02 14:39:59.084309,290,5746,38184,Delayed
1320,"Bell, Perez and Mcguire",FYW,OIN,2026-04-07 05:29:42.248212,2026-02-17 14:41:07.962740,183,5889,41722,Delayed
1321,Hill-Wilson,JLM,ZNM,2026-01-23 00:00:55.118666,2026-02-06 19:35:57.831499,325,5565,10071,Cancelled
1322,Thompson and Sons,SLN,WAX,2026-01-29 23:52:30.893398,2026-01-24 05:59:36.632716,548,2172,49314,Cancelled
1323,"Reed, Harvey and Andrade",POL,MOG,2026-01-08 03:15:02.438816,2026-01-20 08:26:00.396436,260,3295,20136,Delayed
1324,King-Wilson,YDU,OIN,2026-03-24 13:08:52.120825,2026-01-06 02:55:07.805960,474,2322,14886,On Time
1325,"Martin, Clark and Sheppard",RXN,VXI,2026-01-10 14:20:30.136362,2026-03-16 08:13:15.959743,479,1184,30923,Cancelled
1326,Ortega-Young,VBS,DBH,2026-03-05 04:58:11.741125,2026-02-14 14:15:47.558901,131,2047,18216,On Time
1327,"Mcmillan, Cabrera and Green",GHQ,UAI,2026-04-08 02:58:10.780547,2026-03-17 23:39:27.384923,121,7728,30570,On Time
1328,Howell Group,PIG,MOG,2026-01-11 21:51:53.551203,2026-02-16 07:40:27.884331,135,1791,17856,Delayed
1329,"Cline, Nolan and Perry",HVC,IUM,2026-03-01 09:38:25.453041,2026-03-06 17:33:07.558936,495,210,25114,On Time
1330,Morales-Hughes,XQD,POL,2026-03-09 12:05:54.545965,2026-03-10 08:31:59.175722,346,5390,15723,Cancelled
1331,Le-Hobbs,IAL,OWR,2026-01-10 22:53:37.414426,2026-02-17 02:03:24.444234,265,3810,10825,Delayed
1332,George and Sons,PTQ,CEK,2026-03-29 11:40:32.527937,2026-01-08 18:23:59.839162,185,6254,6272,Delayed
1333,"Reed, Nguyen and Calhoun",FIA,DAL,2026-04-04 11:18:30.493772,2026-04-01 10:19:20.435130,101,227,21781,On Time
1334,English Inc,QAA,QZD,2026-02-18 11:26:22.746094,2026-03-12 03:09:40.409974,355,7867,43907,On Time
1335,Townsend LLC,RRZ,LOW,2026-01-13 12:43:14.773977,2026-03-28 01:16:29.546548,291,9552,36749,On Time
1336,"Lopez, Johnson and Rice",ZYQ,OWC,2026-02-17 08:02:36.678366,2026-01-06 22:00:47.595855,331,9902,21913,Cancelled
1337,Garcia and Sons,RRZ,JEO,2026-03-16 20:34:51.511052,2026-01-09 08:46:42.669771,342,6845,31383,On Time
1338,"Martin, Harris and Davis",NRE,VFJ,2026-01-08 03:57:09.266061,2026-02-21 15:00:33.894159,515,3248,14810,Delayed
1339,Conley Ltd,VFJ,IUM,2026-02-21 05:53:57.003001,2026-01-03 23:13:33.013622,539,4447,20124,Cancelled
1340,"Jones, Ware and Fitzpatrick",JEO,NYP,2026-01-13 21:11:58.669447,2026-04-04 08:19:33.179654,85,6149,35464,Cancelled
1341,Perry and Sons,DCP,SXE,2026-03-10 08:45:24.237379,2026-03-23 17:49:23.126874,472,7649,20027,Cancelled
1342,Salazar Ltd,YTN,HGF,2026-03-04 21:39:35.601528,2026-03-18 14:05:39.571977,78,9654,23914,Delayed
1343,"Bishop, Thompson and Morris",WAX,QAA,2026-02-02 18:53:42.902761,2026-02-27 15:56:22.152292,53,9488,2474,On Time
1344,Yoder Group,HVC,MNZ,2026-03-10 22:32:02.909056,2026-03-18 13:23:23.990550,533,6789,42501,On Time
1345,Maddox Ltd,YSI,WMQ,2026-01-22 14:00:43.151491,2026-03-10 09:21:43.391622,307,4661,9307,Cancelled
1346,Estrada LLC,MAF,PFQ,2026-03-24 09:28:04.341261,2026-03-30 10:36:24.303348,382,3248,26739,Cancelled
1347,Hawkins and Sons,FOE,GGR,2026-01-15 01:48:36.695433,2026-01-16 22:56:59.098072,31,4519,9824,Delayed
1348,Barrett-Martinez,BJD,TGY,2026-04-04 23:11:10.990918,2026-03-07 08:45:52.909566,173,5040,26793,Delayed
1349,Richards Ltd,XJO,OJV,2026-01-22 06:41:37.404896,2026-03-10 17:36:06.546140,325,5886,44403,Cancelled
1350,Owens PLC,FPG,DFB,2026-03-09 06:28:42.198458,2026-01-04 02:44:49.486134,481,989,29270,Delayed
1351,Smith-Rios,LFV,LER,2026-02-24 17:37:39.736091,2026-03-25 10:01:03.019997,230,8111,41164,Cancelled
1352,"Hardin, Stevens and Miller",QEH,RXD,2026-01-27 17:06:09.711751,2026-03-06 03:48:39.548928,320,9417,6058,Delayed
1353,Gonzalez-Hutchinson,CEK,ZTI,2026-01-17 00:56:44.993834,2026-01-13 13:15:11.646964,346,4729,5205,Delayed
1354,Mitchell LLC,JEO,NSL,2026-01-25 08:12:25.744218,2026-03-29 16:04:41.680181,153,2293,45686,Delayed
1355,Wade-Rivera,OIN,HWX,2026-02-24 11:45:09.284856,2026-03-18 00:15:45.809482,401,8427,41525,Cancelled
1356,Stevens Group,YVL,PMA,2026-03-26 06:10:35.045704,2026-03-21 22:30:09.548758,142,1653,47571,Delayed
1357,Mcguire-Parker,ZTI,HIA,2026-02-03 18:34:34.245793,2026-01-10 12:01:36.527300,151,1291,31044,On Time
1358,Bullock-Harris,HOR,UNV,2026-02-07 01:34:38.513030,2026-01-14 05:07:09.705287,34,1765,23240,Cancelled
1359,"Christensen, Simpson and Scott",LIW,MZH,2026-03-06 08:05:39.735896,2026-02-03 16:14:37.072588,410,2748,6249,On Time
1360,Villarreal Group,UVN,UPB,2026-02-22 06:54:10.853611,2026-04-05 23:17:55.108287,555,7090,3051,Cancelled
1361,Ochoa LLC,AMB,RWO,2026-02-19 13:39:47.067863,2026-01-30 01:47:25.195297,586,8572,7979,On Time
1362,Ramirez-Gonzalez,VPZ,HOR,2026-01-12 11:31:37.185754,2026-03-20 20:46:07.213164,253,2314,43495,Delayed
1363,Lewis-Lynch,GYR,ZTI,2026-01-23 17:05:24.745295,2026-02-10 19:23:24.115333,291,1699,29582,Cancelled
1364,Bryant LLC,GGR,NPR,2026-03-01 09:42:12.254508,2026-01-23 04:46:22.633877,259,2270,47888,On Time
1365,Wood and Sons,GGR,VXK,2026-02-28 14:12:20.868291,2026-03-07 12:38:55.214063,545,3164,21412,Cancelled
1366,Johnson Group,ANH,NGJ,2026-04-06 22:11:07.194844,2026-02-01 15:39:46.281334,50,8826,9768,Cancelled
1367,"Fry, Hernandez and Lee",HVG,POL,2026-02-18 16:24:13.249593,2026-02-21 16:11:47.927566,297,5425,36200,Cancelled
1368,Roberts Ltd,VFJ,GXQ,2026-01-16 10:42:13.206987,2026-02-08 03:08:36.749836,341,7069,34151,On Time
1369,"Carrillo, Wheeler and Perez",XJB,ANH,2026-04-03 18:02:27.865863,2026-03-28 08:21:00.772766,224,5608,16773,On Time
1370,Jones-Hunter,AAU,WPA,2026-01-07 23:13:15.186298,2026-01-04 22:50:50.354160,310,8114,33518,Delayed
1371,Stone Group,AAU,GQT,2026-03-25 19:41:47.263758,2026-02-17 10:50:42.985788,270,1610,49044,Cancelled
1372,Mitchell-Davis,DHB,RWO,2026-01-21 08:55:46.101314,2026-01-27 03:56:40.487156,127,3447,30767,On Time
1373,"Fletcher, Pratt and Wright",XNP,FOE,2026-02-13 19:23:12.482307,2026-03-02 17:00:41.551587,503,1020,46102,Cancelled
1374,"Parker, Jones and Cervantes",SAN,QZD,2026-02-24 20:02:25.648594,2026-01-16 00:48:55.634755,217,8702,48195,Cancelled
1375,Anderson-Avery,QST,KHA,2026-02-19 09:29:00.037640,2026-03-14 00:06:37.290080,560,2066,46565,Cancelled
1376,Simpson-May,MGR,XQD,2026-03-30 05:48:22.979608,2026-02-11 00:14:45.376957,520,8225,45707,Delayed
1377,Miller Group,QEH,OKT,2026-01-18 15:06:21.404008,2026-01-30 09:28:44.337234,513,3843,45361,Cancelled
1378,"Jones, Riggs and Rodgers",UZS,ZSP,2026-03-08 04:16:16.711795,2026-01-13 10:03:10.391589,270,5225,41028,Cancelled
1379,Wright and Sons,BZQ,YSI,2026-02-12 15:35:55.187105,2026-03-18 15:45:52.539394,359,7349,40843,Cancelled
1380,Smith-Hatfield,PRW,VFJ,2026-03-14 06:52:12.352418,2026-01-02 18:03:18.143521,58,5002,4443,Delayed
1381,Lopez and Sons,SAN,UNV,2026-03-09 07:23:01.712783,2026-03-01 06:36:25.180115,118,4733,6468,Delayed
1382,"Ferrell, Lopez and Doyle",OWC,UUO,2026-03-23 16:18:41.549615,2026-03-05 08:52:23.042275,108,999,37453,Delayed
1383,"Hall, Cunningham and Keller",SFR,FIA,2026-01-24 01:48:04.911023,2026-01-25 00:28:35.825781,415,6279,22125,Cancelled
1384,Lewis Inc,BJW,PFQ,2026-02-12 15:14:36.491799,2026-02-16 22:35:40.234118,194,658,5158,Cancelled
1385,"Bennett, Norton and Pierce",FOE,UZS,2026-03-31 06:21:23.846092,2026-02-14 19:11:57.669618,201,892,27464,Delayed
1386,Ellis-Gould,HVG,XQD,2026-01-05 19:48:47.650380,2026-01-13 13:57:53.735583,526,9531,31438,Cancelled
1387,"Perkins, Mitchell and Goodwin",EMQ,HIA,2026-01-21 21:58:12.764556,2026-02-16 01:25:37.579794,511,5305,35177,Cancelled
1388,Booker Group,RML,ZQT,2026-03-27 11:45:32.461924,2026-01-26 19:41:25.108157,443,8637,6234,Delayed
1389,Stewart-Payne,WMQ,XRZ,2026-01-07 09:05:10.122460,2026-01-14 07:29:52.716649,290,1843,2783,Cancelled
1390,"Castro, Williams and Vazquez",LXX,TGY,2026-02-17 15:47:19.914240,2026-03-16 15:10:33.106439,233,4482,32251,Cancelled
1391,Clarke and Sons,DAL,MGR,2026-03-18 04:30:43.942751,2026-03-12 14:14:33.335140,548,9170,15030,Cancelled
1392,"Thomas, Hansen and Garcia",XJO,QNT,2026-02-06 21:55:55.351439,2026-03-14 19:13:13.795646,428,5556,6403,On Time
1393,"Smith, Mitchell and Crawford",LFV,BJW,2026-03-28 02:03:23.866551,2026-03-12 10:53:53.328161,485,2924,13448,Delayed
1394,Williams-Howard,ZTI,JEO,2026-01-31 10:08:06.685084,2026-03-04 11:44:37.734071,214,8998,38736,Cancelled
1395,"Mcdowell, Bond and Snyder",OWC,JHK,2026-03-27 19:29:49.817951,2026-01-07 22:11:52.377691,542,5848,47414,Cancelled
1396,"Hughes, Price and Flores",NLB,FVJ,2026-03-10 03:13:26.183015,2026-02-27 15:42:11.114709,419,4379,47002,On Time
1397,Arias PLC,AMB,XOR,2026-03-06 11:38:29.915483,2026-02-11 09:26:57.969796,516,3058,13219,Cancelled
1398,Figueroa-Garcia,SFR,ANH,2026-02-02 06:36:09.444174,2026-01-28 11:19:22.525737,149,2201,38094,On Time
1399,"Hunter, Petty and Cervantes",CPL,QNT,2026-02-06 06:15:49.950603,2026-02-21 17:16:24.598015,387,3645,45534,On Time
1400,"Smith, Adams and Fisher",ZYQ,ARU,2026-01-31 11:21:23.713193,2026-01-13 14:50:11.433824,446,3304,35801,Delayed
1401,Moss Inc,KFP,MVU,2026-02-13 07:55:23.412658,2026-02-28 02:26:47.003196,493,3251,9419,On Time
1402,Perez-Guerra,GYR,GHQ,2026-02-04 06:41:33.173577,2026-02-01 08:17:07.704355,579,5144,20326,Delayed
1403,Orozco-Miller,GXQ,MAF,2026-01-20 02:33:27.881444,2026-02-26 20:16:54.281897,62,5710,36819,Delayed
1404,"Li, Hernandez and Berry",HZN,ZYQ,2026-01-26 19:21:11.116923,2026-02-03 00:28:23.190763,138,9531,33815,On Time
1405,Andrade LLC,RML,XRZ,2026-02-13 06:54:57.750676,2026-03-27 13:32:20.059494,101,4993,31077,Delayed
1406,Parker-Arellano,HVG,PIG,2026-02-10 19:30:25.490895,2026-01-28 05:11:44.150699,569,5897,5516,Cancelled
1407,Brown-Braun,VAZ,XWE,2026-01-06 03:45:38.926029,2026-04-06 12:22:41.579372,99,9012,3462,Delayed
1408,Allen-Williams,BIL,XWE,2026-02-23 03:59:08.071827,2026-02-10 12:43:59.639956,521,3862,48785,Delayed
1409,Jackson-Mueller,AMB,HPX,2026-02-01 01:26:53.171831,2026-02-05 17:59:10.209495,553,2928,5007,Cancelled
1410,"Delgado, Richardson and Parker",QST,MZH,2026-02-16 03:09:56.098172,2026-02-20 08:14:03.802798,481,5116,13759,Delayed
1411,Hickman and Sons,COF,CKO,2026-03-25 22:00:10.462254,2026-03-17 15:40:46.906819,285,3361,31467,Delayed
1412,"Cummings, Patel and White",DHB,NRE,2026-03-15 12:24:03.596619,2026-03-21 13:52:37.395769,347,818,15440,On Time
1413,"Evans, Acosta and Waters",YNZ,NYP,2026-02-09 19:06:45.953288,2026-01-23 13:18:02.694440,511,9172,22691,Cancelled
1414,Brown-Baldwin,HOG,RFS,2026-01-28 05:39:37.102549,2026-01-15 13:10:51.236727,541,1150,21937,On Time
1415,Wright-Lewis,WPA,TGY,2026-02-07 23:55:31.913911,2026-03-27 02:20:48.634568,153,9138,17345,Delayed
1416,Williams Ltd,ARU,TOJ,2026-01-21 11:10:58.493691,2026-01-08 03:10:54.936929,369,6736,29121,Cancelled
1417,Grimes-Herrera,SFR,GYR,2026-03-09 16:04:55.456110,2026-03-22 20:09:10.000554,429,7164,18752,Delayed
1418,Wright-Brown,NRE,CEK,2026-03-09 22:40:37.476495,2026-02-09 07:34:50.179147,300,5984,42739,Delayed
1419,"Flowers, Jackson and Jones",JBR,RXD,2026-02-23 08:58:19.328587,2026-01-11 17:54:25.092756,243,5384,12434,Delayed
1420,Bailey Inc,MNZ,PIV,2026-02-22 17:53:08.134187,2026-03-01 02:05:38.251113,449,1379,43775,Cancelled
1421,Archer LLC,QAA,CXD,2026-02-23 20:51:36.632394,2026-01-10 08:46:15.130831,167,7380,37853,Cancelled
1422,"Page, Neal and Wilson",JHK,OKT,2026-02-07 08:57:16.070895,2026-02-27 01:26:35.002542,598,5789,17353,Cancelled
1423,"Roberts, Lopez and Estrada",MNZ,YLF,2026-03-05 18:02:41.170768,2026-03-25 16:42:53.395784,515,2850,49479,Cancelled
1424,Ali Group,DCP,XQD,2026-03-10 21:05:33.840736,2026-03-09 09:04:56.437798,589,3168,41383,Delayed
1425,"Kramer, Brooks and Jones",DVE,HOR,2026-03-15 04:07:50.687835,2026-04-05 12:51:04.141253,195,7398,32565,Delayed
1426,"Bennett, Simmons and Martinez",UDQ,POL,2026-02-19 21:48:05.638709,2026-03-10 10:19:59.398264,484,1591,21609,On Time
1427,Davis-Thompson,RWO,PIC,2026-01-14 12:42:59.198289,2026-04-03 04:17:46.859242,34,6612,11635,On Time
1428,Mclaughlin Group,DBH,JEA,2026-02-03 15:06:02.717636,2026-02-08 09:11:26.531410,258,9409,21550,On Time
1429,Case-Warren,HZN,XJO,2026-01-20 11:38:38.235706,2026-04-02 09:13:51.972209,499,7155,47719,On Time
1430,"Padilla, Foster and Knight",PIV,QAA,2026-03-29 07:30:57.092451,2026-03-22 03:44:15.328562,396,8080,21936,Cancelled
1431,"Whitney, Clark and Myers",WUT,WAX,2026-03-15 00:42:22.149971,2026-01-10 16:40:19.704205,339,1943,31491,On Time
1432,"Morris, Harris and Simpson",MWN,GHQ,2026-03-01 20:30:57.428724,2026-03-30 22:45:47.509019,228,6207,44266,Cancelled
1433,"Lawrence, Montes and Sanchez",MGR,WMQ,2026-02-23 15:37:30.218254,2026-04-07 20:26:03.797045,278,9265,30844,Cancelled
1434,Rowe-Conner,SAZ,EMQ,2026-02-10 07:57:53.337331,2026-02-17 14:39:34.445172,427,462,2346,On Time
1435,"Hicks, Fischer and Miller",GYR,UUO,2026-03-08 04:54:52.556410,2026-01-22 08:11:10.277399,507,909,31342,Delayed
1436,Ortiz-Garrett,SLN,XQD,2026-03-27 22:34:21.954468,2026-02-03 19:50:15.894409,225,9190,29193,Delayed
1437,Martin PLC,UHK,UNV,2026-04-01 10:54:06.070112,2026-03-06 02:41:42.420854,34,2898,36361,Cancelled
1438,Davidson-Fleming,GQT,ZNM,2026-02-14 12:14:23.208066,2026-01-21 18:54:42.239931,326,3733,30759,On Time
1439,"Parsons, Medina and Webster",DAL,ZTI,2026-03-13 18:30:20.864201,2026-01-07 03:44:21.998094,452,1291,6444,Delayed
1440,Jackson-Mckenzie,JVG,QAA,2026-01-04 05:49:58.053735,2026-01-21 08:52:34.192616,75,8781,37166,Delayed
1441,"Taylor, Gomez and Velez",UPB,NGJ,2026-04-01 07:57:07.539438,2026-02-27 09:44:21.614739,275,2053,36374,On Time
1442,Harper Ltd,KBO,ISQ,2026-03-02 18:28:38.661973,2026-03-24 18:31:37.478987,110,3606,46815,On Time
1443,Frank-Stanley,OJV,SAZ,2026-03-08 02:49:38.262733,2026-01-27 17:28:14.985481,156,3077,32580,Delayed
1444,Long-Sanchez,HFX,ZIB,2026-01-02 16:37:47.898923,2026-01-26 04:36:17.530838,183,6872,23983,Cancelled
1445,Hill-Smith,SAN,GQT,2026-03-27 16:17:24.175459,2026-03-09 05:52:29.386773,524,1593,13761,Delayed
1446,Baker-Wilson,UHK,QZZ,2026-01-09 20:13:28.024839,2026-03-28 08:58:31.851141,403,9862,49271,Cancelled
1447,Marshall-Smith,HUX,YTN,2026-04-01 11:49:19.329422,2026-01-06 20:31:22.908200,134,3365,31333,On Time
1448,Lee and Sons,OYA,YVL,2026-03-07 02:13:11.958006,2026-01-27 00:26:06.919707,493,3864,6222,On Time
1449,Bartlett and Sons,IUM,UAI,2026-02-24 04:11:12.010597,2026-03-05 05:32:34.471394,203,5426,27330,On Time
1450,Terry-Wallace,UUO,KBO,2026-02-28 17:26:13.692886,2026-02-09 10:21:40.001978,99,402,3183,Delayed
1451,"Sparks, Lee and Barton",VZN,CYC,2026-03-15 00:51:55.245166,2026-03-08 19:35:55.249038,469,5975,47850,Delayed
1452,Skinner-Roberts,WJU,GQN,2026-01-25 02:20:45.292311,2026-02-16 11:16:57.761191,61,5947,40431,Cancelled
1453,Soto-Nunez,DBH,OIN,2026-01-26 13:10:02.152709,2026-02-26 17:26:32.598889,184,1659,47446,Delayed
1454,"Anderson, Jones and Ford",PIC,OYA,2026-03-26 10:34:14.600442,2026-02-21 06:46:50.176646,181,9634,48986,On Time
1455,Hart-Vazquez,ZQT,FIA,2026-02-02 16:52:58.877628,2026-03-14 10:49:25.958846,303,9093,42691,Cancelled
1456,Sanchez-Silva,ZSP,QEH,2026-03-29 13:52:34.321292,2026-02-07 13:13:17.066058,388,9479,25009,Delayed
1457,Craig-Mendoza,ORB,DBH,2026-03-02 06:05:16.498196,2026-03-23 00:51:46.138754,330,6563,46837,On Time
1458,Hampton Ltd,VAZ,RRZ,2026-01-22 05:33:32.055326,2026-02-12 05:01:12.581361,202,8247,17221,Delayed
1459,"Brooks, Tanner and Rodriguez",POL,MOG,2026-01-02 04:39:49.681723,2026-02-12 07:09:42.132077,290,9354,7816,On Time
1460,Wilson-Davila,OLP,XRZ,2026-03-22 04:28:25.468424,2026-02-24 01:05:57.060665,477,3189,5996,Delayed
1461,Houston-Rogers,ZEI,BJD,2026-01-13 20:46:52.980371,2026-01-02 08:08:54.302208,588,6565,16049,On Time
1462,Garcia-Atkins,DFB,DNK,2026-03-04 02:30:08.470824,2026-04-06 21:59:47.468333,473,5857,31224,Delayed
1463,"Baldwin, Meyer and Ramos",AJM,EMQ,2026-01-30 19:22:36.759995,2026-01-31 06:35:41.163261,71,1424,9037,Cancelled
1464,"Griffin, Hayes and Hurley",CFB,COF,2026-03-29 07:46:36.391282,2026-03-04 10:08:10.017881,280,9747,10087,Delayed
1465,"Flores, Dyer and Marshall",KRW,GHQ,2026-01-18 01:13:50.301081,2026-03-20 20:45:27.061069,178,5397,27760,Cancelled
1466,"Hill, West and Strong",UNV,VXI,2026-03-16 17:17:44.250984,2026-02-16 15:37:30.349374,269,2842,35692,On Time
1467,Gomez-Rodriguez,XQD,HFX,2026-04-02 12:11:07.043589,2026-03-05 05:43:44.359642,474,3987,25293,On Time
1468,Blair-Rice,WJU,RFL,2026-02-17 04:46:54.724742,2026-03-08 12:03:32.813572,269,908,42803,Cancelled
1469,"Whitehead, Bradley and Carlson",SEA,ZTI,2026-03-14 08:22:35.737216,2026-01-24 01:24:57.939904,459,4846,10222,On Time
1470,Oliver PLC,ISQ,MZH,2026-01-10 22:20:42.673235,2026-03-16 09:24:29.299784,211,2925,5705,Delayed
1471,Thompson-Kelley,PTQ,QEH,2026-01-14 14:20:20.801471,2026-03-06 23:21:13.726038,113,4926,39684,Delayed
1472,Mendez Inc,OWR,JHK,2026-04-02 02:15:23.549334,2026-03-02 13:40:51.904777,353,514,42145,On Time
1473,Taylor Inc,GQT,HOR,2026-01-20 22:33:30.394386,2026-02-13 07:57:13.630949,428,6068,2469,On Time
1474,"Gonzalez, Gomez and Stevens",OJV,YSI,2026-01-07 18:57:17.796235,2026-03-02 21:20:44.959070,213,3882,18278,On Time
1475,"Kane, Gallegos and Morrison",RRZ,HIA,2026-03-16 03:51:56.311226,2026-02-10 02:18:12.547708,237,8395,36745,Cancelled
1476,"Gutierrez, Walker and Washington",OKT,OIS,2026-03-16 04:38:47.981437,2026-03-16 05:04:32.427698,554,3235,36370,On Time
1477,Johnson-Osborne,GHQ,WUT,2026-03-07 08:05:35.004067,2026-01-17 23:17:08.222045,175,7470,25241,On Time
1478,Serrano-Villanueva,GQT,MVU,2026-02-08 17:53:59.261546,2026-01-19 00:24:31.647512,522,3048,34488,On Time
1479,Collier and Sons,FOE,HZK,2026-02-02 14:01:11.790581,2026-03-02 09:36:46.885244,94,642,28996,On Time
1480,Anderson Ltd,AMB,HVG,2026-03-30 10:20:31.167768,2026-03-31 05:40:20.821182,387,4716,18070,Delayed
1481,Hughes PLC,YNZ,HOG,2026-03-16 11:16:28.320514,2026-03-11 09:11:21.062248,288,9740,48262,Cancelled
1482,Hatfield Inc,DDQ,PFQ,2026-03-11 09:21:42.166284,2026-01-13 20:07:37.686122,523,7522,24512,On Time
1483,Berger-Williams,BJD,NRE,2026-01-30 14:22:13.757247,2026-03-29 21:27:26.363448,406,9016,49219,Delayed
1484,"Sutton, Mccormick and Erickson",OKT,XQD,2026-01-04 07:05:17.177845,2026-02-02 15:48:21.994526,77,1689,30112,Delayed
1485,"Mullins, Dalton and Chen",CFB,LER,2026-01-07 19:04:20.918333,2026-03-28 11:02:28.845348,460,3570,36615,Delayed
1486,"Garcia, Calhoun and Clark",FYW,LER,2026-03-28 12:17:54.707280,2026-02-20 16:37:08.952274,371,5877,41663,Cancelled
1487,Brock and Sons,EMT,PXE,2026-02-04 21:44:31.427929,2026-01-22 22:26:40.794300,538,5176,24183,On Time
1488,Williams-Bell,NSL,UHK,2026-03-29 03:36:50.950923,2026-01-14 16:23:32.257661,247,5943,18748,On Time
1489,Fox PLC,RXD,KBO,2026-03-27 16:50:07.325747,2026-04-07 05:07:01.476310,139,7072,30069,Delayed
1490,Guzman-Jones,QUE,RXN,2026-01-24 22:25:23.178116,2026-02-28 11:12:38.791867,599,2440,43074,On Time
1491,"Williams, Buck and Graham",NPR,XQD,2026-01-25 16:44:28.229655,2026-01-16 06:30:36.875358,490,9033,44885,Cancelled
1492,"Spencer, Tyler and Jimenez",BJD,RFL,2026-01-13 07:00:02.575897,2026-01-19 04:26:45.980937,108,3474,46820,On Time
1493,Gibson Inc,JLG,DCP,2026-01-20 12:34:20.245004,2026-03-13 16:49:31.119388,44,8059,2927,On Time
1494,White Group,BIL,QFJ,2026-01-13 03:57:55.383002,2026-01-14 06:31:42.546841,216,7157,19156,On Time
1495,Fernandez-Sutton,PIV,RXN,2026-02-14 02:44:26.297036,2026-01-22 10:26:36.825294,238,6435,40922,On Time
1496,Johnson-Shaffer,FOE,JLG,2026-02-04 02:04:22.846100,2026-03-31 10:19:15.557085,534,5161,26716,On Time
1497,Johns-Bean,DHB,VLU,2026-04-01 18:33:39.528823,2026-01-30 22:58:51.592170,420,5379,16506,Cancelled
1498,"Landry, Burnett and Lopez",YNZ,NSL,2026-01-29 14:53:55.791433,2026-02-06 04:31:06.435729,269,9339,16515,Delayed
1499,"Lee, Kelly and Medina",QEH,GGR,2026-01-23 13:29:13.240682,2026-03-04 03:48:15.609146,255,7054,4708,On Time
1500,Norton-Velez,PMA,OTP,2026-03-25 11:02:22.540146,2026-03-01 20:20:20.415432,241,533,18298,Cancelled
1501,Smith-Reyes,RWO,NPR,2026-03-05 21:03:40.331806,2026-03-12 05:23:33.460029,310,7928,27210,On Time
1502,"Bryan, Delacruz and Romero",CPL,XJB,2026-04-06 05:45:59.195610,2026-01-02 18:07:27.642780,272,436,8004,Cancelled
1503,Hall-Wolfe,XOR,QAA,2026-03-04 11:09:16.611531,2026-01-26 09:47:30.645638,562,5723,45251,On Time
1504,Dean and Sons,HFX,AOQ,2026-01-15 17:03:12.553647,2026-01-18 06:57:26.156277,379,6701,24419,On Time
1505,Wagner LLC,AMB,MZH,2026-03-03 19:31:45.027007,2026-02-21 20:32:39.899358,578,8920,23625,Cancelled
1506,Arnold-Leonard,FIA,NRE,2026-03-06 06:49:34.432305,2026-01-08 13:50:44.387038,133,5903,22424,On Time
1507,Bryan and Sons,CEK,LIW,2026-03-16 05:55:49.029302,2026-03-18 15:10:35.746413,593,8545,31387,Delayed
1508,Hoffman-Fernandez,AXF,MOG,2026-02-07 22:15:42.028901,2026-03-24 18:48:06.789749,361,6732,30487,On Time
1509,"Leonard, Gomez and Carter",JVO,VAZ,2026-03-07 03:01:48.910656,2026-02-10 00:49:06.953857,66,5374,23907,On Time
1510,Nguyen Group,JDM,OLP,2026-02-18 13:55:05.571750,2026-02-05 17:20:32.334862,350,3251,21886,Cancelled
1511,"Perry, Medina and Graves",LZQ,WPA,2026-01-01 07:39:43.510756,2026-01-28 06:13:35.507693,162,3401,13177,On Time
1512,"Johnson, Stephens and Austin",VAA,UPB,2026-04-02 03:12:19.892717,2026-04-06 04:02:19.969792,347,669,20848,Delayed
1513,Brown-Diaz,HZK,NSL,2026-02-22 18:10:50.431160,2026-01-12 01:03:57.252272,557,7680,31744,On Time
1514,Simmons and Sons,MNZ,HWX,2026-02-10 08:16:20.357181,2026-03-29 04:57:03.633618,91,5193,12462,Cancelled
1515,Burnett LLC,SFR,FYW,2026-04-05 15:28:49.198175,2026-01-15 13:33:26.957633,59,5109,39220,Delayed
1516,"Perez, Brooks and Morgan",CPL,SAZ,2026-01-02 06:25:12.732209,2026-04-06 16:34:10.074299,220,5319,15641,On Time
1517,"Brown, Walker and Lee",XNP,QEH,2026-02-17 08:52:22.938221,2026-01-11 21:39:59.636316,167,738,32008,Delayed
1518,"Cummings, Brown and Perez",PXE,LER,2026-02-25 13:14:29.964128,2026-02-19 03:17:47.078826,538,3627,18005,Delayed
1519,Riddle-Martin,HZN,HWX,2026-03-30 11:22:20.557631,2026-02-10 08:18:44.817779,104,393,29761,Delayed
1520,Whitaker-Sharp,JBR,ORB,2026-03-07 13:17:49.682331,2026-01-14 05:23:45.054847,167,1437,27362,On Time
1521,"Perez, Mccarty and Parsons",XJO,YDU,2026-03-27 11:54:09.587200,2026-04-01 11:38:53.053318,259,4860,41135,Delayed
1522,"Robertson, Cooley and Vasquez",UUO,RRZ,2026-03-27 22:22:13.825098,2026-01-30 21:14:14.321804,390,222,41477,Delayed
1523,Oliver-Hopkins,WUT,CKO,2026-02-14 10:12:50.266659,2026-02-18 01:21:24.934447,345,2068,17692,On Time
1524,Thompson PLC,VFJ,DFB,2026-03-18 01:27:15.828535,2026-01-22 08:30:34.048183,298,563,5348,On Time
1525,"Lee, Crawford and Preston",OWR,VAA,2026-03-02 00:17:24.975855,2026-04-08 14:09:13.336994,501,3092,31944,Delayed
1526,"Turner, Baker and Walter",CYC,AMB,2026-02-01 13:14:04.975619,2026-01-01 18:41:33.569349,272,9793,37181,Delayed
1527,Davis-Smith,HVC,VLU,2026-03-15 03:02:28.768507,2026-03-17 22:30:20.785868,223,8394,17339,Cancelled
1528,"Williams, Beard and Kaiser",YSI,PIC,2026-03-10 01:13:53.550540,2026-01-01 11:09:22.480935,352,2319,42873,On Time
1529,"Malone, Jenkins and Meyer",UZS,HVG,2026-03-10 02:52:11.477735,2026-01-24 14:04:28.413093,108,3938,23381,Cancelled
1530,"Webb, Wilson and Key",WAX,VPU,2026-03-30 13:05:21.317309,2026-02-12 00:19:53.544348,122,2831,33893,On Time
1531,"Reilly, Berger and Cook",KHA,XJB,2026-02-14 13:19:01.592480,2026-01-26 14:08:18.808392,278,741,14455,On Time
1532,Johnson and Sons,FIA,TOJ,2026-01-28 05:22:20.853950,2026-01-10 23:16:12.632977,596,3784,7536,Cancelled
1533,Marsh-Smith,ZSP,CBT,2026-01-25 06:29:07.244629,2026-04-02 18:09:41.717913,580,6847,33347,Delayed
1534,Sanchez-Garcia,EMQ,LER,2026-02-25 23:35:23.451138,2026-03-14 18:16:12.540993,234,5303,12794,Delayed
1535,"Shannon, Wilkins and Villanueva",RFL,OJV,2026-03-26 02:04:15.368567,2026-01-15 11:47:22.851038,489,5751,20384,On Time
1536,"Sanchez, Young and Howell",RFS,OKN,2026-02-12 03:16:18.437288,2026-03-19 11:55:57.136066,429,2071,40919,On Time
1537,Hernandez and Sons,VPC,QFJ,2026-01-21 19:45:21.100106,2026-03-02 03:43:33.327000,505,2351,33901,On Time
1538,"Fernandez, Stein and Hebert",YTN,PXE,2026-01-26 02:04:16.770525,2026-02-07 05:52:48.017107,329,9523,47537,Delayed
1539,"Owens, Fowler and Duffy",AXF,QPC,2026-03-04 23:13:05.145704,2026-03-04 08:24:50.344975,592,1404,25163,Delayed
1540,Rogers-Dominguez,KHA,MWN,2026-01-23 20:14:04.251306,2026-02-15 18:24:49.876256,89,3770,7124,Delayed
1541,Shepard Ltd,MVU,VFJ,2026-01-28 09:15:51.895711,2026-01-23 07:31:34.674666,537,4563,26891,On Time
1542,Lopez-Parks,RXD,WAX,2026-03-03 19:02:03.478677,2026-02-22 04:54:24.577067,271,1957,33337,Delayed
1543,Erickson-Tucker,UUO,OLP,2026-03-06 19:25:02.009385,2026-02-26 00:04:12.716205,106,7628,35368,Delayed
1544,"Richards, Lynch and Espinoza",PTQ,TTI,2026-03-19 04:11:57.387679,2026-02-27 06:48:11.369829,384,2951,48333,Delayed
1545,Coleman-Perez,OIN,RFS,2026-04-04 00:36:30.486545,2026-02-14 12:14:33.083201,337,7201,28634,On Time
1546,Mckenzie-Olson,PIC,JQG,2026-02-12 20:59:23.149467,2026-03-14 16:35:09.107808,94,2892,48853,Delayed
1547,Young-Huff,RFS,GGR,2026-04-02 07:14:23.762101,2026-01-19 05:08:44.157295,315,1209,35664,On Time
1548,"Novak, Olson and Gomez",NYP,OIN,2026-01-25 14:52:03.092776,2026-02-04 16:27:36.239854,156,1056,8303,Delayed
1549,Ramirez Inc,HIR,EDQ,2026-01-01 22:05:01.615693,2026-02-18 11:36:11.081915,379,5959,3574,Delayed
1550,Garrison LLC,BJD,SLN,2026-02-06 12:22:17.425390,2026-02-28 01:51:46.831215,508,9808,38814,Cancelled
1551,"Ortiz, Bowman and Peterson",VPC,AJM,2026-02-21 10:44:35.377495,2026-03-30 14:33:54.091206,447,4282,20024,Delayed
1552,"Coleman, Hernandez and Turner",XRZ,AJM,2026-01-23 22:59:02.684862,2026-01-01 05:11:07.588749,272,5226,36886,On Time
1553,Taylor-Chung,QUE,LIW,2026-02-27 21:26:37.782024,2026-02-24 00:28:13.430886,59,3707,20953,On Time
1554,Burke and Sons,NSL,OLP,2026-04-02 05:32:07.327047,2026-03-30 12:16:09.636954,121,6675,27171,On Time
1555,Walker-Miller,GQT,YNZ,2026-04-07 22:01:57.487510,2026-03-06 16:39:24.959085,185,3293,11133,Cancelled
1556,Martinez-Anderson,HOG,DYM,2026-03-10 18:28:25.660486,2026-02-22 13:53:43.086197,234,2787,23696,Delayed
1557,"Morton, Hunter and Taylor",HOR,KLN,2026-02-25 19:28:39.975407,2026-01-17 15:39:29.739939,536,5171,43354,On Time
1558,Cortez and Sons,LOW,EMQ,2026-03-28 10:47:27.893425,2026-03-02 21:30:11.361943,385,8495,9807,Delayed
1559,Rogers-Avery,PMA,LZQ,2026-02-20 21:18:23.016591,2026-01-05 20:37:31.619034,585,9630,22010,On Time
1560,Mcclure-Simpson,VPU,XJB,2026-02-16 09:10:41.847255,2026-02-16 15:28:02.145173,125,3734,4751,Delayed
1561,Barnett-Garcia,FYW,RFL,2026-04-08 02:54:30.474329,2026-04-06 00:22:16.352188,308,8028,21222,On Time
1562,"Middleton, Stewart and Lee",RCJ,HZK,2026-02-24 11:15:46.531978,2026-04-06 14:14:36.814934,496,5311,19155,Cancelled
1563,Garcia-Young,WUT,BJD,2026-01-24 13:22:05.470702,2026-04-04 20:47:53.133755,423,3092,31926,Delayed
1564,"Price, Barron and Schwartz",CYC,GXQ,2026-01-28 03:44:36.805518,2026-01-15 21:11:56.340920,362,1625,25396,Delayed
1565,Wong-Perez,AXF,ZTI,2026-01-22 20:09:17.836146,2026-03-18 18:14:31.634938,395,6347,27327,Cancelled
1566,"Krueger, Pacheco and Smith",BJD,UUO,2026-02-23 02:47:10.572029,2026-02-11 15:08:20.117752,108,4568,8165,Delayed
1567,"Mueller, Galloway and Ramirez",SXE,HFX,2026-01-20 19:00:42.633200,2026-02-15 01:58:24.850424,384,2162,18628,Delayed
1568,Smith-Gilbert,PIG,KRW,2026-03-31 16:50:10.447584,2026-02-28 05:32:21.152575,208,6305,33631,On Time
1569,Ray PLC,RZR,KHA,2026-01-19 15:38:45.695671,2026-03-30 05:06:24.907283,231,9410,18945,Cancelled
1570,Riley LLC,OTP,GQN,2026-02-15 05:45:10.138020,2026-02-04 19:43:42.099279,519,1463,4775,On Time
1571,Anderson-Price,GXQ,HIR,2026-01-21 18:56:16.340750,2026-02-20 17:04:14.812207,249,7152,7801,Delayed
1572,Reed and Sons,SFR,ARU,2026-01-30 13:07:35.182978,2026-01-31 15:40:59.340906,380,2303,25207,Cancelled
1573,"Berg, Pope and Robinson",DNK,KFP,2026-03-18 01:01:42.320976,2026-03-28 23:02:13.138441,75,7607,19238,Cancelled
1574,Johnson Ltd,MOG,QFJ,2026-03-17 15:35:11.119193,2026-03-12 23:25:08.495186,321,2556,44813,On Time
1575,"Wilkins, Foster and Herring",CBT,VBS,2026-03-13 04:35:19.416706,2026-03-24 02:51:16.256423,260,4973,40577,On Time
1576,Lewis-Ingram,HZK,QST,2026-03-01 22:42:09.135809,2026-02-13 10:25:09.348162,469,1958,28058,Cancelled
1577,"Mullins, Henderson and Cardenas",TTI,YLF,2026-02-21 06:10:05.585909,2026-03-14 02:12:13.442312,236,4225,16651,Cancelled
1578,Martinez-Juarez,IDD,VHB,2026-04-02 02:27:15.315184,2026-02-23 16:38:29.087739,308,8316,2933,Cancelled
1579,"Robinson, Allen and West",BJD,TTI,2026-03-22 14:02:03.850876,2026-02-06 02:54:21.652687,479,4079,22308,On Time
1580,"Singh, Weber and Ingram",GQN,EMQ,2026-02-02 15:09:53.840848,2026-01-19 11:04:54.030195,201,8780,40309,Delayed
1581,Wood LLC,OLP,VZN,2026-02-25 15:52:59.181540,2026-03-15 00:49:36.333921,245,6193,5543,Cancelled
1582,"Gutierrez, Martinez and Bryant",HVM,VHB,2026-04-02 18:37:39.873228,2026-01-02 19:48:09.026957,292,8933,47280,Delayed
1583,Hernandez and Sons,OKN,HIR,2026-01-25 20:00:27.818834,2026-01-28 06:37:56.866722,516,7346,48953,On Time
1584,Hicks LLC,HUX,JLM,2026-03-16 07:34:27.067498,2026-01-19 00:50:24.726911,548,6872,20046,On Time
1585,"Wright, Erickson and Briggs",OLP,BIL,2026-04-04 05:54:37.058693,2026-02-17 05:16:13.279856,259,8663,46434,On Time
1586,"Rosales, Vazquez and Le",HVG,WAX,2026-02-11 17:17:36.211999,2026-02-12 15:59:21.863123,258,5906,36028,Delayed
1587,Bender-Hunt,MWN,VAA,2026-01-24 22:53:11.237467,2026-01-23 04:48:44.854402,593,5975,45766,Cancelled
1588,Cox-Alvarez,EDQ,CKO,2026-03-29 07:22:09.265730,2026-01-28 03:10:08.144983,401,4989,3687,Delayed
1589,Foster-Morrow,RXD,HVM,2026-03-03 20:36:40.689882,2026-03-27 17:00:17.629316,323,8936,45106,Delayed
1590,Henson Inc,RFL,RWO,2026-02-14 01:30:03.782430,2026-03-08 00:58:44.463282,556,265,2321,Cancelled
1591,Harrison-Ward,OJV,HIA,2026-03-24 02:12:36.552165,2026-03-13 03:38:26.924075,311,1984,38682,Delayed
1592,Schultz-Cruz,MVU,LXX,2026-01-16 02:09:43.388070,2026-03-23 19:18:11.151098,483,9202,33654,On Time
1593,Khan Ltd,UNV,HOR,2026-03-11 14:16:21.945457,2026-02-09 15:09:14.670500,382,9355,27172,Cancelled
1594,"Johnson, Weaver and King",JLM,HZK,2026-01-08 10:17:28.777153,2026-03-10 15:00:48.574511,182,2092,17047,Delayed
1595,Hawkins Group,CFB,GQT,2026-02-02 13:43:50.815083,2026-01-12 13:10:55.159789,474,2709,35707,Delayed
1596,"Richardson, Jones and Grimes",SJZ,UPB,2026-02-22 11:40:21.434129,2026-01-02 10:54:13.019713,173,3710,30521,On Time
1597,Cooper-Mcgee,XYB,HVC,2026-01-23 09:39:28.600795,2026-01-12 22:10:46.932335,48,4034,37337,Delayed
1598,"Petersen, Bradford and Mccormick",QUE,UHK,2026-02-04 20:16:47.107893,2026-01-27 05:03:04.281340,418,962,27770,Delayed
1599,Walker LLC,VPU,YTN,2026-02-04 09:44:09.470521,2026-02-11 08:32:15.079390,350,389,39053,On Time
1600,Barber and Sons,TOJ,DPO,2026-03-23 15:10:08.627720,2026-01-28 12:48:18.428178,502,4803,2515,On Time
1601,Roberts PLC,RML,SLG,2026-03-07 09:05:21.251130,2026-03-29 13:17:35.589293,75,3451,23339,Cancelled
1602,Davenport Ltd,CBZ,JEO,2026-03-25 20:33:36.542185,2026-03-15 04:43:21.145828,357,6855,19475,Cancelled
1603,Pham PLC,POL,DAL,2026-01-25 23:30:23.868917,2026-01-17 11:26:12.706438,169,1827,30838,Cancelled
1604,Cox Group,LXX,HWX,2026-01-05 19:19:46.186011,2026-02-14 12:20:10.900431,383,2159,15575,Delayed
1605,"Howell, Bullock and Dawson",TTI,HIR,2026-03-04 22:26:52.449778,2026-02-06 21:17:34.750947,103,9348,8494,Cancelled
1606,"Butler, Singleton and Martinez",EDQ,RZR,2026-01-26 18:40:08.092708,2026-02-25 13:23:21.399554,278,9297,15375,On Time
1607,Snow-Trujillo,IAL,QEH,2026-01-22 06:58:24.613665,2026-03-22 08:42:38.937676,410,6408,30821,Cancelled
1608,Johnson-Martin,NGJ,AOQ,2026-01-26 22:38:34.651903,2026-04-01 11:22:22.729574,319,4726,12225,On Time
1609,"Brown, Horton and Fox",CPL,DFB,2026-02-24 14:26:17.967083,2026-01-10 08:50:34.353235,92,7264,30867,Delayed
1610,"Aguilar, Martinez and Wright",ZEI,XWE,2026-03-26 14:55:51.648754,2026-02-11 23:43:06.415644,161,2112,13138,On Time
1611,Murray Inc,MAF,CEK,2026-01-06 12:07:36.555584,2026-01-19 11:11:56.781144,475,3736,5194,On Time
1612,Robinson Inc,DYM,ZTI,2026-01-18 20:04:08.717452,2026-03-19 16:26:14.982154,194,6726,47436,Delayed
1613,Webb Inc,OIN,NLB,2026-02-19 16:01:58.567818,2026-01-20 11:02:03.704695,130,653,19315,Cancelled
1614,Thomas-Diaz,GYR,ZSP,2026-03-20 20:20:04.564671,2026-02-09 00:19:06.021791,96,4018,6344,Cancelled
1615,"Gonzalez, Hawkins and Cook",CPL,LZQ,2026-02-08 22:53:54.894853,2026-03-24 15:24:31.731302,370,9594,42359,On Time
1616,Tucker LLC,BJW,PMA,2026-02-25 15:47:47.179611,2026-01-10 21:21:26.569261,303,8222,14180,On Time
1617,"Ray, Jacobs and Williams",YSI,JBR,2026-02-26 09:51:54.848272,2026-01-10 01:04:09.528004,301,8440,14111,Delayed
1618,"Gonzalez, Mitchell and Clark",EMT,PTQ,2026-02-19 06:04:49.715019,2026-03-04 13:53:37.214722,500,2309,35132,Cancelled
1619,Morton and Sons,FCG,DHB,2026-03-12 16:37:17.942147,2026-03-02 09:28:08.292421,129,6666,48210,Delayed
1620,"Davis, Carr and Lee",QUE,VXI,2026-03-24 01:51:05.139453,2026-02-06 01:32:18.603106,356,9721,11792,On Time
1621,Reynolds and Sons,UDQ,JBR,2026-01-31 21:59:52.541022,2026-04-05 10:01:25.210465,33,1626,10705,Cancelled
1622,Perez Inc,WPA,FVJ,2026-01-24 21:11:07.586483,2026-01-16 01:19:36.392213,526,2515,37292,On Time
1623,Lewis and Sons,JVO,PXE,2026-03-17 02:19:52.535459,2026-03-18 22:58:33.948282,346,1213,25923,Delayed
1624,Patton-Nelson,NRE,FYW,2026-03-13 08:48:08.935674,2026-01-06 08:59:14.323067,496,6462,14826,Delayed
1625,Snyder Inc,CEK,MAF,2026-02-06 20:08:15.349925,2026-01-19 15:21:43.567259,42,5773,4971,On Time
1626,"Smith, Fox and Humphrey",RCJ,YSA,2026-03-12 15:36:23.184007,2026-01-11 20:10:26.652132,591,9848,47343,Cancelled
1627,Marks-Harris,YLF,LER,2026-03-11 04:52:31.785429,2026-02-12 21:12:05.884041,246,3575,27579,On Time
1628,Franklin LLC,FCG,DNK,2026-04-06 23:46:56.891696,2026-02-05 07:44:01.398085,182,1588,33251,Delayed
1629,"Daniel, Avila and Alvarez",SAZ,QAA,2026-01-08 20:27:24.283769,2026-02-25 00:43:27.020416,510,4596,40947,Cancelled
1630,Lopez and Sons,RFL,JEO,2026-02-12 05:50:44.884363,2026-01-19 18:14:43.831962,448,7605,5296,On Time
1631,Mendoza-Jackson,DHB,CFB,2026-01-09 00:30:12.093750,2026-01-09 05:31:00.515290,287,1990,35680,On Time
1632,Edwards and Sons,SLN,JQG,2026-01-23 06:38:55.549495,2026-03-17 22:32:23.533091,430,4019,37635,Cancelled
1633,"Weaver, Jordan and Horn",QZD,VXI,2026-02-01 10:15:22.993930,2026-01-08 19:12:21.772568,388,9140,12079,On Time
1634,"Campbell, White and Downs",YTN,OJV,2026-01-02 11:09:07.913355,2026-01-22 01:44:38.535441,91,1899,26167,Delayed
1635,Adams and Sons,ZTI,DCP,2026-01-16 11:52:15.806850,2026-02-26 23:07:21.410844,43,6568,7384,Delayed
1636,Khan Group,HVM,DPO,2026-01-12 06:22:23.550724,2026-02-04 22:32:31.516281,60,2091,29274,On Time
1637,"Glenn, Harper and Anderson",LOW,SFR,2026-01-29 12:14:43.018541,2026-04-01 15:25:39.819327,259,1032,14258,Cancelled
1638,"Roberts, Williams and Campbell",UZS,RCJ,2026-01-20 17:43:01.759786,2026-03-06 22:02:18.261875,153,8124,22343,On Time
1639,Waller-Burns,YDU,GQT,2026-02-18 13:47:09.694992,2026-03-12 02:39:07.463982,125,3832,7988,Delayed
1640,Schneider PLC,LXX,XOR,2026-02-17 18:29:40.029248,2026-01-22 08:15:25.682128,370,1640,5904,On Time
1641,Davis-Liu,PRW,NRE,2026-03-29 06:06:24.327842,2026-01-30 07:47:18.424087,139,2831,33672,Cancelled
1642,"Murphy, Schaefer and Rogers",SLN,TOJ,2026-03-14 13:55:33.492144,2026-01-28 00:41:30.401132,482,8244,27751,Delayed
1643,Bowers-Clark,LXX,XJO,2026-02-15 18:07:25.473545,2026-02-25 18:47:24.970946,547,4270,4567,Delayed
1644,Gilbert PLC,TGY,AXF,2026-01-25 15:12:42.944613,2026-01-02 10:42:28.784983,492,1309,17758,Delayed
1645,Leblanc-Thompson,AJM,HIR,2026-03-20 13:32:13.368885,2026-01-26 02:49:08.219063,287,396,13658,On Time
1646,Johnson-Kennedy,NGJ,ZTI,2026-03-22 13:05:45.350082,2026-01-02 14:23:35.300775,287,2860,15433,Delayed
1647,Wilson Ltd,WUT,VZN,2026-02-25 15:46:45.966384,2026-03-27 19:55:18.792736,483,9774,6886,Delayed
1648,"Nguyen, White and Henderson",VPU,SAZ,2026-01-15 09:20:08.761088,2026-01-22 05:06:07.871973,347,721,13361,Cancelled
1649,Nguyen-Bell,RWO,BJD,2026-03-12 13:26:05.191246,2026-01-12 10:39:38.218826,570,9961,38370,Delayed
1650,"Gibson, Kelly and David",JBR,VAA,2026-02-05 10:39:21.048351,2026-03-01 20:44:07.177368,254,9891,26637,Cancelled
1651,"Mills, Stewart and Freeman",LER,HOR,2026-03-02 06:06:16.578431,2026-01-28 11:25:25.785774,336,687,33057,Delayed
1652,Lloyd-Stevens,MOG,VZN,2026-03-22 04:47:59.967168,2026-01-20 22:26:56.099588,189,7104,22729,Delayed
1653,Lewis-Henderson,CBZ,OTP,2026-01-28 21:27:41.922605,2026-03-22 15:42:03.506546,497,2817,49920,On Time
1654,Willis-Oconnell,QZD,FPG,2026-01-25 11:29:55.036525,2026-02-17 18:55:10.525034,272,6922,38832,Delayed
1655,Moreno Inc,RRZ,RFS,2026-03-11 13:40:52.430264,2026-01-19 18:50:12.626287,33,5928,40086,Delayed
1656,"Mack, Williams and Leonard",SFR,HIA,2026-01-09 23:21:57.601598,2026-03-25 09:11:28.091933,549,7862,22177,Delayed
1657,Bates PLC,TOJ,JVG,2026-02-02 22:50:14.794221,2026-03-06 16:21:28.811242,57,1463,14740,On Time
1658,Moss and Sons,RZR,HOG,2026-02-26 14:22:39.505496,2026-02-10 16:48:51.035045,38,2618,35241,Cancelled
1659,"Turner, Garcia and Rollins",MVU,QFJ,2026-03-26 13:37:52.944840,2026-02-13 08:06:48.930377,599,3124,11994,Delayed
1660,"Villanueva, Phillips and Collier",AXF,MVU,2026-04-01 05:23:38.992704,2026-02-14 05:31:00.319408,132,9864,20655,Cancelled
1661,"Krueger, Shepherd and Lopez",SXE,GXQ,2026-02-28 09:27:30.680434,2026-01-10 12:40:03.530718,303,5286,23344,On Time
1662,"Gordon, Oliver and Johnson",HOR,XNP,2026-04-07 18:01:30.977682,2026-01-18 07:16:36.998107,195,2439,15777,Cancelled
1663,Cox Ltd,OTP,DAL,2026-01-20 04:34:22.208834,2026-01-04 04:38:51.975857,562,8009,47678,On Time
1664,"Wilson, Wright and Kennedy",HZN,QUE,2026-02-25 01:52:23.028000,2026-04-06 01:41:27.440052,404,1023,42639,Delayed
1665,Clark Inc,DAL,HVG,2026-02-21 19:40:53.399425,2026-02-03 17:22:27.319633,284,573,48852,Delayed
1666,"Smith, Carrillo and Frazier",DVE,CFB,2026-03-28 23:17:22.233041,2026-03-17 06:08:09.290129,315,7951,45301,Delayed
1667,"Evans, Spence and Wright",QST,LER,2026-02-03 07:07:13.087167,2026-03-07 05:10:51.256656,468,1078,26444,On Time
1668,Miller LLC,MZH,NPR,2026-03-23 17:56:54.533630,2026-04-01 01:06:08.682973,164,9342,10022,Cancelled
1669,Li and Sons,YTN,HOR,2026-03-12 09:30:16.580395,2026-02-19 01:40:37.793937,317,5290,48755,On Time
1670,"Salazar, Espinoza and Mack",YVL,ZSP,2026-01-01 07:17:45.490098,2026-01-18 17:56:16.025353,246,4729,12678,Delayed
1671,"Hill, Young and Christian",TTI,JVO,2026-01-27 08:05:41.683459,2026-01-30 13:47:17.606155,360,4122,9913,Cancelled
1672,"Anderson, Lewis and Martin",JLM,LOW,2026-02-08 09:26:05.503877,2026-01-04 11:59:13.409677,355,6216,19649,On Time
1673,Moon Inc,XRZ,ZYQ,2026-02-15 18:45:57.875621,2026-01-25 08:45:59.291856,159,4952,11496,Cancelled
1674,Beltran-Miller,OYA,POL,2026-03-26 12:49:46.886481,2026-01-28 15:38:43.926565,320,4841,6194,Delayed
1675,Edwards Inc,OLP,JBR,2026-01-29 04:10:51.869423,2026-02-07 05:04:15.905838,164,9678,34713,On Time
1676,Tran PLC,TRV,DHB,2026-04-06 21:00:04.049141,2026-03-21 11:45:38.510473,413,8816,2271,Delayed
1677,Dennis and Sons,YDU,UUO,2026-04-03 02:53:40.690808,2026-03-02 13:42:06.766418,128,7117,3216,Cancelled
1678,Snyder-White,FPG,HUX,2026-02-17 16:37:37.591017,2026-03-11 12:05:22.787251,147,5246,21698,Delayed
1679,Morgan-Williams,VAZ,PIV,2026-03-01 04:52:03.208264,2026-01-04 16:47:02.094829,201,8629,38131,On Time
1680,"Stevens, Murphy and Richards",SFR,YSA,2026-03-04 22:25:23.437413,2026-02-22 21:26:32.188784,481,6501,49406,Delayed
1681,Marshall-Berger,FIA,DPO,2026-01-15 18:13:22.548210,2026-02-22 01:49:13.491325,309,7596,39707,Cancelled
1682,"Callahan, Marshall and Rogers",XJB,PFQ,2026-01-09 17:30:47.012918,2026-04-01 13:07:33.823184,251,7643,17655,Cancelled
1683,Moore-Farmer,DDQ,FYW,2026-03-23 18:51:11.649033,2026-03-15 16:42:48.722296,267,5662,24188,Cancelled
1684,"Montgomery, Flores and Collins",ARU,EMQ,2026-02-04 13:47:57.652179,2026-01-11 08:12:26.252572,86,5901,17539,Cancelled
1685,Shepard-Jackson,EMQ,OLP,2026-02-13 09:19:54.673656,2026-01-13 01:23:42.992693,595,4593,23019,Cancelled
1686,Mack-Edwards,GGR,JVO,2026-03-17 18:20:40.123344,2026-01-17 20:23:37.118607,337,7360,21229,On Time
1687,Mcdaniel and Sons,ZYQ,JHK,2026-02-23 11:02:50.528392,2026-02-01 15:33:17.306511,170,8462,28874,On Time
1688,Sutton and Sons,AJM,VPC,2026-02-26 12:22:59.436887,2026-02-12 04:38:24.841329,251,8550,4373,Cancelled
1689,Gill Ltd,XQD,HUX,2026-02-24 07:01:07.013720,2026-02-10 15:06:26.377725,287,3555,47009,Delayed
1690,"Moore, Williams and Hughes",JEA,DBH,2026-03-07 14:07:53.115934,2026-01-28 21:35:04.685610,335,1573,28016,On Time
1691,Williams-Lucero,VAA,HZK,2026-01-22 20:12:31.382885,2026-03-17 16:18:17.753096,32,4181,8323,Cancelled
1692,Parker Inc,HPX,GXQ,2026-01-06 20:41:39.007081,2026-02-18 11:38:08.069331,246,1115,18158,Delayed
1693,Gonzalez-Flores,OKT,BJD,2026-02-13 18:29:57.898478,2026-02-27 16:14:09.962470,304,2019,17147,Delayed
1694,"Morton, Brown and Lewis",PXE,HVC,2026-03-16 06:25:31.045524,2026-03-11 18:11:45.921980,584,4910,7989,Delayed
1695,Williams-Jarvis,DVE,POL,2026-01-09 20:46:12.360953,2026-02-07 19:25:16.197154,199,6615,39168,On Time
1696,"Cole, Lynn and Jackson",HZK,QAA,2026-03-02 14:08:19.009684,2026-02-14 17:59:53.810082,183,6590,41366,Cancelled
1697,"Nelson, Perez and Williamson",JHK,QUE,2026-03-25 22:08:16.524621,2026-02-02 16:30:47.409473,419,3292,42823,On Time
1698,Guerrero-Jackson,DPO,VPC,2026-03-23 03:57:37.403457,2026-01-10 07:40:56.876962,415,9012,20250,Delayed
1699,"Martinez, Jones and Johnson",YVL,SLG,2026-02-14 05:38:52.635090,2026-02-25 00:45:58.257796,480,1440,7855,On Time
1700,Scott Inc,FOE,JHK,2026-04-06 01:38:32.728163,2026-02-09 14:44:34.292851,529,9521,13791,Delayed
1701,Johnson-Ochoa,UZS,NGJ,2026-03-26 02:06:11.144380,2026-01-31 13:16:41.111629,49,2150,41279,Cancelled
1702,Flowers LLC,HVG,TRV,2026-03-06 23:10:46.209769,2026-03-02 22:09:53.968236,444,4728,39312,Delayed
1703,Burns-Banks,CXD,XRZ,2026-03-17 03:09:12.305403,2026-03-23 19:25:56.738257,77,9537,27887,On Time
1704,Duran Ltd,GQT,ORB,2026-03-02 13:36:39.638018,2026-01-05 16:15:03.231861,185,3928,26725,On Time
1705,Rogers-Collins,JDM,QZD,2026-01-15 09:01:11.120960,2026-02-11 22:49:54.046490,194,9003,49323,Cancelled
1706,Sanders Group,CPL,DBH,2026-01-13 17:24:10.755479,2026-03-09 05:15:45.289653,439,1300,30729,Delayed
1707,"Ramirez, Ramsey and Jones",MZH,DYM,2026-03-14 00:20:09.439855,2026-01-14 01:56:15.312148,181,1863,43982,Delayed
1708,"Martinez, Mack and Bell",MZE,LXX,2026-03-14 17:23:59.095396,2026-01-22 19:13:34.659404,34,2121,30335,On Time
1709,Moyer-Hebert,GQT,DYM,2026-02-26 17:15:43.031132,2026-01-20 02:35:57.863106,276,1450,11351,Cancelled
1710,Sullivan-Glenn,SJZ,ZIB,2026-01-17 14:03:29.179078,2026-01-08 01:26:32.814684,404,7665,26939,On Time
1711,Taylor-Gilbert,DPO,ZQT,2026-02-17 17:41:12.107853,2026-01-16 22:54:46.759553,337,8706,7232,Cancelled
1712,Jones and Sons,FYW,CEK,2026-01-15 00:38:35.463973,2026-03-30 18:28:34.279199,55,7824,27936,Delayed
1713,Whitaker Ltd,UNV,CFB,2026-01-27 00:22:55.361454,2026-02-11 14:23:11.224854,184,5311,14525,Cancelled
1714,Robinson Inc,VLU,FOE,2026-01-29 05:28:29.041618,2026-03-11 05:02:34.099162,467,2986,24657,Cancelled
1715,Vega-Hill,HVM,QUE,2026-03-24 10:27:57.317464,2026-04-01 11:32:59.832863,376,5847,33890,Delayed
1716,Jones Inc,XTO,ISQ,2026-03-16 13:07:00.900048,2026-02-03 07:48:39.212669,214,1002,7342,On Time
1717,Ferguson Inc,GHQ,GQT,2026-02-21 09:48:15.363875,2026-01-30 19:03:03.202807,96,2780,4161,Cancelled
1718,"Scott, Ward and Gonzalez",WAX,WMQ,2026-02-21 05:58:22.607446,2026-01-30 23:45:05.244458,117,3050,24737,On Time
1719,Ramos Inc,IDD,GQT,2026-02-23 20:44:55.646585,2026-01-13 20:41:46.681855,536,6375,2834,Cancelled
1720,Stafford-Kramer,OIN,OJV,2026-04-04 01:48:11.989094,2026-03-22 05:13:18.192577,428,915,40179,On Time
1721,Wells LLC,DYM,QEH,2026-01-05 00:38:02.997257,2026-02-13 07:13:57.260654,460,3485,15956,Cancelled
1722,Nelson LLC,DPO,QZD,2026-03-01 18:29:05.984954,2026-01-31 04:44:23.339593,210,2818,41038,On Time
1723,Allen-Potter,PXE,XYB,2026-03-01 06:25:22.108088,2026-01-30 15:08:50.464697,287,7535,2706,On Time
1724,"Mason, Phillips and Anderson",DCP,QFJ,2026-01-14 02:25:55.195325,2026-01-11 16:55:42.570235,517,8625,19999,Delayed
1725,Flores LLC,WAX,EMQ,2026-01-11 00:55:26.844053,2026-02-08 20:55:47.942513,191,2210,34751,Delayed
1726,Ferguson-Brown,JLM,VPZ,2026-01-08 19:07:13.317582,2026-03-16 21:35:49.004112,137,2075,5775,Cancelled
1727,"Smith, Howard and Lucero",DBH,RFL,2026-02-17 19:30:05.780558,2026-03-11 19:55:51.494041,553,7761,47075,On Time
1728,Warner-Bailey,RFS,LXX,2026-02-07 12:21:37.800516,2026-03-29 16:53:33.096287,444,468,4435,On Time
1729,Ritter and Sons,SAN,UZS,2026-02-13 14:35:34.051435,2026-02-03 08:10:11.583510,42,965,6131,Delayed
1730,Gomez and Sons,UUO,RCJ,2026-04-05 14:10:49.061261,2026-02-12 18:43:48.450568,535,6030,48883,Cancelled
1731,Francis PLC,FYW,AAU,2026-04-07 18:31:25.856976,2026-02-23 20:14:59.370396,155,3741,26744,Cancelled
1732,Klein-Williamson,YSA,QEH,2026-01-11 01:14:30.607975,2026-01-30 00:36:43.048332,140,2962,26667,Cancelled
1733,Perez Group,HFX,YNZ,2026-04-08 13:38:59.843683,2026-02-09 14:24:24.254353,185,5430,45627,Delayed
1734,Moore LLC,NSL,CBZ,2026-02-18 03:24:38.699621,2026-04-07 09:30:18.390163,246,4050,15131,Delayed
1735,Snyder and Sons,DFB,XTO,2026-04-05 23:16:11.526320,2026-02-09 20:23:25.129951,331,7567,11466,Cancelled
1736,Moore-Brown,SJZ,EMQ,2026-04-04 10:33:19.013139,2026-02-12 05:20:57.077384,69,2678,5175,Cancelled
1737,Stark Group,OWR,CKO,2026-01-23 09:57:11.526843,2026-01-05 22:16:57.762542,36,7723,10697,Delayed
1738,Ray Inc,SJZ,NLB,2026-01-20 11:20:42.279214,2026-01-12 02:47:36.536038,542,8667,26214,Delayed
1739,Holland Group,JQG,PRW,2026-02-19 22:06:22.828753,2026-02-25 10:56:19.235960,359,7173,27569,Cancelled
1740,Schultz PLC,FCG,AAU,2026-01-18 08:54:42.352733,2026-03-09 09:16:00.862319,249,9084,14692,Delayed
1741,Gates Ltd,LZQ,FIA,2026-01-03 03:41:47.528697,2026-04-01 12:08:18.765118,168,2828,44782,Delayed
1742,"Cook, Berry and Gomez",LFV,DCP,2026-01-21 02:19:53.458656,2026-01-30 13:45:56.546022,81,9150,29964,On Time
1743,"Thomas, Cole and Morgan",IAL,TGY,2026-01-25 08:43:44.187936,2026-04-01 03:43:02.961483,450,4821,40301,Cancelled
1744,Harris-Peterson,DVE,OIS,2026-01-01 00:38:14.382974,2026-01-02 02:14:00.509484,90,4553,38344,On Time
1745,Middleton and Sons,GHQ,ARU,2026-01-25 22:14:35.731422,2026-03-20 19:37:35.914300,293,4860,41467,Delayed
1746,King Inc,JVO,FFE,2026-01-05 03:09:28.607839,2026-03-18 14:35:21.898671,508,1267,44918,Delayed
1747,Reyes-Cameron,RCJ,WUT,2026-03-05 18:01:34.135546,2026-03-08 02:57:15.493657,558,1440,48149,On Time
1748,Johnson-Solis,UPB,MGR,2026-03-27 08:13:16.410505,2026-01-03 11:35:44.609068,484,1070,3435,On Time
1749,Morrison Ltd,CPL,QST,2026-01-12 15:24:06.158125,2026-02-02 18:07:19.444672,69,7899,2642,Cancelled
1750,Swanson LLC,RFL,XNP,2026-03-15 01:48:41.977855,2026-01-23 15:14:11.354131,316,3831,36391,Cancelled
1751,Davidson-Dunlap,MVU,SAN,2026-03-22 10:48:24.405349,2026-01-26 21:41:09.531825,403,3749,45500,On Time
1752,"Perez, Harrison and James",OWR,JDM,2026-01-17 12:06:56.218273,2026-03-31 16:15:16.243722,513,4057,24431,Cancelled
1753,Bruce Ltd,LIW,DAL,2026-03-05 09:31:02.544970,2026-02-25 17:45:16.441987,72,712,26955,Cancelled
1754,Green-Williams,YDU,XJO,2026-02-22 00:58:25.052771,2026-02-19 13:16:37.536398,331,3977,15246,Cancelled
1755,Adams Group,JLG,PRW,2026-04-08 01:44:14.598686,2026-01-13 13:04:41.579360,110,8502,9735,On Time
1756,"Perez, Spencer and Brown",OIN,LIW,2026-01-08 03:35:00.919619,2026-02-03 12:14:51.065502,382,2590,3780,Cancelled
1757,"Ewing, Harris and Anderson",VBS,DFB,2026-03-29 14:07:26.761704,2026-02-12 09:02:16.489159,468,1112,38624,Delayed
1758,Williams-Shelton,OKT,XQD,2026-02-15 22:15:00.847156,2026-02-04 01:04:30.289576,353,6311,39451,On Time
1759,Carr Group,VFJ,CBT,2026-02-22 01:19:54.881945,2026-01-30 07:41:11.967924,582,3249,14723,Delayed
1760,"Bean, Santana and Humphrey",DCP,VXK,2026-03-17 10:30:11.869563,2026-03-24 02:50:39.512153,477,700,36394,Cancelled
1761,Walker Ltd,SEA,BJW,2026-02-06 00:19:02.693727,2026-02-08 08:53:50.921811,410,9098,43107,Cancelled
1762,"Wu, Hatfield and Taylor",XJB,QPC,2026-02-10 14:21:53.412119,2026-01-30 09:00:24.804423,497,8867,4421,Cancelled
1763,Rios LLC,OLP,ZNM,2026-03-06 17:27:07.067384,2026-04-01 10:01:40.520099,333,2245,46497,Delayed
1764,Vincent-Lara,XNP,CBT,2026-03-17 16:28:16.076037,2026-03-31 09:38:39.400505,289,3058,35398,On Time
1765,Bruce and Sons,MOG,DYM,2026-02-13 15:41:07.795143,2026-02-05 22:45:04.572271,61,4359,25988,On Time
1766,Williams and Sons,OLP,LIW,2026-01-26 06:04:44.715867,2026-01-07 09:45:23.346439,161,7719,19217,Cancelled
1767,"Hamilton, Morrison and Terry",SFR,ISQ,2026-03-29 15:54:12.983525,2026-01-19 10:07:52.150144,35,3486,43447,On Time
1768,"Johnson, Thompson and White",NRE,OLP,2026-02-12 11:12:47.649343,2026-01-29 06:03:34.623844,194,5760,32624,Delayed
1769,"Compton, Stevens and Cook",AMB,DFB,2026-03-22 22:43:48.881920,2026-03-29 23:08:04.373536,113,8532,41430,On Time
1770,Franklin-Harris,NRE,VPZ,2026-02-27 22:46:32.923452,2026-01-04 18:36:54.521638,461,2864,35475,Cancelled
1771,Mclaughlin Ltd,HVG,YLF,2026-03-09 07:46:13.790538,2026-01-21 18:32:49.630797,91,4421,48489,On Time
1772,"Allen, Lee and Garcia",OIS,OKN,2026-02-15 22:46:46.671945,2026-03-14 19:42:43.591656,507,5523,8142,On Time
1773,"Farley, Nunez and Smith",NSL,TRV,2026-02-03 09:31:18.019630,2026-01-08 18:37:59.339307,248,3816,39986,Cancelled
1774,"Boyd, Hurley and Walters",HVC,JVO,2026-03-04 12:03:10.542334,2026-03-27 16:49:25.257942,46,9700,10348,Delayed
1775,"Duffy, Bartlett and White",HZN,YVL,2026-02-14 22:44:55.150103,2026-01-04 06:49:59.628109,240,8296,30283,Cancelled
1776,Dixon Ltd,MZE,HPX,2026-02-14 15:47:30.348694,2026-03-08 10:46:42.414726,399,456,43910,Cancelled
1777,"Kim, Johnson and Esparza",LIW,PIV,2026-01-27 14:50:14.768402,2026-03-26 23:13:24.976003,424,6930,28329,Cancelled
1778,Brewer-Archer,QZD,OIS,2026-03-24 00:00:03.059602,2026-01-04 20:49:09.837018,412,801,31793,On Time
1779,"Bishop, Kelly and Morrow",XQD,XYB,2026-01-30 04:20:35.382385,2026-03-22 06:34:19.910882,544,8059,12252,On Time
1780,"King, Sawyer and Henry",HUX,OYA,2026-02-23 20:01:34.842472,2026-03-13 05:10:16.642599,177,7662,41446,On Time
1781,Franklin-Leonard,OIN,OIS,2026-01-25 16:30:27.235857,2026-01-09 01:46:34.615849,283,6694,13412,Cancelled
1782,Smith-Stanley,XJO,XYB,2026-01-12 13:11:50.681709,2026-02-27 05:06:05.866279,68,8746,38257,On Time
1783,Klein Group,JHK,CBT,2026-03-16 20:44:22.226765,2026-02-28 07:53:44.354801,512,9408,30591,Cancelled
1784,Brooks-Werner,RXD,KHA,2026-02-24 03:28:48.783358,2026-03-16 16:08:43.763395,268,8028,12155,Cancelled
1785,"Roberts, Johnson and Williams",ZTI,ANH,2026-02-05 10:31:59.663187,2026-01-24 06:35:42.651878,540,4913,46086,Delayed
1786,"Duke, Dean and Nunez",JVG,LZQ,2026-02-01 05:13:42.459152,2026-02-26 00:23:09.627360,152,9093,22347,Delayed
1787,Taylor-Wilson,PFQ,QEH,2026-03-14 01:39:03.520251,2026-01-03 01:26:01.683607,586,5397,44243,On Time
1788,Carter Ltd,ZSP,SAZ,2026-01-26 13:47:19.318385,2026-01-09 10:13:43.842379,266,491,22539,On Time
1789,"Fitzgerald, Smith and Mueller",CBT,HVM,2026-03-17 23:26:02.977532,2026-02-19 17:31:13.542845,320,2093,24613,On Time
1790,"Palmer, Hancock and Armstrong",UNV,FCG,2026-01-18 04:47:56.860767,2026-01-25 21:16:38.062775,533,567,16689,On Time
1791,"Johnson, Reynolds and Thompson",NYP,XYB,2026-02-26 01:27:11.495541,2026-03-23 14:37:56.794909,373,5494,19983,Cancelled
1792,Hutchinson-Weaver,IUM,QZZ,2026-03-04 08:02:10.526469,2026-03-23 02:41:28.767627,233,6176,47478,On Time
1793,Moore Ltd,CYC,VBS,2026-04-01 15:24:15.342015,2026-01-27 06:54:19.874976,378,1003,10691,Cancelled
1794,"Casey, Alexander and Wilkinson",GQN,RCJ,2026-04-02 02:18:52.493205,2026-01-09 12:34:11.893287,437,3263,18791,Cancelled
1795,Dominguez Group,FPG,HZN,2026-04-01 02:29:17.037131,2026-01-16 06:21:04.466972,232,5957,46446,Cancelled
1796,"Hodges, Lane and Kelly",CKO,JLM,2026-01-08 05:59:13.717308,2026-02-18 03:52:57.940139,268,4050,37563,On Time
1797,Nelson Group,LER,PTQ,2026-02-04 02:08:53.768190,2026-02-05 02:11:23.243624,339,2456,40338,Delayed
1798,"Richards, Watts and Stone",IAL,OIS,2026-02-27 23:29:57.778186,2026-02-10 04:22:24.194001,114,5927,24378,Delayed
1799,Daniel-Santiago,HVM,KBO,2026-03-10 19:59:51.657633,2026-03-28 08:18:58.388010,414,3723,7886,Cancelled
1800,"Thompson, Montoya and Davis",ORB,TRV,2026-02-04 08:47:44.533183,2026-03-07 23:16:47.553994,121,1007,21289,On Time
1801,"Burns, Carroll and Ayers",FOE,QZD,2026-04-01 16:43:51.503653,2026-03-09 19:15:44.916642,192,7449,45878,On Time
1802,Powell LLC,HVG,LIW,2026-03-12 15:08:15.423904,2026-01-09 16:39:53.144177,156,2430,19083,Delayed
1803,Johnson-Morse,MAF,RRZ,2026-02-26 17:22:13.753433,2026-02-10 23:29:19.987117,600,8698,7619,On Time
1804,"Tyler, Silva and Wade",COF,OTP,2026-01-21 12:57:20.508054,2026-01-14 11:18:18.361814,181,6506,3346,Cancelled
1805,Osborn and Sons,CYC,XQD,2026-02-13 01:17:09.270041,2026-03-29 15:47:35.487947,522,7870,32613,Delayed
1806,Norman-Mckinney,QNT,IUM,2026-02-03 04:05:14.209155,2026-03-02 22:17:32.205505,226,9016,48546,Delayed
1807,Smith Group,KRW,RFL,2026-01-19 16:53:47.649660,2026-04-07 05:33:58.808144,127,6869,9506,Cancelled
1808,"Morgan, Roberts and Murillo",BIL,EDQ,2026-01-12 03:12:12.117958,2026-02-11 15:00:31.979985,68,8098,43790,On Time
1809,Grant-Heath,QEH,TTI,2026-02-22 07:55:46.959000,2026-03-15 02:18:58.808244,477,5403,48055,On Time
1810,Clark-Peterson,NGJ,MVU,2026-03-05 11:39:57.603691,2026-03-09 10:25:25.861481,296,9560,21065,On Time
1811,Combs PLC,QZZ,WPA,2026-03-23 21:07:58.981014,2026-04-01 17:02:07.382369,235,9476,9540,Delayed
1812,"Pittman, Gray and Hamilton",CFB,TOJ,2026-01-01 05:48:09.525818,2026-01-31 05:58:19.212516,287,321,7228,Cancelled
1813,Smith-Erickson,IAL,JQG,2026-04-06 03:46:01.641999,2026-02-24 05:38:30.773968,208,8711,39857,Delayed
1814,"Valencia, Smith and Hill",LFV,HVC,2026-02-16 22:28:52.040429,2026-01-14 05:10:09.243306,247,3203,14622,Cancelled
1815,Ponce-Bennett,NYP,TGY,2026-02-04 06:47:03.429635,2026-01-22 23:46:39.893978,111,7302,33175,On Time
1816,Foley and Sons,JVG,EDQ,2026-04-03 23:29:26.588114,2026-02-24 12:41:26.324415,332,5499,36692,On Time
1817,Mcmillan PLC,HIR,UAI,2026-01-12 01:15:23.808116,2026-01-22 08:16:57.921744,227,7500,38831,On Time
1818,Gray-Juarez,AMB,VBS,2026-02-14 15:49:45.687061,2026-03-07 11:19:08.008827,448,9364,17211,Cancelled
1819,Mcguire-Barrera,MOG,BZQ,2026-04-03 04:32:17.938331,2026-01-09 09:38:38.005718,49,8429,49221,Cancelled
1820,Murray-Garrett,KLN,YTN,2026-02-13 08:03:46.727110,2026-02-20 23:27:59.731270,99,9962,32179,On Time
1821,Morris Ltd,GYR,DYM,2026-02-19 04:40:45.470522,2026-01-26 16:58:07.266106,144,322,18529,Delayed
1822,Thompson Group,YDU,RWO,2026-02-19 10:08:46.216643,2026-02-07 09:37:08.854273,500,4667,44430,Cancelled
1823,Mcguire-Brown,HOG,VAZ,2026-01-19 01:12:54.410545,2026-03-04 12:05:21.751336,459,9123,10489,Cancelled
1824,Russell LLC,XWE,HOG,2026-03-01 17:55:42.556348,2026-02-13 23:09:41.312963,208,4373,15050,On Time
1825,Taylor-Lewis,AOQ,DHB,2026-02-17 16:08:24.426445,2026-03-16 12:21:48.963081,564,5916,2525,Cancelled
1826,Rodriguez-Paul,ZQT,GXQ,2026-01-09 07:53:25.086816,2026-02-12 05:18:51.671764,193,2821,41236,Cancelled
1827,Murray LLC,ZEI,UAI,2026-01-08 03:56:52.745537,2026-04-02 00:17:23.335367,271,4469,34778,Delayed
1828,White-Lambert,HVC,GHQ,2026-01-26 21:45:47.945563,2026-02-03 08:58:59.300862,534,2254,44470,Cancelled
1829,Green-Smith,HZN,RFS,2026-04-05 01:19:41.602798,2026-01-13 22:13:53.831332,292,6430,15837,On Time
1830,Santana and Sons,WPA,GQT,2026-03-01 01:52:00.706829,2026-03-31 06:16:03.635114,263,6504,37308,Delayed
1831,"Young, Sutton and Davis",DBH,DCP,2026-01-17 08:11:48.543961,2026-02-16 02:33:00.915756,448,2905,25725,On Time
1832,"Herrera, Alvarado and Tucker",QEH,CFB,2026-03-04 01:14:10.021327,2026-02-07 06:11:20.005307,98,1410,6373,On Time
1833,"Jones, Morton and Peterson",TRV,OIN,2026-03-28 06:09:49.299660,2026-03-29 09:38:22.937387,288,610,38639,Cancelled
1834,Burke-Roth,ANH,OTP,2026-03-04 20:31:02.739014,2026-02-07 21:07:11.744748,309,7435,24424,Cancelled
1835,Wood-Potts,GHQ,JVG,2026-02-01 06:38:03.554612,2026-03-24 06:42:09.826280,69,9918,35106,Cancelled
1836,"Peters, Cervantes and Nelson",TTI,HOG,2026-03-31 06:27:03.151095,2026-01-22 01:09:55.075862,177,3794,37567,On Time
1837,Carter and Sons,UNV,CBT,2026-02-03 19:03:40.207568,2026-01-25 19:24:41.930162,320,1810,39400,On Time
1838,Ballard-Chapman,JVG,XYB,2026-02-04 08:19:27.489529,2026-01-26 20:08:07.054321,256,5089,31172,Delayed
1839,Hawkins Ltd,VXI,SFR,2026-02-09 05:01:32.377162,2026-03-21 01:18:13.451902,30,9315,26850,Cancelled
1840,Williams LLC,SLG,QEH,2026-02-10 06:57:43.196574,2026-03-30 06:35:11.216909,584,5086,46439,On Time
1841,Vazquez-Horton,SFR,NGJ,2026-01-07 10:31:18.430780,2026-04-01 08:56:43.804892,454,3556,22562,Delayed
1842,"Kennedy, Huang and Ford",WAX,XYB,2026-02-19 05:38:53.450222,2026-02-06 13:23:00.915239,422,5264,46295,Cancelled
1843,"Lopez, Gonzalez and Miller",AAU,JEO,2026-01-02 17:02:01.904258,2026-01-18 23:09:02.452872,370,8495,39774,On Time
1844,"Guzman, Porter and Molina",MVU,ZYQ,2026-02-07 09:27:38.374895,2026-01-07 17:26:43.270528,521,8240,23309,On Time
1845,Green-Olsen,HWX,CYC,2026-01-19 06:10:23.941145,2026-03-19 04:12:10.913978,558,8980,27563,Cancelled
1846,Butler LLC,MWN,TOJ,2026-03-31 03:23:20.402988,2026-02-26 22:05:20.169819,295,8927,17527,Cancelled
1847,King-Frey,PMA,IDD,2026-04-03 01:59:59.052356,2026-03-17 06:36:59.013579,374,4296,18725,Delayed
1848,Gonzalez-Pierce,FPG,GGR,2026-01-17 07:21:48.230024,2026-03-25 01:33:10.707815,442,3724,17620,Cancelled
1849,Thompson Group,QZD,ZTI,2026-01-12 23:02:29.780237,2026-03-11 08:14:36.259125,136,8626,11345,Delayed
1850,"Grant, Harmon and Coleman",JQG,NYP,2026-02-10 03:47:04.603657,2026-03-22 07:35:05.498261,553,3705,22493,On Time
1851,Glenn Ltd,ZTI,ZYQ,2026-02-26 07:45:46.687866,2026-01-16 07:27:28.796094,588,320,41001,On Time
1852,Gardner PLC,LZQ,NPR,2026-03-03 21:39:40.514485,2026-01-07 10:33:31.983693,214,5882,27767,Delayed
1853,Reyes-Harvey,FOE,OTP,2026-02-01 03:07:26.186193,2026-03-04 18:22:26.147756,54,3977,30808,On Time
1854,"Wilkerson, Sanders and Walker",RML,QNT,2026-03-09 08:05:28.039600,2026-03-26 07:20:10.043584,387,2604,7167,On Time
1855,Alexander Ltd,ZSP,YNZ,2026-03-19 02:27:39.573099,2026-02-11 09:10:38.386991,402,1733,44343,Delayed
1856,Cross-Tate,AAU,NPR,2026-01-31 16:15:49.474999,2026-01-24 17:36:49.167849,328,2883,36227,On Time
1857,King-Smith,YSI,ZTI,2026-03-08 18:18:31.608981,2026-02-23 10:03:27.233683,213,8205,9821,Cancelled
1858,Lee-Thomas,VAA,DYM,2026-02-19 07:46:54.995408,2026-03-17 02:21:02.051293,392,4590,16040,Delayed
1859,Murray Ltd,QZD,FOE,2026-01-24 19:51:15.579706,2026-02-19 06:33:27.135220,91,6948,44879,Cancelled
1860,Benson-Waters,DAL,VAZ,2026-03-19 05:51:58.257009,2026-02-09 14:51:43.936632,513,7132,42635,Delayed
1861,"Gonzales, Marquez and Harrison",CYC,ZIB,2026-02-12 05:41:57.847826,2026-02-13 18:13:30.241021,408,6400,28237,Delayed
1862,Vaughn LLC,SXE,CPL,2026-02-05 14:58:07.973529,2026-01-10 01:48:51.517362,288,2233,40349,Cancelled
1863,"Willis, King and Freeman",HGF,PXE,2026-02-12 10:20:08.468510,2026-03-24 10:29:54.073266,480,3872,21910,Delayed
1864,Lozano PLC,DDQ,HZK,2026-02-28 19:49:08.890182,2026-01-09 20:03:31.304015,82,7749,49929,Delayed
1865,Allen Group,KLN,GXQ,2026-01-11 14:45:01.269035,2026-03-17 03:15:03.503335,541,6267,31654,Delayed
1866,Davis-Adams,PMA,VXK,2026-02-25 19:03:00.489688,2026-01-15 18:03:51.399396,156,1375,22488,Cancelled
1867,Kennedy PLC,CEK,KFP,2026-03-08 12:44:34.590206,2026-01-15 15:58:20.656654,507,9872,32840,Cancelled
1868,Davis-Frost,VZN,JEO,2026-01-31 02:15:00.990393,2026-03-27 04:09:36.741233,129,5268,39971,Cancelled
1869,Bender-Salazar,XJB,LIW,2026-01-09 16:14:16.964963,2026-01-12 21:46:20.922614,521,6983,28498,Delayed
1870,"Wright, Figueroa and Nelson",VXK,OKT,2026-02-10 11:44:53.456101,2026-02-08 10:03:37.772385,215,5423,15531,On Time
1871,"Wright, Robinson and Shaw",YVL,XWE,2026-01-12 16:01:11.165154,2026-03-11 17:19:37.500300,514,8302,49478,On Time
1872,Conley-Johnson,HWX,AOQ,2026-04-06 01:15:44.386248,2026-01-23 14:26:00.882131,295,2954,45917,Cancelled
1873,"Wright, Bailey and Young",TGY,GYR,2026-02-26 02:11:17.486836,2026-03-25 21:46:09.475934,338,1038,36969,Delayed
1874,Sawyer PLC,EMQ,ESX,2026-03-11 17:47:39.711209,2026-01-29 15:27:22.856885,513,1609,13825,On Time
1875,Butler Ltd,OTP,UHK,2026-01-30 09:01:49.584274,2026-02-11 18:11:04.168116,40,6769,35023,Cancelled
1876,Hull-Lawson,YNZ,ESX,2026-03-12 04:35:27.096373,2026-01-27 04:53:57.202872,196,1918,41641,On Time
1877,"Wilson, Lewis and Owen",EMQ,JLM,2026-02-21 16:40:24.463964,2026-01-08 12:08:38.443950,304,9711,16892,On Time
1878,"Lynn, Castaneda and Smith",XRZ,TGY,2026-02-08 00:20:45.541997,2026-03-21 06:00:58.986535,477,9681,28608,On Time
1879,Joseph-Gardner,DAL,RFL,2026-02-13 14:29:22.909412,2026-02-19 23:53:49.257220,34,7734,37834,On Time
1880,"Rodgers, Wells and Parker",FFE,AAU,2026-03-10 03:22:48.240467,2026-01-08 01:10:04.280012,145,7654,3689,On Time
1881,"Russell, Castro and Rose",JVG,ANH,2026-04-01 18:08:44.442498,2026-02-22 07:02:48.900226,588,772,34400,Cancelled
1882,Moon-Brewer,JHK,ZEI,2026-02-23 12:02:12.949018,2026-01-20 01:30:50.283147,315,9375,34209,Cancelled
1883,"Hall, Lopez and Valenzuela",PTQ,CBZ,2026-03-20 03:57:26.349141,2026-04-06 03:54:29.089562,381,7898,35272,Delayed
1884,Carroll Inc,UVN,VPZ,2026-02-13 17:18:31.517189,2026-01-19 20:23:30.800404,285,8006,42526,On Time
1885,"Nguyen, Velez and Ortiz",OKT,FFE,2026-02-05 05:38:57.014714,2026-03-09 21:39:56.652220,456,9662,40610,Cancelled
1886,"Rodriguez, Martin and Soto",UUO,ZUD,2026-04-02 03:19:41.261521,2026-02-15 17:50:44.469524,404,7321,19515,On Time
1887,Jones-Hernandez,PTQ,HIR,2026-03-09 23:21:49.794697,2026-03-11 18:57:09.867783,300,6804,2340,On Time
1888,Palmer-Esparza,NYP,ZSP,2026-01-03 02:04:20.281667,2026-01-19 02:37:41.025120,468,5121,45817,Cancelled
1889,"Deleon, Jones and Ho",MOG,FVJ,2026-03-19 04:23:27.797402,2026-02-08 10:53:04.919792,68,8110,47538,On Time
1890,Hodge-Taylor,LER,VPU,2026-03-01 17:38:27.817548,2026-01-22 23:21:02.456353,377,5063,31887,On Time
1891,Jones-Mills,KRW,CBT,2026-02-07 13:54:03.553074,2026-03-31 19:24:56.561740,48,9504,24266,On Time
1892,Tucker-Johnson,DHB,ESX,2026-01-26 19:55:30.394972,2026-03-15 20:11:02.064419,583,3515,12677,On Time
1893,Murphy-Williams,GQT,PIV,2026-02-05 03:51:31.557272,2026-01-25 13:10:38.739276,214,6580,44615,Cancelled
1894,Johnson and Sons,CEK,AJM,2026-03-25 22:10:21.120258,2026-03-18 21:46:09.653952,441,1529,31981,Cancelled
1895,"Perez, Wagner and Ramirez",HGF,LFV,2026-02-06 09:36:25.162940,2026-01-11 10:28:54.483603,302,5111,22469,On Time
1896,"Smith, Hoover and Johnson",UUO,JHK,2026-03-16 21:11:27.283685,2026-03-22 00:14:12.223768,501,6490,14374,On Time
1897,Conway Inc,LFV,HVC,2026-01-17 20:22:08.816597,2026-03-05 04:39:06.820994,364,7375,34897,Delayed
1898,"Obrien, Reynolds and Mitchell",XNP,DNK,2026-02-25 01:19:23.444671,2026-01-07 15:09:53.783277,73,351,9651,Cancelled
1899,"Little, Kim and George",ISQ,XYB,2026-02-03 19:42:53.724664,2026-02-24 10:37:51.618663,479,1568,30300,Cancelled
1900,Hood-Sanchez,YNZ,XJB,2026-01-31 05:21:38.857104,2026-01-19 04:54:55.377806,494,857,42246,Delayed
1901,Gaines Ltd,XNP,WJU,2026-01-15 06:59:30.590878,2026-03-31 21:52:23.121958,543,1498,8877,Delayed
1902,Bush-Harvey,WPA,MGR,2026-01-09 07:14:36.791889,2026-01-05 23:49:25.249188,138,4840,37892,Cancelled
1903,"Lee, White and Henderson",WJU,ZEI,2026-03-20 09:38:01.880211,2026-03-15 11:51:33.948471,541,8506,5547,On Time
1904,"Coleman, Levy and Morris",AOQ,RXD,2026-01-16 01:41:02.244738,2026-03-30 18:40:24.897192,271,2313,25263,Delayed
1905,Smith-Gregory,QNT,FIA,2026-03-02 20:06:28.851928,2026-02-21 04:26:39.612674,291,9528,11985,Delayed
1906,Ward Ltd,QFJ,DYM,2026-03-31 06:45:31.067478,2026-03-12 07:08:56.964566,379,6020,6979,On Time
1907,Rogers-Murray,JVO,YVL,2026-02-17 20:03:41.619214,2026-03-24 07:02:56.324373,475,2721,7448,On Time
1908,"Collier, Martinez and Horne",CBZ,JEA,2026-02-22 04:02:16.215021,2026-01-03 14:00:57.946551,185,3710,37039,On Time
1909,Tyler Inc,ANH,DCP,2026-03-11 02:10:35.009591,2026-03-31 09:43:12.820822,596,1390,17533,Cancelled
1910,"Brandt, Thomas and Nelson",XQD,OTP,2026-03-19 17:01:58.550080,2026-03-21 22:32:48.708051,180,4768,34701,Cancelled
1911,Jackson-Chen,RRZ,MZH,2026-02-13 02:50:43.334451,2026-03-28 18:35:20.051629,181,963,26718,Cancelled
1912,Ashley-Lindsey,PXE,SEA,2026-01-01 01:31:02.888032,2026-03-05 04:40:21.132716,576,3792,8266,Cancelled
1913,Joseph-Reid,BIL,CFB,2026-01-02 03:23:41.408376,2026-03-13 18:26:13.426908,223,3473,26219,On Time
1914,Johnson Ltd,AXF,RCJ,2026-01-13 06:34:24.766061,2026-02-04 15:09:31.447210,430,3159,6076,Delayed
1915,"Pruitt, Wilcox and Proctor",VZN,MAF,2026-01-14 19:49:24.394821,2026-01-05 21:12:21.927498,234,1246,3258,Cancelled
1916,"Peterson, Cohen and Cook",UNV,QUE,2026-02-23 10:05:20.346796,2026-02-22 23:37:25.129479,119,9352,21056,On Time
1917,Black-Ross,JVO,YTN,2026-02-17 00:31:06.754491,2026-01-30 18:20:49.770680,133,3651,4948,Cancelled
1918,"Molina, Best and Hill",LXX,OTP,2026-02-02 01:10:02.746919,2026-04-04 01:44:01.526363,193,7387,12657,On Time
1919,Fisher LLC,MGR,CFB,2026-01-07 13:36:12.575233,2026-03-11 04:43:20.410469,313,3761,6797,Cancelled
1920,"Lewis, Barnes and Conway",TRV,SEA,2026-01-18 20:03:24.577680,2026-02-15 01:02:24.371794,349,6637,29200,Delayed
1921,"Rivera, Quinn and Johnson",SLN,IUM,2026-02-16 11:14:00.746201,2026-03-27 20:26:01.297902,575,1510,31914,On Time
1922,Smith-Boone,SFR,XOR,2026-03-27 02:37:01.744527,2026-02-01 15:33:33.487628,379,8748,12863,Cancelled
1923,Oliver-Johnson,JLM,VAA,2026-03-13 06:06:26.693906,2026-02-20 09:29:59.095781,156,8620,4183,Delayed
1924,Cardenas Inc,WJU,WPA,2026-02-07 07:37:36.064555,2026-04-03 03:26:54.253093,373,1109,5477,Delayed
1925,"Jones, Brown and Sanders",LIW,HIA,2026-01-24 06:20:03.281426,2026-03-27 22:41:13.000997,320,5007,33562,Delayed
1926,Wolf-Murphy,VPZ,RFS,2026-03-21 09:09:42.724419,2026-03-14 17:45:18.587410,45,9768,11510,On Time
1927,"Mueller, Mills and Joseph",DNK,HZN,2026-01-09 20:30:47.460334,2026-04-05 00:47:37.088995,193,4356,19809,Delayed
1928,Barnes PLC,FCG,RFL,2026-03-09 05:39:20.443938,2026-01-17 21:41:03.257783,360,4606,23636,Cancelled
1929,Nash LLC,GGR,JQG,2026-02-01 03:23:41.322544,2026-02-28 07:14:54.672392,225,8905,31239,On Time
1930,"Parks, Cox and Henderson",SLG,FYW,2026-04-03 22:48:09.604509,2026-02-10 16:43:09.771226,250,7196,16004,On Time
1931,Villarreal-Shea,QPC,PIV,2026-02-27 06:47:47.805336,2026-01-01 05:30:28.559492,574,1299,31278,On Time
1932,"Brown, Barnett and Patrick",MOG,VXK,2026-02-16 09:42:54.549897,2026-02-22 09:07:28.454531,291,2954,26698,On Time
1933,"Washington, Lang and Powell",OIN,CFB,2026-03-23 08:11:01.519447,2026-03-06 17:03:38.419020,125,929,40238,Cancelled
1934,Walsh LLC,PMA,EMQ,2026-02-26 08:39:53.867493,2026-03-12 08:40:58.219863,342,937,45759,Cancelled
1935,Wells LLC,DNK,VXI,2026-02-14 18:30:18.646388,2026-02-13 09:52:09.646327,226,9192,2804,Delayed
1936,Murphy Group,VPC,RWO,2026-02-23 14:19:54.465265,2026-03-08 23:03:05.416333,395,9776,13151,Delayed
1937,Lucas Inc,TOJ,QZD,2026-02-28 05:20:26.617236,2026-02-17 01:26:56.466017,459,8870,16901,Delayed
1938,Watson LLC,SEA,FFE,2026-02-05 02:32:22.587172,2026-02-25 22:58:14.214373,505,555,21967,On Time
1939,Strickland-Stewart,LIW,OIS,2026-03-08 14:00:15.897178,2026-01-12 06:11:01.067140,496,4642,9457,Delayed
1940,"Jackson, Hall and Whitaker",UNV,OJV,2026-01-07 14:37:32.264781,2026-04-03 16:26:03.770519,461,2503,12681,On Time
1941,Jenkins-Simmons,XOR,HVM,2026-03-11 03:26:42.688290,2026-01-27 02:23:42.834135,520,877,29383,Cancelled
1942,"Delgado, Ford and Park",DPO,MZH,2026-03-14 06:12:06.059287,2026-02-10 13:41:09.173127,538,863,48203,Delayed
1943,Webb and Sons,HIR,MZH,2026-02-04 03:56:29.430540,2026-01-26 12:00:26.992476,242,3969,12200,Delayed
1944,"Graham, Baker and Rivera",XOR,VAA,2026-02-13 08:40:53.604252,2026-03-09 06:47:12.473067,177,4518,3819,Cancelled
1945,Allen-Berger,AOQ,VFJ,2026-02-12 18:23:00.655599,2026-01-01 02:42:52.958300,116,6639,29441,On Time
1946,Glass Group,RWO,OTP,2026-01-23 21:55:04.970026,2026-04-08 00:06:22.266516,252,6622,46942,Delayed
1947,"Ryan, Tran and Hayes",YDU,ZYQ,2026-01-16 11:56:28.698010,2026-03-20 07:50:59.895145,134,7724,25361,Delayed
1948,"Rush, Baldwin and Grant",HOR,MZH,2026-04-04 14:57:11.837255,2026-01-12 10:09:05.257017,52,1947,10507,Delayed
1949,"Weaver, Rodriguez and Edwards",XOR,TGY,2026-02-10 12:18:44.569291,2026-01-29 12:48:41.915030,112,9272,42140,On Time
1950,King Inc,ZIB,VXK,2026-01-13 21:51:03.257189,2026-03-12 12:23:23.847503,374,3029,34567,Delayed
1951,Phillips-Barrett,ZSP,MVU,2026-03-31 03:30:42.939682,2026-03-31 05:35:17.474557,589,1582,25211,Delayed
1952,Watkins-Meyer,SLG,VAZ,2026-01-02 19:27:49.125251,2026-02-12 12:04:33.008641,478,6042,17796,Cancelled
1953,Hobbs LLC,QZZ,BZQ,2026-03-27 04:22:21.727274,2026-03-03 00:09:48.306059,232,5196,33539,Delayed
1954,Jones-Jones,MOG,PMA,2026-03-28 21:21:29.116308,2026-01-09 17:53:00.899327,45,4081,4554,Delayed
1955,"Andrade, Sutton and Castaneda",SEA,DBH,2026-02-13 12:11:08.524861,2026-03-29 07:46:14.735606,573,858,15516,Cancelled
1956,Hernandez-Mathis,SXE,ZYQ,2026-02-24 04:18:12.572932,2026-04-04 07:08:29.582760,51,6075,10707,Delayed
1957,Stanley PLC,OYA,JVO,2026-02-16 17:47:53.232936,2026-04-05 06:39:26.012599,156,8526,43640,Cancelled
1958,Garcia Group,CKO,OKN,2026-01-29 17:11:21.736722,2026-03-04 04:35:56.913373,68,391,38242,Cancelled
1959,Day-Hughes,VPZ,JEA,2026-01-22 18:55:49.219783,2026-02-28 06:19:28.564410,548,654,15377,Cancelled
1960,Morgan-Day,OKT,HFX,2026-03-15 02:31:06.577341,2026-02-14 02:53:47.614978,34,3689,46945,Cancelled
1961,Richardson PLC,PXE,YDU,2026-04-02 14:26:19.552606,2026-01-31 09:53:56.945629,282,2222,40000,On Time
1962,Mcintyre Inc,NGJ,VXI,2026-02-15 10:28:30.287642,2026-02-15 12:29:55.294006,583,3516,34969,Cancelled
1963,"Li, Griffin and Anderson",IDD,HPX,2026-01-24 07:13:03.324721,2026-03-26 16:36:35.070227,211,7554,28113,On Time
1964,Wood-Boyer,JLM,OKN,2026-02-23 18:41:03.434096,2026-01-27 18:14:49.199904,87,4499,14033,On Time
1965,Cummings LLC,QNT,LER,2026-02-10 02:05:12.286168,2026-03-03 05:40:15.040099,496,2412,44466,Cancelled
1966,Smith-Allen,MZE,MOG,2026-02-20 01:38:00.888597,2026-01-26 18:32:59.661574,574,6980,29906,On Time
1967,Cabrera Group,LXX,HOG,2026-02-05 21:47:49.543912,2026-02-09 19:09:51.805974,466,9725,25192,Cancelled
1968,Mitchell Ltd,ZQT,ESX,2026-02-08 21:07:16.718563,2026-03-26 15:29:34.891817,122,9002,45718,On Time
1969,"Murphy, Rodriguez and Herrera",DBH,MOG,2026-03-14 12:30:32.985558,2026-02-17 08:54:34.639343,262,4573,41350,On Time
1970,Marquez Group,SAN,OIN,2026-02-23 03:53:02.520429,2026-02-17 12:51:01.011187,47,1568,31758,On Time
1971,"Lopez, Davis and Young",CKO,ANH,2026-01-08 06:56:29.525355,2026-02-01 02:13:35.312453,156,8796,45434,On Time
1972,"Briggs, Smith and Parker",AXF,NSL,2026-02-08 15:55:18.977296,2026-02-11 12:06:36.756174,299,4775,15382,On Time
1973,Garcia-Fuller,WMQ,JVG,2026-01-03 06:47:38.097003,2026-03-30 22:39:19.582474,499,3859,4834,On Time
1974,Coleman PLC,WMQ,CYC,2026-03-21 14:45:08.130496,2026-03-31 22:00:56.606971,203,4816,45337,Delayed
1975,Lopez Ltd,VHB,RFL,2026-03-14 03:01:11.959464,2026-01-25 01:43:16.798470,71,8502,6530,Delayed
1976,Myers-Gutierrez,MGR,GHQ,2026-02-20 16:04:39.448029,2026-03-30 08:49:51.452110,102,9862,36884,On Time
1977,White PLC,PXE,MAF,2026-02-17 23:09:09.465002,2026-02-02 08:05:09.869641,346,5085,21153,On Time
1978,Bailey-Byrd,SJZ,OIN,2026-03-21 06:28:12.778502,2026-02-21 16:37:02.043274,129,5349,28569,Cancelled
1979,"Williams, Deleon and Freeman",HWX,SAZ,2026-04-03 18:43:10.706590,2026-02-27 00:31:34.560043,36,8435,18460,Cancelled
1980,Mcguire-Fields,QZD,HOG,2026-03-22 13:02:07.835595,2026-03-28 05:53:11.936293,199,4520,21748,Delayed
1981,"Lee, Munoz and Brady",PIG,YVL,2026-04-03 03:30:59.496247,2026-01-28 19:35:48.911398,233,8223,16270,Cancelled
1982,Walker and Sons,NGJ,PIC,2026-02-07 19:34:10.719817,2026-01-19 16:36:38.266733,468,2652,5634,Delayed
1983,"Fernandez, Chen and Rivera",SJZ,VZN,2026-04-05 20:21:36.098930,2026-01-17 17:22:55.781956,583,2225,14184,Cancelled
1984,"Hensley, Donovan and Holland",HGF,VXK,2026-01-26 15:33:51.995263,2026-01-15 16:40:18.614038,551,8811,16881,Delayed
1985,Lin-Griffin,OLP,COF,2026-03-19 19:54:14.921962,2026-03-28 04:45:27.319492,512,6480,36358,On Time
1986,"Patterson, Fernandez and Richmond",DNK,MZE,2026-02-18 23:16:47.105630,2026-02-08 22:28:25.156768,102,8546,9085,Cancelled
1987,"Valdez, Chambers and Hudson",BJD,NRE,2026-03-28 09:46:52.155737,2026-02-23 05:14:49.046688,300,9395,31602,Cancelled
1988,Ramsey-Howard,PFQ,VBS,2026-03-16 22:07:29.958197,2026-03-18 09:27:25.742276,127,5981,14644,On Time
1989,Stewart-Ross,WPA,QUE,2026-03-10 00:31:35.876499,2026-01-27 04:39:23.331060,457,3129,19297,Cancelled
1990,"Clark, Snyder and Gonzales",PIG,AOQ,2026-02-02 04:08:14.764985,2026-03-01 08:50:17.761225,269,6329,35379,Cancelled
1991,Williams Ltd,DBH,AAU,2026-03-20 07:41:29.598447,2026-01-06 08:37:57.816537,523,2642,37017,Delayed
1992,Baker-Griffin,XJB,ZSP,2026-01-06 06:43:42.468680,2026-03-09 00:44:49.769788,317,3366,38366,Cancelled
1993,"Jones, Barton and Haynes",BJD,TRV,2026-02-26 03:11:35.048324,2026-01-08 01:38:45.951873,192,8234,6801,Delayed
1994,"Miller, Thomas and Mcpherson",PIC,HOR,2026-02-08 23:52:40.535880,2026-02-12 02:19:32.475805,200,1071,38862,Cancelled
1995,Wallace and Sons,VXI,TGY,2026-01-04 10:30:34.680075,2026-01-18 05:11:59.243191,37,2986,26861,Delayed
1996,Perez-Briggs,VFJ,UZS,2026-02-04 08:32:57.862805,2026-02-09 05:02:35.801582,53,5370,26422,Cancelled
1997,"Nguyen, Werner and Mann",WAX,ZSP,2026-03-24 13:50:46.118314,2026-03-26 16:12:47.010103,131,9573,27589,On Time
1998,Walker Ltd,ISQ,LXX,2026-04-08 01:50:16.862070,2026-02-15 23:47:41.390054,531,6617,25759,Cancelled
1999,"Hale, Taylor and Bryant",AAU,ORB,2026-02-18 14:22:39.018872,2026-03-12 13:06:39.095883,141,5637,12069,Delayed
2000,King PLC,VHB,HZN,2026-03-20 22:23:30.414879,2026-04-05 03:14:51.426348,587,7156,26118,On Time
2001,"Scott, Reynolds and White",MWN,IDD,2026-04-05 03:48:16.016077,2026-01-10 11:02:16.105918,212,6199,2238,Delayed
2002,"Matthews, Smith and Freeman",RRZ,QEH,2026-03-01 12:19:57.123614,2026-02-04 23:48:07.702569,578,9029,24234,On Time
2003,"Gonzalez, Lyons and Newman",IUM,FVJ,2026-02-01 06:55:15.759483,2026-03-11 14:27:47.272266,580,3498,27540,On Time
2004,Johnson LLC,ZSP,DYM,2026-03-05 03:43:33.787227,2026-03-08 18:19:46.911449,348,3259,36908,Delayed
2005,Bradford and Sons,VAA,WUT,2026-03-05 09:01:00.564542,2026-03-18 15:35:28.279468,405,2621,37821,Cancelled
2006,Cooper Group,PIC,OWR,2026-01-21 22:11:58.311883,2026-04-01 07:32:52.689112,414,2924,46052,Delayed
2007,Thomas-Li,XJB,SAZ,2026-02-27 04:48:40.081355,2026-03-31 01:06:32.602552,250,1010,15595,Cancelled
2008,Dodson-Hicks,SAZ,WPA,2026-01-31 21:49:33.403380,2026-03-02 10:57:48.006313,577,9577,22358,Delayed
2009,Stephens and Sons,JHK,LXX,2026-03-27 08:33:34.219045,2026-01-26 15:58:27.603388,505,2256,49431,On Time
2010,"Chang, Moore and Peterson",XJO,QZZ,2026-03-15 22:58:13.605788,2026-01-20 09:54:11.810964,464,3050,37227,Cancelled
2011,"Dalton, Anderson and Maddox",WUT,QUE,2026-01-26 19:12:44.577501,2026-01-06 22:28:13.691184,241,9247,29743,Cancelled
2012,Hodge-Mason,MZH,QFJ,2026-02-03 05:59:05.043537,2026-01-13 18:49:22.890503,194,4023,23927,Delayed
2013,Nguyen-Jones,DYM,VFJ,2026-03-21 15:25:05.859228,2026-01-30 14:21:54.725713,225,3908,41355,Delayed
2014,Kim-Frazier,AJM,QPC,2026-03-27 21:45:59.683038,2026-01-30 20:11:55.316012,60,5253,19231,Delayed
2015,Schultz and Sons,LOW,AJM,2026-02-25 01:53:45.485404,2026-03-06 18:56:24.587839,585,4320,36205,Cancelled
2016,"Nguyen, Sanchez and Wood",HWX,QST,2026-03-15 03:33:21.526332,2026-01-01 10:03:46.257368,487,1629,49683,On Time
2017,Gross-Smith,OTP,WJU,2026-01-16 22:23:25.319131,2026-02-28 09:44:10.992661,439,1249,12448,Cancelled
2018,"Moran, Lawrence and Luna",CXD,HIR,2026-02-08 02:56:39.786737,2026-03-17 12:29:41.106259,243,2367,18599,On Time
2019,Johnson-Erickson,MWN,PIC,2026-03-07 23:02:56.259952,2026-02-19 10:39:15.221511,505,5261,27422,Cancelled
2020,Smith Group,NPR,SFR,2026-03-05 10:40:13.885918,2026-01-05 18:14:12.369782,35,3183,5001,Delayed
2021,"Diaz, Foster and Gonzalez",NLB,RFS,2026-03-05 11:46:37.649258,2026-01-29 09:54:21.234577,499,224,24485,Cancelled
2022,Green Group,CKO,VAZ,2026-01-01 19:02:31.042760,2026-03-10 10:13:32.846936,145,4552,46192,On Time
2023,Elliott-Manning,FOE,TGY,2026-01-14 03:05:38.259471,2026-03-13 05:44:49.175407,504,9567,32221,On Time
2024,Fisher-Stewart,VFJ,HVC,2026-03-31 18:05:21.466846,2026-03-14 09:36:24.972280,66,7673,14786,On Time
2025,"Mccoy, Walsh and Bates",MVU,KFP,2026-01-24 23:01:54.778382,2026-01-05 07:19:14.759988,241,8052,32218,On Time
2026,Thompson-Randall,IUM,QST,2026-01-31 10:38:16.869136,2026-02-05 17:08:29.340952,544,3240,6481,On Time
2027,"Ballard, Peters and Mcmahon",KHA,OJV,2026-04-05 11:06:23.262891,2026-03-11 05:24:57.383891,125,5782,25896,On Time
2028,Jackson-Aguilar,JDM,QAA,2026-02-02 05:51:30.746388,2026-02-01 01:40:12.508671,406,9940,5200,Cancelled
2029,Collins-Macdonald,RWO,RXD,2026-01-28 11:29:52.506211,2026-02-17 02:52:39.462086,63,2836,26917,Cancelled
2030,Parsons Ltd,PIV,OLP,2026-03-16 23:21:36.188042,2026-02-22 22:11:18.998236,470,7892,11777,On Time
2031,"Coleman, Garcia and Ramos",EDQ,OKT,2026-01-19 01:09:38.211821,2026-03-30 00:35:42.769673,481,4962,30592,On Time
2032,Oliver Group,XWE,YSI,2026-03-16 05:14:27.215371,2026-03-03 11:51:47.958290,596,8483,39920,Delayed
2033,Gordon-Wright,HPX,YSI,2026-01-16 14:24:24.064601,2026-02-18 18:26:27.166736,255,3517,31989,Delayed
2034,Shah Inc,RCJ,AXF,2026-02-06 03:52:29.850618,2026-03-29 04:11:37.008945,90,3191,15653,Cancelled
2035,Peterson LLC,FPG,CKO,2026-02-10 18:55:59.261318,2026-03-26 00:43:57.270047,357,1853,41662,On Time
2036,Bennett Inc,JEO,QST,2026-03-10 07:30:25.407309,2026-03-16 11:56:07.766078,233,9527,37430,Delayed
2037,Tran Inc,DHB,YSA,2026-03-04 07:18:12.352095,2026-03-23 07:41:19.287711,577,8986,7925,Cancelled
2038,Roberts-Zavala,FFE,OIN,2026-03-20 14:14:00.896755,2026-01-01 19:09:32.212587,389,9872,12210,Cancelled
2039,Fuller and Sons,MGR,WMQ,2026-03-21 20:07:21.362655,2026-03-12 15:06:57.966898,480,7038,30556,On Time
2040,"Harris, Ferguson and Byrd",QNT,WMQ,2026-02-02 03:14:14.589101,2026-03-19 05:09:13.832136,440,8044,3125,Delayed
2041,"Perez, Hanson and Mahoney",IAL,PIG,2026-03-25 00:35:38.546377,2026-01-08 09:58:56.925524,437,7342,18532,Delayed
2042,Malone-Thompson,DYM,DCP,2026-01-16 08:39:42.724329,2026-02-08 17:13:25.190195,559,5644,38120,On Time
2043,Adams and Sons,PXE,UZS,2026-03-01 18:13:43.582883,2026-03-08 18:56:34.573122,357,1897,41452,Cancelled
2044,Wright-Evans,CKO,VPZ,2026-02-22 22:55:38.903138,2026-03-26 01:17:22.254221,276,1076,5302,Delayed
2045,Perry-Lewis,QNT,UAI,2026-03-12 03:34:48.136740,2026-01-17 13:31:18.563263,353,4904,3012,Delayed
2046,"Jones, Doyle and Stephens",UNV,OWR,2026-02-04 01:37:55.082954,2026-02-18 10:09:14.876366,154,3682,2253,Cancelled
2047,Castillo Group,OKN,ESX,2026-01-14 18:41:27.616100,2026-03-07 21:05:39.601220,194,8968,18035,Delayed
2048,West PLC,JVO,VPZ,2026-02-07 02:00:19.664718,2026-03-24 22:54:30.952220,443,8738,23202,Cancelled
2049,"Schneider, Reed and Smith",PTQ,AJM,2026-02-17 06:07:57.842161,2026-01-18 13:03:03.708712,537,7642,11121,Cancelled
2050,Bonilla-Mcclain,AMB,SAN,2026-03-20 09:50:29.955153,2026-02-17 20:55:51.589401,277,8330,36447,Delayed
2051,Bell Ltd,FCG,HVC,2026-02-13 21:08:48.978355,2026-01-18 21:31:16.675362,418,4401,33850,Delayed
2052,Powell-Butler,OJV,HVG,2026-01-31 22:36:33.430093,2026-02-14 21:35:02.349512,144,3238,40512,Delayed
2053,"Hamilton, Mcdaniel and Waters",LIW,PTQ,2026-01-02 13:51:15.516568,2026-03-03 04:43:47.655719,530,4209,41762,Cancelled
2054,Davidson-Johnson,ZNM,LFV,2026-03-15 18:56:42.015646,2026-02-18 18:48:39.586628,526,8422,8453,Delayed
2055,"Horn, Garrison and Wright",JLG,KFP,2026-02-01 12:35:26.188929,2026-03-15 21:33:14.422453,551,8186,32832,Cancelled
2056,"Montoya, Woods and Walsh",GQN,CBZ,2026-01-11 02:30:08.226482,2026-02-20 20:45:38.100013,133,8831,29497,Delayed
2057,Smith-Parker,HIA,YSI,2026-01-29 06:20:54.472777,2026-01-05 23:24:20.870740,574,4425,38667,Cancelled
2058,"Mcgee, Thomas and Bradley",JVG,TOJ,2026-01-19 19:46:05.940819,2026-01-10 04:59:04.796030,387,1222,37121,On Time
2059,Oliver LLC,IUM,UDQ,2026-02-19 04:14:47.231501,2026-03-30 14:52:57.219869,278,4960,21986,On Time
2060,Thompson-Rogers,WAX,KHA,2026-01-01 00:22:52.488970,2026-02-16 07:19:39.715834,127,7974,25377,On Time
2061,"Boyd, Williams and Faulkner",JHK,TTI,2026-03-11 00:42:09.878793,2026-01-15 05:58:37.556988,187,5485,33215,Delayed
2062,Gonzalez Ltd,SAN,OKN,2026-02-07 02:32:27.118860,2026-02-10 18:46:25.894843,272,8485,30065,Delayed
2063,"Underwood, Thompson and Martinez",KBO,VPZ,2026-01-30 15:39:05.571321,2026-03-16 20:13:22.244963,103,3683,28172,Delayed
2064,"Johnson, Tucker and Garcia",ZNM,PIV,2026-01-20 09:06:34.991490,2026-03-30 17:35:52.784963,315,3695,40287,On Time
2065,Molina-Harvey,VPZ,SFR,2026-02-07 00:28:40.570033,2026-03-26 20:15:34.237291,170,3897,41831,Cancelled
2066,"Blanchard, Beasley and Irwin",QUE,JLM,2026-02-12 14:24:57.851793,2026-03-02 07:16:09.236433,572,4517,42566,On Time
2067,"Gordon, Blanchard and Collins",JEO,XTO,2026-02-04 02:19:02.590349,2026-03-31 12:47:45.544386,553,5173,43190,Delayed
2068,"Myers, Jones and Ball",NSL,CPL,2026-02-24 16:11:30.948862,2026-02-10 05:07:33.402822,518,4996,42454,On Time
2069,Morrison and Sons,QEH,LIW,2026-01-25 17:16:50.364420,2026-03-29 05:25:14.269299,356,6650,48337,Delayed
2070,Black and Sons,AMB,HPX,2026-01-07 03:23:08.995025,2026-02-10 21:28:32.763778,417,8031,36413,Delayed
2071,Banks Inc,SEA,VXK,2026-03-03 11:16:10.651967,2026-01-02 14:38:55.651681,589,5446,31828,Cancelled
2072,"Young, Moreno and Butler",JHK,MVU,2026-02-10 17:03:50.494518,2026-01-17 21:29:55.324767,417,6415,36171,Cancelled
2073,Jones Group,UUO,MZH,2026-03-15 09:01:29.347798,2026-02-28 05:49:05.785487,392,9446,42168,Delayed
2074,"Walsh, Swanson and Perez",PFQ,DFB,2026-02-28 17:59:22.089890,2026-01-11 13:52:39.691576,527,2939,40773,On Time
2075,Blackwell Group,CBT,OYA,2026-03-06 11:34:22.167759,2026-02-24 10:01:20.943050,513,756,19435,Cancelled
2076,Cohen PLC,AXF,MWN,2026-01-29 04:07:00.151665,2026-04-05 04:20:38.732040,342,7434,38149,Cancelled
2077,"Moreno, Campbell and Williams",DDQ,VXK,2026-02-16 23:55:53.375082,2026-01-08 19:31:36.961830,288,5731,21900,Cancelled
2078,Escobar PLC,HZK,EMQ,2026-01-14 16:20:04.978844,2026-03-15 07:18:46.655129,590,7510,9755,Cancelled
2079,"Johnson, Bauer and Shelton",HIR,UPB,2026-01-27 19:50:33.514287,2026-01-11 21:46:26.360023,196,1063,38874,Delayed
2080,"Gillespie, Clark and Castillo",XWE,HZK,2026-02-20 15:09:58.709345,2026-01-16 19:57:40.651327,42,8046,44900,On Time
2081,"White, Smith and Daugherty",QUE,OLP,2026-03-01 17:54:55.657147,2026-02-06 23:10:49.152223,356,3535,44022,On Time
2082,"Turner, Thornton and Lane",HUX,BJD,2026-01-16 10:46:48.505232,2026-01-26 01:59:59.987767,531,5387,43383,Delayed
2083,Ruiz-Hall,UVN,SFR,2026-01-30 15:53:50.919210,2026-02-02 00:42:55.057079,353,884,19989,On Time
2084,"Adams, Carter and Gutierrez",AJM,COF,2026-03-18 04:52:35.927832,2026-02-22 23:41:56.616403,433,5631,16535,Cancelled
2085,Reynolds-Rodriguez,LER,ZEI,2026-02-17 23:32:10.874073,2026-01-02 14:29:30.878996,224,2740,47350,On Time
2086,Marsh LLC,SEA,GYR,2026-02-21 02:14:10.399000,2026-01-06 07:04:49.810658,199,2658,11021,Delayed
2087,"Montgomery, Willis and Patrick",SJZ,HWX,2026-01-17 05:57:59.731860,2026-03-13 22:43:29.974238,107,5741,20540,On Time
2088,"Villarreal, Bautista and Cook",SJZ,RRZ,2026-03-21 05:48:24.562516,2026-02-26 16:06:42.246320,571,6321,12842,On Time
2089,Hall-Morgan,CPL,SAZ,2026-01-03 09:15:01.846987,2026-01-26 00:49:42.423814,353,9984,22858,On Time
2090,Miller Ltd,BJW,MOG,2026-01-12 10:44:40.981918,2026-02-19 14:07:34.682966,346,5460,4739,Delayed
2091,Walker-Ford,RFL,GHQ,2026-03-21 04:35:57.470995,2026-01-05 07:35:27.567611,270,6645,18754,Cancelled
2092,Evans-Tran,WMQ,JDM,2026-03-01 12:04:08.816858,2026-03-01 10:01:37.616278,264,443,17796,Delayed
2093,Miller-Perry,OIN,RRZ,2026-01-06 13:08:58.966800,2026-02-08 08:09:16.660954,538,6550,14226,On Time
2094,Jones-Aguirre,VLU,QEH,2026-02-27 10:01:26.120601,2026-04-05 20:02:45.992309,56,2927,44347,Delayed
2095,Walker-Harris,IDD,SXE,2026-03-05 17:53:20.728187,2026-01-08 08:50:56.274742,519,8514,4658,On Time
2096,"Parrish, Buchanan and Clark",KHA,XOR,2026-01-13 01:48:08.164041,2026-02-26 17:43:28.880997,435,2028,40800,On Time
2097,Rodriguez-Mayer,CYC,UNV,2026-03-20 19:48:35.771403,2026-04-04 06:30:16.745861,306,9339,32669,Delayed
2098,"Brown, Parks and Hawkins",XYB,XJB,2026-03-17 18:32:53.998121,2026-01-29 15:45:32.643421,574,5510,3461,Cancelled
2099,"Smith, Gray and Hicks",RML,VHB,2026-03-19 18:39:40.482699,2026-01-04 19:18:31.236638,238,4515,27070,On Time
2100,Brown Inc,EMQ,LOW,2026-03-22 13:01:31.276499,2026-03-21 19:22:40.199817,492,4051,9482,On Time
2101,Hall Inc,VHB,OIN,2026-03-02 19:15:54.619239,2026-03-15 09:06:33.520135,222,7373,11276,Delayed
2102,Hester-Williams,VLU,XJO,2026-01-19 20:21:25.086187,2026-01-14 15:11:12.098850,368,4581,28567,On Time
2103,Brown PLC,DHB,KBO,2026-03-11 12:57:06.221495,2026-02-03 19:16:52.767869,244,9014,41334,Delayed
2104,"Jones, Clark and Vargas",JEO,JDM,2026-03-27 05:44:18.842821,2026-03-16 18:52:14.746878,54,1111,12678,On Time
2105,"Ritter, Lewis and Burns",SEA,RZR,2026-02-27 16:28:00.026945,2026-01-10 21:50:29.521105,83,9500,20588,On Time
2106,"Warner, Anderson and Brown",JVG,FVJ,2026-03-11 20:42:53.629321,2026-03-10 05:23:16.873928,191,9680,29011,Delayed
2107,Cunningham-Evans,GXQ,OIN,2026-03-10 10:55:43.491686,2026-03-29 14:26:24.206052,147,4954,26688,Cancelled
2108,"Howard, Roberson and Castro",KHA,ZNM,2026-03-21 13:08:58.752391,2026-04-02 05:54:31.360972,363,9302,3327,Delayed
2109,"Shelton, Montgomery and Reyes",JHK,GYR,2026-01-14 16:27:37.096595,2026-01-08 01:22:18.415033,144,2062,17084,Delayed
2110,Webb Ltd,GGR,CEK,2026-02-20 13:43:44.399099,2026-02-14 09:41:10.946199,105,2249,43135,Delayed
2111,"Jones, Walker and Hayes",HOR,ZQT,2026-04-04 19:47:43.536844,2026-04-03 15:03:28.843370,567,931,49938,Delayed
2112,"Taylor, Chang and Lozano",UDQ,JVG,2026-02-28 17:00:24.014680,2026-04-02 23:24:28.765125,599,4409,47987,Cancelled
2113,Mcclure-Foley,SFR,WUT,2026-01-06 22:21:03.152107,2026-03-06 15:28:48.574111,300,984,42215,On Time
2114,"Evans, Nash and Donovan",JEA,UDQ,2026-02-25 16:01:21.610407,2026-01-01 03:52:24.192551,50,4495,14987,On Time
2115,Garza PLC,JEA,JVO,2026-03-24 05:57:47.970055,2026-02-25 09:26:54.504487,176,695,24289,Cancelled
2116,Lee Inc,OIN,OKT,2026-03-27 00:33:39.450189,2026-03-30 00:01:37.527856,569,2025,37306,Delayed
2117,Allen Ltd,MZE,JVO,2026-01-07 06:41:43.568015,2026-03-10 13:25:41.324371,184,4677,9430,Delayed
2118,Green-Roberts,GXQ,KHA,2026-03-24 20:11:35.775141,2026-03-19 12:33:29.858858,244,4375,9484,Delayed
2119,"Jones, Sanchez and Reyes",MOG,OIN,2026-01-14 23:38:37.811961,2026-02-23 07:14:31.640455,148,572,35375,Cancelled
2120,"Morrison, Herman and Park",HPX,MZH,2026-03-09 00:33:59.769292,2026-02-07 17:25:08.321538,281,3819,28949,On Time
2121,"Jacobs, Moreno and Owens",OKN,AJM,2026-01-12 05:14:48.013809,2026-01-12 07:32:37.737455,590,8508,48097,Cancelled
2122,"Tran, Romero and Walker",NGJ,GQN,2026-03-13 13:31:31.750272,2026-02-28 02:07:52.082001,229,7676,15629,Delayed
2123,Hall-Koch,HPX,NSL,2026-03-04 02:43:38.998701,2026-02-12 13:54:19.707843,139,4165,19551,On Time
2124,Rodriguez-Fox,VFJ,CYC,2026-02-25 11:36:40.598025,2026-01-06 10:49:27.201046,500,5111,18396,Delayed
2125,"Wood, Johnston and Mclaughlin",WUT,SEA,2026-02-04 12:51:38.129938,2026-03-19 14:09:00.419494,84,8906,25833,On Time
2126,King and Sons,JLM,TRV,2026-03-11 19:51:43.433879,2026-02-08 04:43:13.403201,344,9285,43005,Delayed
2127,Brown-Flores,LXX,FVJ,2026-02-03 11:57:32.010858,2026-01-10 06:37:04.795532,206,6784,46583,On Time
2128,Morrison-Carr,JVG,NRE,2026-01-02 06:32:17.666628,2026-03-01 22:58:11.051955,58,4956,40990,Delayed
2129,Chavez-Burton,JDM,GQT,2026-01-26 20:56:33.492973,2026-02-08 15:37:37.785808,468,7878,44048,On Time
2130,"Hays, Wells and Villarreal",CKO,JEO,2026-02-28 21:39:34.462948,2026-03-08 14:09:34.001009,502,8785,49132,Delayed
2131,Jacobs Group,DHB,WAX,2026-04-04 02:11:45.062596,2026-03-15 13:42:22.276658,498,4860,8197,On Time
2132,Moon-Norris,WMQ,YSA,2026-01-01 16:59:06.643810,2026-03-02 16:58:21.644797,192,4992,17762,On Time
2133,Daniel-Morales,FVJ,LIW,2026-01-26 13:43:55.276597,2026-02-07 05:46:42.872287,333,7160,17634,Cancelled
2134,Rodriguez Ltd,HOG,VHB,2026-01-27 16:16:43.480552,2026-03-19 01:02:47.097397,322,6193,24941,Cancelled
2135,Aguirre-Sanchez,HZK,SFR,2026-04-02 14:35:27.658056,2026-01-25 13:47:33.941000,156,9592,38987,On Time
2136,White-Johnson,RFL,SAN,2026-02-10 22:46:07.806845,2026-01-07 03:54:31.533327,213,6550,35786,Delayed
2137,Dixon-Mathews,DFB,JDM,2026-01-31 04:55:00.288340,2026-02-02 22:59:01.805459,223,6582,24129,Delayed
2138,"Bullock, Ruiz and Smith",DPO,ZIB,2026-03-21 08:07:57.402507,2026-02-15 05:47:06.831372,548,6048,15328,Cancelled
2139,"White, Davis and Greene",QST,ESX,2026-03-23 08:42:03.596681,2026-03-19 04:14:22.263957,46,9004,18312,Cancelled
2140,"Peterson, Clarke and Morgan",PIG,AAU,2026-03-14 01:55:49.525084,2026-03-30 00:51:52.420306,44,5711,25355,On Time
2141,"Harris, Hanson and Johnson",HZN,MWN,2026-02-23 02:13:30.157831,2026-04-01 18:27:59.805238,559,5677,15912,On Time
2142,Reyes Inc,OLP,HOR,2026-01-17 15:39:19.878760,2026-02-25 08:44:44.459115,369,265,38619,On Time
2143,Larson Group,PXE,ZUD,2026-03-20 00:46:08.028415,2026-02-22 22:53:53.304231,210,567,35908,On Time
2144,"Scott, Aguilar and Welch",BIL,ZYQ,2026-03-09 23:38:02.809653,2026-03-18 05:11:53.959396,469,2211,7969,Cancelled
2145,"Gates, Cain and Hernandez",XQD,DAL,2026-01-14 05:59:06.897823,2026-01-27 17:29:12.940876,561,9180,20422,Cancelled
2146,Wilson-Bridges,HVC,HIR,2026-03-21 09:47:02.330809,2026-02-11 12:03:37.165063,345,7234,45196,On Time
2147,Floyd Group,JVG,YVL,2026-01-02 09:34:31.698444,2026-02-25 04:23:04.361790,77,3105,17387,Delayed
2148,Moore Ltd,PMA,KRW,2026-02-15 00:25:08.165287,2026-02-27 19:50:20.328521,408,8983,22958,On Time
2149,"Mckenzie, Cunningham and Mitchell",RWO,WMQ,2026-02-11 21:52:25.439611,2026-04-05 00:10:40.674506,362,1224,40767,Delayed
2150,"Martinez, Trujillo and Wagner",DVE,ZSP,2026-01-03 18:25:56.667907,2026-01-26 01:13:01.557133,405,4917,33338,Cancelled
2151,"Fuentes, Villanueva and Wilson",CYC,DFB,2026-01-08 13:19:23.853990,2026-01-05 05:30:53.224052,425,9947,19537,Delayed
2152,Taylor Inc,RRZ,JVG,2026-03-07 01:50:56.193529,2026-01-15 18:29:07.750546,578,402,17155,On Time
2153,Davis-Davis,OLP,ANH,2026-01-19 13:04:10.786475,2026-01-22 03:28:24.763374,499,3526,32646,Cancelled
2154,Thompson and Sons,RFL,VLU,2026-01-09 14:16:52.243997,2026-03-10 05:29:35.952828,530,2226,14432,On Time
2155,Levine-Hawkins,DDQ,YLF,2026-02-05 05:20:21.542656,2026-02-03 19:10:06.839696,565,2917,14470,Delayed
2156,Vargas-Romero,QPC,CPL,2026-01-04 00:35:28.933892,2026-02-01 09:05:57.312581,517,9014,41808,Delayed
2157,"Johnson, Thompson and Chen",HPX,WAX,2026-02-06 23:26:08.280817,2026-01-09 06:46:49.901927,319,6991,22810,On Time
2158,Jenkins Inc,GGR,HOR,2026-02-12 17:39:23.989502,2026-01-29 20:12:15.916713,36,6644,2839,Delayed
2159,Logan-Lambert,KBO,NRE,2026-03-20 12:43:43.235427,2026-01-31 17:44:27.162988,292,281,5892,Cancelled
2160,Lang-Stevenson,LIW,CKO,2026-03-05 10:20:40.122067,2026-02-06 04:40:33.232561,68,7277,30425,Cancelled
2161,"Norris, Carpenter and Hancock",DCP,RCJ,2026-02-08 18:44:37.496905,2026-03-28 11:20:05.219722,467,8875,11587,Delayed
2162,"Miller, Torres and Kemp",PRW,NGJ,2026-02-09 06:06:23.929609,2026-01-24 12:00:27.724547,242,2892,27466,Cancelled
2163,Hudson Inc,SLG,MOG,2026-01-19 14:04:47.955071,2026-01-28 13:12:35.228824,303,7709,31120,On Time
2164,Mathews-Davis,JLG,XRZ,2026-01-01 16:42:54.346419,2026-03-01 15:11:35.818255,468,1908,7164,On Time
2165,"Bernard, Cruz and Peters",MZH,PMA,2026-02-11 21:07:58.630213,2026-02-03 00:00:29.092809,465,6052,19012,Delayed
2166,Hudson-Warner,HOR,PFQ,2026-01-05 23:13:19.343533,2026-03-11 07:24:39.131843,259,8810,13038,On Time
2167,"Mendez, Mueller and Peterson",WUT,YLF,2026-02-13 17:31:14.400975,2026-01-31 07:39:33.230340,270,3959,19095,Delayed
2168,Owens-Johnson,LZQ,GQT,2026-02-19 04:28:51.327515,2026-03-03 00:43:00.717196,565,6740,24509,Delayed
2169,Hall and Sons,HOR,ZEI,2026-01-15 15:05:01.917340,2026-03-28 10:31:21.488331,424,1454,2316,On Time
2170,Harrell PLC,JLM,JDM,2026-04-01 03:26:05.535234,2026-03-16 13:48:08.213475,448,4936,29074,Delayed
2171,"Ruiz, Gonzalez and Knapp",JHK,HGF,2026-04-01 14:48:14.143743,2026-01-08 19:37:51.789588,357,1695,23902,Delayed
2172,"Butler, Lopez and Walker",DCP,VPZ,2026-03-14 03:55:39.412188,2026-01-21 17:15:57.469342,58,4355,6812,Delayed
2173,Garrett Inc,FFE,HFX,2026-03-29 21:33:26.270562,2026-01-18 03:09:32.427046,526,1421,11583,On Time
2174,Burns-Booker,RZR,EDQ,2026-02-16 20:23:15.427912,2026-01-28 05:26:48.111489,429,4722,26932,Cancelled
2175,"Evans, Boyd and Howard",XYB,RZR,2026-03-09 18:42:41.882497,2026-02-19 17:34:22.056274,74,843,12617,Delayed
2176,Washington-Johnson,SFR,TRV,2026-01-12 18:42:41.461819,2026-03-26 23:57:37.015329,588,6776,6430,On Time
2177,Stewart-Kirby,RZR,HVC,2026-03-07 17:12:47.908665,2026-01-07 16:11:44.330323,325,2602,17813,Cancelled
2178,Chang Ltd,YNZ,RFS,2026-01-25 11:18:20.372326,2026-01-31 22:06:01.002448,409,9325,42706,On Time
2179,Lewis-Diaz,DYM,GQT,2026-02-15 14:19:43.290623,2026-01-25 08:32:42.364331,431,3877,31913,Cancelled
2180,"Miller, Martin and Cole",SLN,XJO,2026-02-17 10:41:42.060731,2026-02-24 21:46:55.345469,459,6160,21791,Delayed
2181,Hudson-Jenkins,YVL,JEO,2026-03-25 22:01:49.611444,2026-01-28 08:07:48.906764,592,1254,33921,Delayed
2182,"Alexander, Reeves and Snow",RXN,MZH,2026-01-13 18:04:52.377258,2026-02-13 13:15:05.781420,515,532,4642,Delayed
2183,Andrews LLC,ZTI,YTN,2026-03-04 20:37:57.105270,2026-01-22 23:23:54.059085,481,832,23091,Cancelled
2184,"Ballard, Miller and Patterson",ANH,UPB,2026-02-14 06:06:16.123230,2026-01-16 08:37:46.848086,274,7686,10547,On Time
2185,Evans Inc,XYB,YDU,2026-03-23 08:26:14.427647,2026-01-10 03:49:31.816296,127,9701,19152,Delayed
2186,"Cordova, Hunt and Brown",EMT,LXX,2026-01-02 10:58:39.523497,2026-02-21 12:37:52.706408,184,6485,13834,On Time
2187,"Pena, Johnson and Glover",MOG,WJU,2026-04-08 12:07:03.500140,2026-02-09 10:01:11.692780,338,1109,31125,Delayed
2188,Cook-Velazquez,UHK,SFR,2026-02-12 00:36:39.179415,2026-01-05 08:14:42.593096,103,6649,34703,Delayed
2189,Davis-Yoder,QEH,PXE,2026-01-17 14:28:18.266814,2026-01-28 17:21:04.022136,144,3427,3598,On Time
2190,Stokes-Howard,RCJ,MWN,2026-03-24 02:03:02.771562,2026-01-12 02:33:59.108631,186,8487,26177,On Time
2191,"Martinez, Obrien and Gomez",HVC,QEH,2026-02-06 05:12:02.555554,2026-03-07 09:44:02.318492,217,5082,15819,Cancelled
2192,Brown-Sanchez,MAF,ZQT,2026-04-06 14:16:03.896252,2026-03-27 02:34:24.632973,370,5099,49481,On Time
2193,"Higgins, Brennan and Clark",OKT,CYC,2026-02-28 11:28:47.445254,2026-03-13 21:15:39.308668,365,8659,28034,Cancelled
2194,Williams Group,BJW,OYA,2026-02-16 08:20:48.397790,2026-02-01 17:55:22.311294,516,6810,4252,Delayed
2195,Johnson and Sons,RCJ,YDU,2026-03-26 15:41:23.627379,2026-02-19 00:48:06.810965,565,7482,8108,Delayed
2196,Ferguson-Rojas,IUM,YTN,2026-02-11 08:19:04.954394,2026-03-16 13:12:42.178210,35,1327,37676,On Time
2197,Moore-Riley,XQD,POL,2026-03-09 23:04:16.607935,2026-03-16 19:35:49.948904,99,1727,26496,Cancelled
2198,Trevino Ltd,HOG,AXF,2026-03-31 09:28:16.409929,2026-01-09 19:00:06.777410,199,678,31378,Delayed
2199,Olson Ltd,YNZ,PIV,2026-01-01 06:52:45.193609,2026-02-21 23:32:08.274542,58,5004,9549,Delayed
2200,Daniels-Lee,NPR,OTP,2026-02-08 15:36:40.137677,2026-02-19 12:18:08.964066,428,3376,21444,Cancelled
2201,"Smith, Rivera and Mccarty",PFQ,MAF,2026-01-18 12:50:26.541981,2026-04-01 06:10:23.792955,225,6131,22794,On Time
2202,Harris-Christensen,YDU,SAN,2026-03-28 12:57:45.743443,2026-03-25 06:53:25.535858,266,7064,7425,Cancelled
2203,"Ford, Robinson and Jackson",NGJ,MAF,2026-01-30 10:52:21.483716,2026-02-06 22:38:52.922707,266,1633,27957,On Time
2204,Watson PLC,GYR,LOW,2026-02-02 12:09:35.217899,2026-03-25 10:12:35.874599,402,303,16074,Cancelled
2205,"Herring, Jones and Fox",UDQ,SXE,2026-01-14 18:43:33.651019,2026-01-02 09:04:35.588474,260,7284,45746,On Time
2206,"Ramos, Kim and Alexander",HVG,HZN,2026-02-06 23:49:12.462016,2026-01-03 07:02:31.183500,253,6761,45222,Cancelled
2207,"Jones, Boone and Nguyen",XJO,HIR,2026-03-30 19:13:55.964497,2026-02-05 07:34:13.288493,233,6406,14671,On Time
2208,"Frye, Morgan and Bell",HVG,CBZ,2026-02-19 11:14:01.386631,2026-03-26 18:19:05.030047,401,8924,38954,Cancelled
2209,Nguyen PLC,CFB,SJZ,2026-01-25 08:57:09.473145,2026-01-08 08:16:56.416376,479,1811,43994,On Time
2210,"Baker, Bennett and Copeland",IUM,QEH,2026-02-13 21:12:19.652196,2026-01-17 17:31:24.964672,62,8128,3864,On Time
2211,"Williams, Franklin and Stevenson",HZK,XOR,2026-03-07 09:17:47.869289,2026-02-21 14:01:23.508460,508,2118,5247,On Time
2212,"Mccormick, Watson and Lowery",ZUD,KRW,2026-01-17 15:24:28.102771,2026-01-22 04:53:19.354647,373,4407,41429,Cancelled
2213,"Hickman, Johnson and Rivera",OIS,UNV,2026-03-11 23:22:13.741659,2026-03-09 10:45:27.045357,465,3230,29612,Delayed
2214,Mendoza-Smith,ZYQ,UAI,2026-04-03 02:47:36.141510,2026-01-30 13:42:35.682809,548,5783,23336,Delayed
2215,Delgado and Sons,COF,JBR,2026-01-09 16:30:32.637888,2026-04-02 23:27:05.509695,78,1552,3501,On Time
2216,"Brown, Weiss and Mason",RFL,JVO,2026-03-09 02:42:22.296798,2026-01-21 00:52:21.249472,587,9882,27575,On Time
2217,"Edwards, Rogers and Martinez",YSA,SAN,2026-01-10 10:28:28.690989,2026-01-02 04:26:43.108268,362,9709,27555,On Time
2218,Chavez Group,VPZ,VAA,2026-03-22 16:46:34.668740,2026-03-12 16:10:53.893632,214,3944,30098,Cancelled
2219,Gallagher PLC,HIA,HOG,2026-01-06 17:20:06.604755,2026-01-07 09:11:24.916809,545,9315,10989,Cancelled
2220,Williams PLC,FVJ,XWE,2026-03-25 06:48:41.952720,2026-02-27 15:14:27.665933,244,2359,43186,Delayed
2221,Calderon Ltd,TOJ,HVC,2026-01-22 06:28:18.084037,2026-03-12 20:07:11.735851,36,301,43342,On Time
2222,"Taylor, King and Arnold",KFP,SEA,2026-01-15 04:59:59.646353,2026-01-19 19:03:47.131261,321,540,23713,Cancelled
2223,Johnson Inc,PIG,BJD,2026-03-02 11:02:10.446028,2026-03-02 01:48:36.579355,408,1194,11216,On Time
2224,Stevenson LLC,HPX,QZZ,2026-02-25 11:05:53.275686,2026-04-06 19:54:02.320530,84,4243,13198,On Time
2225,Coleman-Brewer,HUX,RRZ,2026-03-08 07:34:14.640814,2026-02-14 11:33:41.347021,355,2838,43655,On Time
2226,Frye-Arias,MGR,JLM,2026-02-24 12:59:51.166664,2026-01-02 11:38:12.118212,234,9468,42042,Delayed
2227,Parker-Medina,YSA,HIR,2026-02-01 06:48:16.865872,2026-03-28 14:04:43.865090,420,5340,11633,Delayed
2228,Craig Ltd,OWR,TGY,2026-01-28 10:08:14.343348,2026-03-17 22:18:31.219118,78,315,7061,Delayed
2229,Fuller-Roth,SAN,XYB,2026-02-09 07:34:56.204837,2026-03-24 08:41:02.051165,166,3757,26933,Delayed
2230,King-Diaz,CPL,FIA,2026-02-14 05:08:08.631160,2026-03-22 03:07:33.193444,262,1088,9420,On Time
2231,Daniel-Rose,KFP,EMQ,2026-03-12 22:49:16.673935,2026-03-26 06:56:48.692442,405,8760,31564,Cancelled
2232,Barry and Sons,NGJ,QNT,2026-02-18 02:47:37.549173,2026-02-17 02:43:33.491774,310,3011,37226,Delayed
2233,"Lam, Hunter and Holland",ANH,HFX,2026-02-28 15:40:45.224769,2026-01-28 02:12:58.370111,314,8775,14740,On Time
2234,Reid-Adams,EDQ,CBZ,2026-01-26 19:04:42.908966,2026-01-11 14:58:50.288760,278,7112,40969,Delayed
2235,"Johnson, Allen and Sanchez",FOE,NGJ,2026-02-24 13:34:32.934377,2026-03-14 02:50:52.635936,597,7161,9141,Delayed
2236,Cruz Group,FYW,CBT,2026-02-10 03:16:27.143833,2026-01-11 22:52:16.093681,188,427,32417,Delayed
2237,Reed-Carson,VXI,TGY,2026-02-26 21:52:49.379698,2026-02-21 00:20:42.714540,405,4769,39972,Cancelled
2238,"Walker, Fowler and Fitzpatrick",OTP,ZTI,2026-04-06 02:31:13.945545,2026-03-04 12:29:15.954442,594,4086,7775,Delayed
2239,Scott Ltd,JEA,GQN,2026-03-25 06:02:17.795045,2026-02-26 01:13:16.708658,438,6120,48131,Cancelled
2240,"Dodson, Hill and Ellison",YNZ,VFJ,2026-03-13 15:51:54.026361,2026-01-30 22:16:29.177946,91,344,12043,On Time
2241,Merritt Ltd,ZEI,ISQ,2026-03-04 08:38:08.244404,2026-02-12 13:53:32.322061,162,4842,48889,On Time
2242,"Herring, Griffin and Williams",PTQ,JVG,2026-03-04 16:33:04.679387,2026-02-28 11:42:20.772894,269,8206,48452,Delayed
2243,"Murphy, Barker and Johnson",KBO,ZTI,2026-02-28 06:06:47.191401,2026-04-02 22:24:33.480218,137,3984,29527,Cancelled
2244,Schmidt-Norton,HZN,FFE,2026-03-13 05:25:13.184648,2026-03-07 21:22:19.378120,57,1139,32853,Cancelled
2245,"Ruiz, Cooper and Stevens",VHB,OJV,2026-03-01 00:36:48.664180,2026-01-10 09:01:03.009624,47,6944,40307,Cancelled
2246,Orozco-Miller,ORB,HFX,2026-01-19 07:24:03.928916,2026-01-02 13:32:51.198414,389,915,39947,On Time
2247,Smith-Ortiz,HZK,VPC,2026-03-18 03:20:06.856885,2026-02-28 04:35:12.882925,84,614,30742,Delayed
2248,Morgan-Maynard,NPR,PIV,2026-02-21 21:40:35.671409,2026-01-04 20:17:27.041667,164,9464,45046,Delayed
2249,Johnson Group,DBH,QNT,2026-02-18 22:05:48.832536,2026-03-22 02:18:34.918967,257,8977,44925,On Time
2250,"Thomas, Newton and Lopez",ORB,QAA,2026-02-03 18:42:27.499027,2026-01-07 08:10:25.637068,85,5513,43413,On Time
2251,Ritter-Huang,ESX,FPG,2026-01-01 21:36:45.790051,2026-02-22 01:35:24.560350,503,7690,14484,On Time
2252,Lynch LLC,JVG,VZN,2026-01-20 06:41:49.216250,2026-03-23 21:27:46.552587,171,6392,32802,On Time
2253,Yoder-Quinn,DNK,LXX,2026-03-22 04:11:33.283849,2026-01-11 04:59:39.218645,552,652,13816,On Time
2254,Mcknight PLC,HWX,FPG,2026-02-10 05:24:10.799361,2026-01-07 15:45:32.811464,208,4962,44884,On Time
2255,Nguyen Inc,CXD,MZE,2026-03-13 23:27:19.687682,2026-01-05 01:24:07.840077,350,7077,21946,Delayed
2256,James-Fowler,VLU,RZR,2026-02-12 14:51:19.552199,2026-02-14 19:19:03.911161,72,9270,27244,Cancelled
2257,Martinez Inc,UZS,PRW,2026-02-03 02:03:53.569351,2026-01-20 03:52:52.561803,240,1878,43547,Cancelled
2258,Murray-Lamb,SAN,YNZ,2026-03-17 12:22:23.872393,2026-03-12 05:37:55.620361,355,1315,3032,Cancelled
2259,Keith-Wilcox,GXQ,ZTI,2026-01-08 18:25:11.821433,2026-03-04 09:45:29.744212,312,5216,35688,On Time
2260,"Stone, Davis and Harris",MGR,HOR,2026-01-04 02:27:08.698622,2026-02-16 03:52:27.552518,587,3225,18117,Cancelled
2261,"Munoz, Walls and Garcia",ZUD,OYA,2026-01-10 11:47:03.707639,2026-02-20 06:47:27.380610,55,879,5511,Delayed
2262,Rice-Watson,OIN,HIR,2026-01-17 09:33:35.673085,2026-04-05 03:29:47.285097,464,825,48024,On Time
2263,Villarreal-Branch,OLP,RXN,2026-01-15 13:19:53.124834,2026-02-11 11:39:51.693717,382,4809,28089,On Time
2264,Horton Inc,ARU,RZR,2026-02-14 03:23:15.848567,2026-02-22 16:37:27.098716,355,6443,39063,Delayed
2265,Jackson-Smith,PIG,YDU,2026-02-03 21:39:47.258706,2026-01-04 07:18:52.630983,358,6711,27392,Delayed
2266,Matthews and Sons,POL,VXK,2026-02-20 02:30:27.760082,2026-03-16 05:41:25.682012,377,5027,27661,On Time
2267,Barton-Lucas,SAN,TOJ,2026-02-26 03:29:31.336519,2026-03-22 11:21:54.046283,313,9564,34616,Cancelled
2268,"Gamble, Escobar and Hall",JVO,YSI,2026-03-22 13:10:26.778627,2026-02-22 22:59:19.005034,504,8914,30934,Delayed
2269,Wiggins LLC,SXE,WJU,2026-03-20 08:04:37.705312,2026-03-10 11:31:43.851843,95,4610,13330,Delayed
2270,Bennett-Smith,COF,VFJ,2026-03-18 03:25:39.831731,2026-03-20 16:35:53.309977,379,5770,11019,Delayed
2271,Waters-Welch,LFV,HIR,2026-04-05 22:52:22.957723,2026-01-22 09:30:59.960759,520,2387,13533,Delayed
2272,"Harris, Hall and Harvey",RFL,FYW,2026-03-19 11:25:54.941576,2026-03-31 12:24:17.924599,442,3863,6545,On Time
2273,Jones LLC,PIG,JEA,2026-03-01 03:38:18.260300,2026-01-22 03:10:16.618476,322,7023,12807,Delayed
2274,Chan and Sons,RRZ,KHA,2026-04-02 17:53:57.008653,2026-02-15 15:04:02.103523,353,2133,11257,Delayed
2275,Gregory Ltd,RFL,EMQ,2026-03-12 18:47:02.256934,2026-03-11 04:47:37.780916,156,4506,36696,On Time
2276,Christensen and Sons,LFV,HIA,2026-03-31 04:00:23.944215,2026-03-26 00:09:27.952731,120,6368,17693,On Time
2277,Welch-Lowe,COF,MOG,2026-02-04 05:38:53.751834,2026-03-21 03:55:23.619440,66,5581,35477,Cancelled
2278,Thompson PLC,IUM,PXE,2026-01-05 22:58:50.878957,2026-02-21 17:08:11.077833,275,7262,15165,On Time
2279,"Moses, Anderson and Miller",IUM,UAI,2026-04-03 00:48:50.096735,2026-03-13 13:22:45.220301,138,5458,32355,On Time
2280,Graham-Banks,EMT,DAL,2026-01-04 12:30:30.610393,2026-02-22 12:10:27.546892,358,3344,43389,Cancelled
2281,"Bowers, Vang and Tran",FCG,HZN,2026-01-05 17:55:35.963214,2026-01-14 16:42:17.051490,354,1929,26252,Cancelled
2282,Rodriguez-Hurley,YNZ,HOG,2026-04-05 12:32:03.404626,2026-01-10 05:26:31.633714,111,1620,23599,Delayed
2283,"Werner, Grimes and Soto",DHB,FCG,2026-03-05 22:06:51.853475,2026-04-01 00:36:29.593292,584,6018,12307,Delayed
2284,Byrd-Jennings,YLF,KBO,2026-01-23 08:58:35.287022,2026-03-07 21:24:56.272437,386,2126,2353,Cancelled
2285,Mckee Group,SLG,MAF,2026-01-03 02:04:53.558311,2026-02-21 01:19:06.847201,442,4537,35862,On Time
2286,Reyes PLC,HWX,VFJ,2026-02-24 14:28:41.323888,2026-01-02 17:57:18.101064,510,5036,24683,Cancelled
2287,Wagner-Perez,OYA,NRE,2026-03-07 13:42:53.759606,2026-04-05 17:59:38.872689,250,2765,48810,On Time
2288,"Fisher, Barron and Watson",VXI,DHB,2026-03-14 08:45:35.786149,2026-01-19 10:36:54.352405,269,897,13716,Cancelled
2289,"Sims, Wilson and Jones",UAI,DHB,2026-01-18 22:44:48.685533,2026-03-24 07:00:16.808315,147,4672,22531,Delayed
2290,Larson and Sons,XWE,OWC,2026-01-11 06:58:57.050359,2026-01-24 12:25:00.030384,32,3252,49683,Cancelled
2291,Henry Group,PIV,UDQ,2026-02-02 00:44:52.399836,2026-04-01 04:23:58.531198,185,3366,14049,On Time
2292,"Torres, Mercado and Collins",PIV,QEH,2026-02-04 22:48:00.882303,2026-01-07 01:47:42.357277,393,4648,14987,Cancelled
2293,"Gonzalez, Quinn and Banks",HVC,PFQ,2026-03-18 18:58:17.336063,2026-02-06 14:05:18.501038,596,995,32389,Delayed
2294,Welch Ltd,GQN,SEA,2026-04-03 17:57:28.310948,2026-02-13 00:59:21.403880,545,2455,8705,On Time
2295,"Anderson, Gallagher and Lopez",OKT,GQN,2026-03-29 18:09:59.568442,2026-01-14 10:28:12.120691,532,6303,30739,Cancelled
2296,Byrd-Rodriguez,UZS,QEH,2026-01-17 07:24:09.268054,2026-03-25 07:26:13.080615,383,9035,48008,Cancelled
2297,Nunez-Gomez,FIA,RZR,2026-01-30 00:57:52.159644,2026-01-08 03:03:22.200013,92,4233,29220,On Time
2298,Dillon-Mooney,PIV,HUX,2026-02-01 17:44:53.622293,2026-03-19 08:41:20.552163,462,9373,16596,Delayed
2299,Hall Ltd,OWR,ESX,2026-01-29 07:17:51.467442,2026-03-02 05:30:36.226571,308,6221,39190,Cancelled
2300,Wang and Sons,OJV,XOR,2026-04-02 02:59:18.416513,2026-03-07 14:03:59.169352,195,7138,44849,Cancelled
2301,Kent-Perez,CEK,PIC,2026-02-13 10:13:07.378392,2026-03-21 20:03:18.148499,236,528,45089,Delayed
2302,"Phillips, Simmons and Vega",FVJ,DDQ,2026-01-01 14:19:23.609514,2026-02-28 11:49:52.953742,348,7631,19726,On Time
2303,Garza PLC,XJO,BJW,2026-02-24 18:28:11.969417,2026-02-01 14:35:53.197129,100,3875,23118,Cancelled
2304,Chapman-Gregory,LER,YDU,2026-03-14 07:57:35.522381,2026-01-12 02:19:23.449931,139,7732,34140,Delayed
2305,Gutierrez-Nelson,VPU,VFJ,2026-02-23 23:11:50.620848,2026-01-27 05:47:36.383714,191,3743,28994,Delayed
2306,"Turner, Garcia and Calderon",XOR,XQD,2026-02-08 08:37:23.086126,2026-03-05 18:01:36.240391,77,939,29605,Cancelled
2307,"Barber, Gomez and Chapman",FVJ,HUX,2026-01-18 22:36:56.033553,2026-03-30 05:43:03.775839,380,5921,42998,Delayed
2308,"Hall, Cole and Mccoy",OLP,RCJ,2026-03-17 08:02:40.273074,2026-01-08 08:48:36.732910,414,1273,6805,Delayed
2309,Perez-Williams,AXF,DAL,2026-04-07 22:38:07.284913,2026-04-05 10:06:00.471354,402,4640,35514,Delayed
2310,"Lawson, Gilbert and Williams",RWO,SEA,2026-01-22 18:56:32.448756,2026-01-29 04:03:43.888890,279,8365,42036,Cancelled
2311,"Brown, Randolph and Combs",ARU,PRW,2026-03-13 23:16:18.577645,2026-01-28 04:09:36.137818,506,726,12339,On Time
2312,Wood-Woodward,HVM,GHQ,2026-04-08 00:57:48.840070,2026-03-13 07:58:53.788382,141,3459,19606,On Time
2313,Martinez and Sons,NPR,FCG,2026-01-04 23:49:19.391022,2026-01-27 09:27:16.832439,541,5342,21430,Cancelled
2314,Baker-Allen,MGR,XQD,2026-01-05 23:21:37.742197,2026-01-29 12:47:18.063131,225,4677,26366,Delayed
2315,Patterson Ltd,UVN,PFQ,2026-03-03 05:40:12.826836,2026-03-01 16:12:28.121551,554,9948,5961,Cancelled
2316,Scott-Harper,HVM,DFB,2026-01-14 08:01:57.700433,2026-01-23 17:28:00.624814,242,6586,18296,On Time
2317,"Smith, Johnson and Rivera",ZUD,CPL,2026-01-25 08:54:51.984447,2026-02-22 13:36:22.224768,349,9924,44530,On Time
2318,Griffin and Sons,MOG,BJW,2026-04-02 00:47:48.136450,2026-02-23 12:48:13.651924,349,5197,15527,On Time
2319,Powers and Sons,XQD,ZQT,2026-03-11 20:56:53.987827,2026-01-31 01:25:53.329539,221,3202,46539,Cancelled
2320,"Torres, Faulkner and Fowler",WAX,UAI,2026-02-05 03:55:52.691572,2026-03-17 09:15:32.994891,275,6665,37124,Cancelled
2321,Calderon-King,BJW,LER,2026-03-24 12:46:10.454448,2026-01-18 22:54:17.778423,539,1734,21942,Delayed
2322,Shaw-Golden,JEA,IUM,2026-02-05 09:20:23.866121,2026-03-23 04:58:10.520745,406,4213,6630,Cancelled
2323,Murray-Gilbert,ESX,UPB,2026-03-23 20:05:10.438905,2026-02-04 13:23:59.003050,38,2832,29281,Cancelled
2324,Olsen PLC,HIA,HVM,2026-03-20 23:21:16.713479,2026-02-13 18:25:17.673296,269,2675,7120,On Time
2325,"Williams, Prince and Daniel",JVG,RFS,2026-01-11 15:51:56.484240,2026-02-06 17:46:54.016860,278,8216,26474,Cancelled
2326,Mccoy-Barron,YSA,PIV,2026-02-27 04:02:45.537214,2026-02-11 14:03:57.662538,35,7133,21505,On Time
2327,Brown-Greene,PRW,HOR,2026-02-01 05:28:05.721063,2026-03-01 15:08:32.851108,279,5216,43322,Cancelled
2328,Jones Group,GGR,NRE,2026-01-16 11:56:25.804781,2026-01-14 22:41:40.328279,45,5361,49456,Cancelled
2329,Vargas Group,AJM,ZEI,2026-04-01 02:57:13.489497,2026-02-15 09:39:14.761528,259,8257,46468,On Time
2330,"Brown, Lawson and Bush",ZQT,ANH,2026-04-05 11:01:05.159626,2026-01-13 08:21:24.507988,70,3537,21357,Delayed
2331,"Crawford, Stout and Sanders",SLN,EMQ,2026-01-20 15:32:33.900415,2026-01-13 03:44:24.549919,335,4635,21265,Cancelled
2332,"Thomas, Smith and Green",RWO,WUT,2026-01-11 20:25:46.146358,2026-01-11 20:00:02.217151,588,1976,45123,On Time
2333,"Chung, Park and Walker",PFQ,RWO,2026-03-29 17:50:14.851903,2026-03-06 17:09:22.392044,58,3891,33285,Cancelled
2334,"Moody, Andersen and Fuentes",ESX,NRE,2026-03-06 10:36:17.753443,2026-01-05 07:32:34.119126,48,385,9323,On Time
2335,Tran-Chapman,JHK,FIA,2026-01-06 23:12:27.740706,2026-03-07 10:34:03.464726,372,4267,40906,Delayed
2336,"Patterson, Kennedy and Choi",FFE,HWX,2026-01-21 21:21:21.934578,2026-01-26 20:17:57.700460,182,3087,34799,Delayed
2337,"Davis, Green and Fitzgerald",HWX,MNZ,2026-03-14 06:46:52.070982,2026-01-10 02:10:38.950583,171,7745,41937,On Time
2338,Nelson-West,TOJ,DDQ,2026-02-24 05:04:15.426951,2026-01-25 15:26:49.652600,391,5502,47407,Cancelled
2339,Huang LLC,XJO,MNZ,2026-01-21 04:47:21.199709,2026-03-31 05:59:25.256799,176,5153,10344,Cancelled
2340,Carroll Ltd,VPZ,GXQ,2026-01-17 07:35:46.427930,2026-01-15 18:32:06.615653,136,2537,5403,Cancelled
2341,Mosley-Beck,TRV,NPR,2026-02-02 10:56:17.573213,2026-03-02 23:46:06.783083,488,7480,31496,Cancelled
2342,House-Blair,BJD,CFB,2026-03-09 16:46:18.122590,2026-03-03 00:32:36.347754,345,7790,23039,Cancelled
2343,Robinson-Harris,SAN,NRE,2026-01-19 12:27:18.881562,2026-01-25 05:04:09.148262,56,9672,34105,Delayed
2344,Vega LLC,CEK,JDM,2026-03-06 15:07:32.590404,2026-02-09 11:44:06.121371,95,2178,16074,On Time
2345,Ramirez-Frey,WMQ,PTQ,2026-04-05 04:39:24.430568,2026-02-22 21:49:15.233178,214,7107,23044,Cancelled
2346,Thomas Group,DAL,UUO,2026-01-18 21:00:33.307902,2026-03-09 17:02:00.507614,396,626,3748,Cancelled
2347,Holmes and Sons,IUM,OIS,2026-02-11 11:36:59.534336,2026-01-18 15:20:57.128263,335,1191,25546,On Time
2348,Johnson LLC,ZIB,JLM,2026-04-01 15:20:56.076063,2026-02-21 22:26:34.391451,392,2504,14019,Cancelled
2349,Hall and Sons,PIC,JDM,2026-03-25 12:45:03.558178,2026-02-20 03:57:54.324828,219,9044,27854,Delayed
2350,Phillips-Mcclain,XRZ,EMT,2026-01-08 05:11:03.044184,2026-01-19 04:33:15.202174,340,8525,38103,Delayed
2351,Scott-Kennedy,SLG,DAL,2026-04-06 19:21:33.166961,2026-04-06 02:01:48.865504,131,2222,4285,Delayed
2352,Bailey-Bowman,OIN,BJW,2026-02-17 10:20:07.789997,2026-01-19 11:29:41.005228,293,7489,22548,On Time
2353,Burgess-Smith,MGR,GQT,2026-03-29 18:23:28.320226,2026-02-20 09:30:34.227839,61,5624,35918,On Time
2354,Jones-Hess,MZH,MNZ,2026-01-01 04:20:01.524490,2026-01-09 05:33:04.264281,185,7560,3432,Cancelled
2355,"Green, Roberts and Reid",CBT,JLG,2026-02-27 10:51:36.254243,2026-03-07 22:36:09.622995,88,4313,16539,Delayed
2356,"Castillo, Erickson and Navarro",VLU,KFP,2026-02-09 22:29:12.085895,2026-02-14 15:17:21.162138,533,1814,23550,Delayed
2357,"Rodriguez, Cross and Shelton",XNP,LIW,2026-03-18 00:24:34.191344,2026-02-27 23:11:58.992385,472,5618,2094,Delayed
2358,Brown Group,EDQ,FCG,2026-04-01 13:10:35.042495,2026-02-20 07:41:45.866780,559,8643,9583,On Time
2359,Mcmillan and Sons,JVO,UPB,2026-02-14 01:31:04.259622,2026-01-31 19:07:01.782073,104,7982,47651,Cancelled
2360,Chan-Smith,DHB,ARU,2026-02-26 20:41:57.107472,2026-01-03 14:28:09.417819,590,7953,29098,Cancelled
2361,Patterson Inc,FFE,XQD,2026-03-10 01:29:01.989580,2026-03-23 17:15:50.674245,342,7259,42101,Cancelled
2362,Norton-Sims,XYB,PRW,2026-03-01 12:07:51.969085,2026-01-01 03:33:26.001112,75,989,46209,Cancelled
2363,"Kelly, Thompson and Bradford",COF,GHQ,2026-01-19 17:06:28.854885,2026-02-03 08:34:42.337508,547,9303,29574,On Time
2364,Holt-Holden,EMQ,XWE,2026-01-17 04:32:35.353102,2026-01-15 23:43:20.960971,335,619,30832,On Time
2365,Brock-Jimenez,ORB,PIV,2026-02-15 18:49:23.311537,2026-02-09 17:39:06.908094,221,5251,36833,Cancelled
2366,King-Wolfe,POL,VBS,2026-02-04 15:35:23.115963,2026-02-12 17:40:17.364292,240,1228,49960,Delayed
2367,"Monroe, George and Gray",SAN,OYA,2026-01-31 15:43:08.314307,2026-01-13 15:39:43.095234,466,1042,42540,Delayed
2368,Lee-Peterson,HVG,QEH,2026-01-13 11:45:20.743224,2026-03-23 20:54:45.834781,349,284,19372,Cancelled
2369,Hanson Group,CBZ,VLU,2026-03-18 00:59:11.392077,2026-01-31 00:43:03.431548,242,4487,7285,Delayed
2370,Hendricks-Lee,RZR,KRW,2026-02-12 19:13:47.779324,2026-03-23 05:24:25.688468,400,677,49213,Cancelled
2371,"Johnson, Johnson and Long",FFE,RZR,2026-02-06 17:03:30.021608,2026-02-01 03:02:56.326487,293,3889,33640,Cancelled
2372,Montgomery and Sons,POL,DYM,2026-03-09 10:36:09.840883,2026-01-19 15:38:58.479050,254,3423,35742,On Time
2373,"Ho, Thomas and Diaz",HFX,HUX,2026-01-02 02:48:22.924572,2026-01-30 04:42:26.721777,391,3736,2804,Delayed
2374,Stevenson LLC,QFJ,ISQ,2026-01-20 09:49:33.045322,2026-02-03 10:40:59.704066,265,9357,47956,Cancelled
2375,"Evans, Morgan and Smith",RCJ,GYR,2026-02-21 19:18:23.865016,2026-03-01 00:28:41.284765,443,5591,3884,On Time
2376,Conley-Garcia,CXD,ZSP,2026-03-21 22:51:05.900550,2026-02-12 23:32:37.643256,415,8333,10622,Cancelled
2377,Clark-Brown,DNK,ORB,2026-02-23 16:35:03.196806,2026-03-13 10:56:20.382733,593,435,29740,Delayed
2378,Peterson-Green,IDD,IUM,2026-01-24 03:09:50.306543,2026-02-24 21:22:03.246056,213,6700,44690,On Time
2379,Cox-Blankenship,AJM,AMB,2026-02-10 17:18:04.322562,2026-03-26 23:03:22.293856,319,8750,10648,On Time
2380,Vaughn Inc,UAI,OKN,2026-01-29 01:22:00.764947,2026-03-28 11:53:52.485202,214,1869,36815,Delayed
2381,Stewart PLC,JLG,ESX,2026-02-18 07:35:08.425790,2026-03-07 02:00:00.082447,104,3360,10581,Cancelled
2382,Evans-Sharp,ZIB,BJD,2026-01-10 10:45:28.892061,2026-04-03 02:24:31.789595,110,4505,29893,Cancelled
2383,Ball Group,DBH,JLG,2026-03-04 06:17:45.169035,2026-01-30 17:09:21.539832,349,922,27129,Cancelled
2384,Martin Group,VXK,JDM,2026-03-22 16:05:26.283384,2026-02-28 06:42:38.289905,252,3015,20332,Cancelled
2385,"Perkins, Henderson and Rodriguez",MGR,JVO,2026-04-07 08:22:37.693262,2026-02-19 01:36:19.203657,93,3629,40874,Cancelled
2386,Myers-King,CYC,CBZ,2026-02-04 01:15:39.203678,2026-01-05 01:25:11.981804,148,2794,42895,Cancelled
2387,"Choi, Barker and Reese",IAL,CKO,2026-02-14 18:52:40.810852,2026-02-06 16:38:23.776235,301,6582,7723,Cancelled
2388,"May, Roach and Strickland",WMQ,IAL,2026-02-20 07:38:46.790741,2026-02-15 02:09:31.455565,478,2519,47925,On Time
2389,"Wright, Jenkins and Tran",SXE,LFV,2026-04-04 21:21:06.708994,2026-03-26 19:24:29.604766,67,7641,18620,Delayed
2390,"Terry, Lowery and Johnson",AMB,XJO,2026-03-08 01:28:59.938715,2026-03-10 06:43:14.571155,436,8985,13310,On Time
2391,"Hoover, Garcia and Christian",MOG,TTI,2026-03-16 00:55:10.140916,2026-03-14 05:45:36.328078,558,8763,26664,On Time
2392,Anderson-Simon,WMQ,CBT,2026-04-03 18:43:36.644600,2026-02-12 14:52:22.528089,386,6677,44570,Cancelled
2393,May-Carroll,UZS,YSA,2026-01-10 12:44:04.355551,2026-03-03 17:45:04.179282,509,8025,32008,On Time
2394,"Yang, Wilcox and Rogers",KRW,VBS,2026-02-26 06:29:21.531387,2026-02-05 17:10:51.667752,341,6520,26227,On Time
2395,"Smith, Ho and Wilkins",NGJ,UZS,2026-01-20 15:51:29.714068,2026-03-03 17:39:55.586345,203,7470,29391,Delayed
2396,"May, Simpson and Ruiz",GQT,JDM,2026-01-26 11:50:42.347235,2026-04-04 23:33:07.514493,161,2176,24435,Cancelled
2397,"Wolfe, Willis and White",XJO,GGR,2026-03-24 12:40:15.664906,2026-03-29 00:16:15.939610,152,1614,26469,Cancelled
2398,Bolton-Rodriguez,MWN,RRZ,2026-03-21 14:43:04.572202,2026-03-07 04:03:43.532824,385,990,29299,On Time
2399,"Taylor, Hernandez and Alexander",VAZ,UDQ,2026-01-11 23:46:45.436384,2026-03-23 11:48:17.275306,468,3911,36592,On Time
2400,Leblanc Ltd,GYR,ZYQ,2026-03-17 21:18:32.650205,2026-01-07 07:27:29.277475,93,5960,45648,Cancelled
2401,Payne Ltd,XRZ,YTN,2026-02-06 07:03:13.066795,2026-01-05 07:08:20.109489,144,2076,49916,Delayed
2402,Cherry-Riley,AAU,LER,2026-01-13 14:21:25.018928,2026-02-19 01:32:10.266596,268,7526,26589,On Time
2403,Benson-Hood,DDQ,NGJ,2026-03-27 23:04:34.133481,2026-03-22 02:55:59.739510,285,3849,22295,On Time
2404,Foster PLC,IUM,DYM,2026-01-14 10:50:30.706145,2026-03-02 18:15:44.895191,318,7126,10535,Cancelled
2405,Fields Group,JVO,GQT,2026-01-25 06:45:14.319901,2026-03-21 16:40:05.371441,554,7812,32223,Cancelled
2406,Wolf-Lawson,SEA,FVJ,2026-03-12 17:41:27.034623,2026-01-26 14:27:46.539467,557,3257,38582,On Time
2407,Jacobs LLC,HFX,RXD,2026-02-13 20:39:01.389492,2026-03-10 00:09:21.620035,84,6334,47314,On Time
2408,Sanchez and Sons,HIR,JHK,2026-01-29 14:32:50.280013,2026-02-20 03:40:35.263243,266,4540,47356,Delayed
2409,Wilson Inc,ZNM,OIN,2026-03-31 07:16:37.443522,2026-01-30 05:44:04.216678,464,7130,23741,Delayed
2410,Harris-Webb,NPR,OLP,2026-02-24 01:45:01.771857,2026-04-01 01:19:59.091107,357,4610,6765,Cancelled
2411,Chandler Inc,TOJ,RZR,2026-03-05 05:56:06.982362,2026-03-12 22:37:40.764186,541,5230,28160,Cancelled
2412,Peterson-Vazquez,RFL,DCP,2026-02-26 16:24:37.948170,2026-03-07 06:51:51.985663,269,2019,6114,On Time
2413,"Smith, Reed and Ferrell",COF,YNZ,2026-03-04 12:06:23.084194,2026-02-06 09:18:21.531531,329,3952,14358,On Time
2414,Pham and Sons,FCG,CBT,2026-03-31 13:34:10.419518,2026-02-02 01:05:20.778860,250,641,31846,Delayed
2415,Bass Inc,OKN,ZTI,2026-03-29 23:41:22.187088,2026-03-26 10:28:58.712532,426,3947,18865,On Time
2416,Stewart Group,KBO,ZYQ,2026-03-21 11:33:51.373921,2026-02-03 18:36:53.073187,565,6762,16803,Delayed
2417,"Robinson, Crawford and Smith",IDD,HFX,2026-03-13 02:31:22.757626,2026-01-08 03:03:20.724918,508,564,42089,On Time
2418,Vazquez Group,LER,VPC,2026-02-14 22:59:39.677347,2026-04-03 19:19:38.834006,65,7154,16751,Delayed
2419,Cunningham-Hamilton,JQG,OTP,2026-03-23 05:52:50.372245,2026-03-20 09:39:31.505143,296,1009,9973,Delayed
2420,"Stephens, Cruz and Edwards",SLN,BJW,2026-03-10 23:46:14.819209,2026-03-13 20:21:48.375759,86,8587,27070,Delayed
2421,Wilkinson-Smith,LZQ,XOR,2026-01-01 11:41:54.302129,2026-02-15 08:43:12.507163,93,5726,20898,On Time
2422,Rivas Ltd,RFS,NGJ,2026-04-03 04:30:16.338974,2026-02-27 00:56:01.872901,224,8915,15277,Cancelled
2423,"Armstrong, Johnson and Kim",GGR,OIN,2026-01-14 01:12:38.167635,2026-01-04 19:06:25.832582,492,1518,11594,Delayed
2424,Ward-Kim,KHA,UUO,2026-03-04 11:24:29.586317,2026-03-19 06:28:42.250815,473,251,15331,Cancelled
2425,"Bowen, Hernandez and Thompson",AAU,NPR,2026-03-18 00:01:17.895473,2026-03-22 02:43:45.669169,538,6468,16459,Cancelled
2426,Bailey Group,ANH,EMQ,2026-02-15 09:41:54.829608,2026-01-30 00:00:02.050927,419,3258,48456,Cancelled
2427,"Smith, Williams and Armstrong",RRZ,HWX,2026-03-23 08:30:18.499329,2026-01-30 08:02:01.147635,388,8950,21219,Delayed
2428,Adams LLC,CPL,ORB,2026-01-14 22:54:04.409199,2026-03-23 03:52:17.590186,277,1349,37631,Delayed
2429,Sanders Group,SAZ,BJD,2026-02-15 02:10:17.854543,2026-01-23 16:57:01.687047,51,2780,43355,Cancelled
2430,Jones Inc,HPX,YDU,2026-03-04 01:46:36.305165,2026-03-24 01:41:41.361793,64,1007,48634,Cancelled
2431,Hawkins-Evans,SAZ,VHB,2026-04-07 09:46:57.139935,2026-01-05 20:30:27.173505,536,2574,48109,Delayed
2432,Hubbard LLC,ORB,EMQ,2026-01-31 05:58:41.609207,2026-03-19 22:43:00.048912,533,2814,29893,Cancelled
2433,"Glover, Hood and Hernandez",FFE,JDM,2026-03-08 16:35:01.942170,2026-03-15 12:36:33.873203,470,5730,30796,On Time
2434,"Delgado, Washington and Porter",JHK,LIW,2026-03-20 08:38:20.778659,2026-03-05 21:17:38.526737,150,1193,37057,Delayed
2435,Villegas-Ellis,PIC,CYC,2026-01-13 05:42:46.186318,2026-03-22 03:07:51.180943,542,4948,32177,On Time
2436,Johnson LLC,CYC,DNK,2026-02-23 09:02:51.105501,2026-04-01 17:20:05.543434,161,5329,19084,Cancelled
2437,Prince PLC,DNK,QZZ,2026-03-29 06:32:03.108123,2026-02-21 05:20:59.229984,542,2235,5339,Delayed
2438,Wolf-David,SXE,PMA,2026-03-14 21:10:45.037420,2026-01-03 07:58:44.007414,76,3156,34290,On Time
2439,"Mitchell, Perry and Kelley",XJB,YTN,2026-04-07 05:17:32.999113,2026-01-31 22:41:03.571412,498,3232,46597,Delayed
2440,"Blankenship, Jackson and Gutierrez",DHB,VXK,2026-01-05 18:40:56.072352,2026-03-21 17:20:32.546107,329,4000,2847,Cancelled
2441,Robinson-Hughes,DFB,QST,2026-01-24 02:53:48.076521,2026-03-05 08:00:01.667355,70,7147,45759,On Time
2442,Petersen Group,AAU,OIN,2026-03-08 06:57:55.564482,2026-02-19 20:06:10.895719,424,1090,13707,Cancelled
2443,"Nelson, Mcfarland and Morales",QFJ,NLB,2026-02-12 21:31:47.533274,2026-01-04 02:25:58.927427,65,1312,39656,Delayed
2444,"Hunt, Huff and Taylor",QEH,MGR,2026-03-14 07:00:55.871170,2026-01-25 17:33:40.433545,556,4412,23650,Cancelled
2445,Davis-Weaver,IAL,HVG,2026-01-17 20:18:08.149140,2026-01-13 13:59:08.149285,594,669,14862,On Time
2446,"Torres, Thomas and Hall",HIA,EMQ,2026-01-13 08:02:40.674569,2026-03-20 20:45:55.415342,175,615,4423,Cancelled
2447,"Lara, Clark and Oneal",ORB,VHB,2026-02-26 22:58:37.271075,2026-02-03 16:59:58.181060,303,1319,21682,Delayed
2448,Friedman PLC,HFX,RFS,2026-01-03 02:58:24.576383,2026-03-29 02:32:43.299103,220,2023,22485,Delayed
2449,Smith PLC,YVL,OIN,2026-03-03 13:08:01.754054,2026-04-02 19:47:59.757036,122,390,35074,Cancelled
2450,"Rush, Moss and Cooper",HOG,VHB,2026-03-28 11:53:26.353839,2026-01-14 23:03:56.132581,245,7719,11661,On Time
2451,Smith PLC,CYC,RZR,2026-01-02 23:42:11.307864,2026-02-03 00:02:20.448973,560,287,41473,Cancelled
2452,Cowan-Higgins,JLM,ZSP,2026-03-13 19:50:29.057057,2026-02-10 05:46:19.761778,34,9051,49066,On Time
2453,"Manning, Hernandez and Harris",PFQ,OIS,2026-02-09 21:14:40.291273,2026-03-16 13:55:45.456308,551,9783,16007,On Time
2454,Barnes LLC,PIG,VBS,2026-02-04 14:30:12.891388,2026-02-27 17:02:05.470080,107,9177,42444,Delayed
2455,Cantrell and Sons,EMT,IDD,2026-02-15 10:14:33.062501,2026-03-10 15:11:35.293329,572,7983,10307,Delayed
2456,"Romero, Ortiz and Clark",OLP,UHK,2026-03-25 21:40:48.340953,2026-01-18 11:05:14.715862,85,8332,10313,Delayed
2457,Figueroa-Williams,SLG,KFP,2026-01-25 22:04:03.565562,2026-02-10 00:30:14.113330,200,2012,19493,Cancelled
2458,Morris-Mathews,JLG,OLP,2026-01-03 18:22:01.096761,2026-01-02 12:56:09.770523,401,8682,6959,Cancelled
2459,"Bell, Clayton and Jones",PMA,KBO,2026-03-01 08:40:57.665338,2026-02-07 01:14:33.919045,523,2537,15322,Cancelled
2460,"Mcdaniel, Vazquez and Mendez",IAL,JEA,2026-03-15 19:57:33.213208,2026-02-02 03:32:45.750564,244,6991,49898,Cancelled
2461,Rhodes-Wall,JQG,EMT,2026-01-23 22:06:16.711832,2026-01-05 21:50:40.258389,315,3417,6534,Delayed
2462,Hebert PLC,WPA,SEA,2026-03-08 04:25:45.268023,2026-03-16 15:48:23.344785,534,2972,30597,Cancelled
2463,"Moss, Smith and Diaz",RFS,MZH,2026-03-23 01:13:21.296806,2026-01-25 21:21:57.534421,352,4079,8582,Cancelled
2464,Johnson Inc,OTP,QPC,2026-02-01 06:29:55.646779,2026-03-26 01:51:59.214633,326,3460,6050,Delayed
2465,"King, Brown and Shaffer",YNZ,FVJ,2026-03-30 18:06:15.152613,2026-03-23 14:10:33.735090,36,4319,10553,On Time
2466,"Barnes, Scott and Waters",OYA,PMA,2026-01-26 01:36:30.109151,2026-03-24 12:02:26.982929,469,1667,37591,Cancelled
2467,Cochran-Moss,SAN,UDQ,2026-02-09 20:42:00.895727,2026-01-11 03:37:38.346146,56,6874,12807,On Time
2468,Robinson and Sons,YDU,RRZ,2026-01-11 02:11:09.601417,2026-01-25 19:14:15.463063,100,6462,35049,Cancelled
2469,Johnson and Sons,NRE,GQT,2026-01-10 23:16:26.561430,2026-03-24 20:42:02.323200,49,3082,31716,Cancelled
2470,Cummings Ltd,AAU,WPA,2026-01-06 17:01:52.752995,2026-02-10 16:40:47.794005,227,4064,23617,Cancelled
2471,Cross-Walsh,YSI,JVG,2026-03-13 09:47:47.370178,2026-04-05 08:00:59.244420,47,2358,25716,Cancelled
2472,Gonzales-Kent,VPZ,QAA,2026-02-11 19:02:57.350008,2026-03-07 04:48:59.124083,181,1716,16162,On Time
2473,"Ramsey, Davis and Miles",BZQ,ZUD,2026-03-30 04:02:55.482926,2026-01-18 12:03:39.075383,545,9777,27202,Cancelled
2474,Barber and Sons,DDQ,JEO,2026-03-08 10:08:48.524911,2026-03-10 01:41:39.306058,492,372,47171,On Time
2475,Robbins-Morales,SAZ,KRW,2026-01-24 16:46:57.688911,2026-01-30 01:43:11.513547,441,3148,45382,On Time
2476,Jones LLC,PRW,SAZ,2026-04-03 18:51:26.494669,2026-03-18 09:18:54.932401,53,2309,25949,Delayed
2477,"Summers, Cruz and Hunter",MZE,NRE,2026-01-10 03:07:17.546676,2026-02-19 15:43:17.461215,77,1761,20370,Cancelled
2478,Howe-Pena,XJB,YTN,2026-04-02 18:22:58.603406,2026-03-16 18:15:51.059680,462,507,40864,Cancelled
2479,"Mckinney, Brown and Johnson",ESX,UPB,2026-04-03 07:20:43.134560,2026-02-11 04:27:33.755854,176,2705,44101,Cancelled
2480,"Montgomery, Gentry and Johnson",HVG,XWE,2026-01-03 07:57:21.915128,2026-03-01 02:03:41.574243,475,4639,22713,Delayed
2481,Singleton PLC,MZH,FFE,2026-02-14 15:50:33.552327,2026-01-15 05:58:13.666234,79,6690,15815,On Time
2482,"Cook, Rodriguez and Contreras",BIL,ZQT,2026-02-15 07:07:06.410172,2026-02-13 17:24:55.128061,171,3736,35071,Delayed
2483,Rowe-Ramirez,RML,XJO,2026-02-15 18:00:44.143110,2026-03-10 22:04:29.289652,196,6524,37895,Delayed
2484,Lynch-Andrade,RWO,JLG,2026-03-11 20:20:45.228270,2026-04-02 06:18:01.509514,498,5416,42725,Delayed
2485,"Green, Acevedo and Nguyen",JVG,PFQ,2026-03-21 01:20:19.774617,2026-03-07 06:35:50.694204,474,9528,27867,Cancelled
2486,"Payne, Mitchell and Howard",PIV,XWE,2026-01-05 09:49:02.067837,2026-04-03 08:02:40.724285,162,7443,4950,On Time
2487,Tyler-Alexander,TRV,YLF,2026-01-03 10:22:28.379372,2026-04-02 10:56:33.174868,113,7186,45375,Cancelled
2488,Butler LLC,NLB,CBZ,2026-01-19 14:24:55.230135,2026-01-13 13:07:42.457152,517,8309,13417,Delayed
2489,Patterson Ltd,FIA,MZE,2026-01-31 08:10:56.441709,2026-03-14 15:15:07.300443,80,6295,3628,Cancelled
2490,"Casey, Cook and Mccormick",ZQT,NSL,2026-02-23 22:23:52.536994,2026-03-06 15:01:03.255029,497,4110,25682,On Time
2491,Douglas-Martinez,DPO,HPX,2026-02-23 14:58:44.991637,2026-04-04 18:34:36.985481,246,3565,30428,Delayed
2492,Powell and Sons,HZK,CBZ,2026-02-23 11:50:26.002713,2026-03-20 07:15:53.518842,428,8635,16602,On Time
2493,Lynch-Hawkins,XQD,DAL,2026-02-23 12:01:34.490391,2026-03-21 11:00:12.120913,33,8150,40616,On Time
2494,Stephens PLC,GQN,XJO,2026-01-16 09:52:11.242358,2026-02-02 13:36:52.205882,363,1513,10327,Delayed
2495,"Nelson, Williams and Massey",POL,MNZ,2026-03-03 06:38:42.227965,2026-02-17 23:36:31.971048,522,7595,27434,On Time
2496,"Morris, Baxter and Fisher",JVO,DNK,2026-01-05 10:28:30.803957,2026-02-12 08:12:30.586949,511,9564,16847,On Time
2497,Carroll-Espinoza,ISQ,COF,2026-02-18 09:50:29.959656,2026-03-05 17:04:10.001548,450,1266,49942,Cancelled
2498,Torres and Sons,KLN,VHB,2026-03-05 17:43:46.599537,2026-02-16 05:59:32.007416,478,8622,26426,Delayed
2499,"Mcconnell, Beck and Barnes",DHB,EMT,2026-01-13 18:23:59.001340,2026-03-20 16:21:05.555021,462,4658,12152,Cancelled
2500,"Woodard, Hayes and Ortiz",SEA,YTN,2026-03-07 02:21:10.863373,2026-02-20 03:09:25.745139,269,1721,40372,Cancelled
2501,Walker-Waters,ISQ,AAU,2026-02-24 12:49:52.968900,2026-02-17 06:05:44.204058,147,8433,27794,On Time
2502,Lee Ltd,AAU,PTQ,2026-01-14 02:30:29.203214,2026-01-25 20:46:27.978573,462,5478,7982,Cancelled
2503,Lee-Dalton,FVJ,DBH,2026-01-04 11:29:34.521558,2026-02-20 01:56:24.027426,210,6265,34598,On Time
2504,"Gutierrez, Maxwell and Romero",YDU,SJZ,2026-03-31 00:35:48.073018,2026-03-26 14:27:08.125183,307,8155,28371,On Time
2505,Johnson-Yates,HVM,YTN,2026-02-17 07:16:13.124595,2026-02-27 13:14:14.553413,37,5837,10647,Cancelled
2506,Miller-Santos,XJO,KFP,2026-02-17 20:26:25.334942,2026-01-17 18:43:04.527126,266,600,27738,Delayed
2507,Kim Ltd,LXX,OLP,2026-02-24 04:08:19.558872,2026-01-11 11:46:20.321282,461,4980,41312,On Time
2508,Evans Inc,JLG,HZN,2026-02-23 07:34:26.122422,2026-03-28 13:28:37.885081,520,9421,13970,Cancelled
2509,Lee Inc,YLF,XYB,2026-02-23 14:55:05.240165,2026-02-19 21:24:34.919413,203,9376,43264,Delayed
2510,Martin-Smith,CYC,SJZ,2026-03-05 10:01:11.905156,2026-01-13 19:32:38.413336,392,1188,5678,Cancelled
2511,Green-Moreno,YSA,JQG,2026-02-01 21:08:10.907981,2026-03-31 05:22:01.801780,583,2500,15857,Cancelled
2512,Clark LLC,HOG,JDM,2026-03-13 06:19:55.912339,2026-02-26 12:29:53.282293,197,8406,43097,Cancelled
2513,Hensley-Phelps,LXX,RFL,2026-03-16 09:37:16.354643,2026-02-02 18:25:08.745579,303,4524,8609,Cancelled
2514,"Lewis, Castillo and Rios",FVJ,OWR,2026-03-04 22:41:36.925418,2026-03-02 02:47:06.142549,281,3783,20654,On Time
2515,Clark-Anderson,PIV,DCP,2026-04-07 05:28:59.489306,2026-03-12 22:39:28.659837,330,5818,40913,Delayed
2516,Hunt-Jones,OIN,YDU,2026-03-18 14:18:57.867365,2026-03-30 12:00:59.410926,46,4741,6790,Delayed
2517,Hernandez Group,OKN,UVN,2026-02-27 02:09:09.722530,2026-02-15 03:23:13.869259,234,1168,20851,On Time
2518,Cook-Carpenter,YLF,JLM,2026-02-02 00:24:40.063079,2026-03-10 23:57:51.780449,198,2859,46618,On Time
2519,Benitez-Moore,UZS,VZN,2026-03-01 22:45:43.895840,2026-01-19 05:07:46.523314,33,7878,22175,On Time
2520,Black LLC,IAL,NPR,2026-02-15 21:01:44.630920,2026-03-11 20:56:23.082284,206,642,31845,Cancelled
2521,Gonzales-Burton,CYC,NYP,2026-03-02 00:33:07.395084,2026-02-22 00:14:27.663542,244,4549,47361,On Time
2522,"Mendoza, Berry and Peterson",GQT,VPZ,2026-03-22 05:34:14.668104,2026-01-30 00:48:30.941714,597,9915,9755,Delayed
2523,"Wilson, Smith and Perez",XQD,VXK,2026-03-20 14:19:46.967069,2026-01-25 11:23:49.321554,559,525,18313,Delayed
2524,Valdez and Sons,RFS,RXD,2026-02-16 15:45:40.735612,2026-01-27 22:52:11.747797,143,8948,8483,Delayed
2525,"Chambers, Wilson and Wilson",HPX,VPZ,2026-02-03 21:33:32.123752,2026-01-12 03:04:35.934532,83,4797,48351,On Time
2526,"Cisneros, Blair and Doyle",TGY,BJW,2026-03-25 21:45:18.169578,2026-01-17 07:36:28.087323,415,1958,36634,Delayed
2527,Bolton Ltd,VHB,JEO,2026-01-23 19:00:19.263847,2026-03-31 09:22:01.600013,116,5858,5325,On Time
2528,"Rice, Williams and Briggs",HZN,IAL,2026-01-18 02:41:36.790455,2026-01-13 11:26:30.653842,466,5467,36671,Cancelled
2529,Jimenez Ltd,UAI,IAL,2026-02-02 17:28:32.818612,2026-01-02 01:46:13.688633,465,3383,2008,Cancelled
2530,Brown Ltd,HGF,RXN,2026-01-07 12:32:10.681222,2026-04-04 01:00:59.782323,57,7096,18312,Delayed
2531,Solis-Poole,CEK,JEO,2026-02-20 06:12:30.742267,2026-01-28 07:16:49.430020,214,5375,27452,On Time
2532,Griffith-Warren,JBR,LER,2026-03-27 07:22:14.397711,2026-03-02 20:26:13.039262,374,2474,49120,Delayed
2533,"Christensen, Roberts and Davenport",BJW,RZR,2026-01-16 06:31:24.201494,2026-03-03 12:53:49.979790,435,1352,30774,Delayed
2534,Chen LLC,QZZ,ISQ,2026-03-30 18:03:19.295635,2026-03-29 23:10:05.022203,131,2402,48864,Cancelled
2535,Allen Ltd,VPC,CXD,2026-01-16 14:47:38.045756,2026-01-20 13:33:28.449322,92,1884,27662,Cancelled
2536,Wood-Mcintosh,QZD,DFB,2026-01-11 15:19:46.262688,2026-03-15 18:08:36.789051,224,7789,9343,Delayed
2537,Miller and Sons,FIA,JDM,2026-02-06 22:53:22.035953,2026-01-10 02:39:24.610630,458,4315,27132,Cancelled
2538,James Group,BZQ,PXE,2026-01-17 11:32:24.788712,2026-03-21 11:35:02.439164,583,2923,32704,Delayed
2539,Lewis and Sons,DFB,GQT,2026-03-13 09:21:57.250292,2026-02-02 09:12:11.255929,358,7633,44328,Cancelled
2540,Hoffman-Haynes,PRW,AXF,2026-02-20 07:30:15.091053,2026-02-22 12:56:08.756924,318,9848,43135,On Time
2541,"Williams, Garcia and Thompson",VPZ,UUO,2026-02-16 04:58:26.897646,2026-03-23 00:20:48.758698,147,5184,46389,Cancelled
2542,Anderson-Smith,IUM,HVC,2026-02-27 20:18:49.663807,2026-01-13 15:50:29.302521,511,1052,12463,Delayed
2543,"Jones, Simmons and Wagner",ANH,HZK,2026-01-04 12:53:07.636541,2026-04-01 23:14:31.818470,366,9166,7208,On Time
2544,Benton Group,SJZ,DFB,2026-04-07 07:48:49.002767,2026-01-16 07:59:19.647865,180,8114,23162,On Time
2545,"Myers, Clay and Jones",AOQ,UZS,2026-02-09 07:36:55.084159,2026-03-27 10:42:13.670770,35,5348,20083,On Time
2546,Fowler Inc,XNP,PIG,2026-04-05 13:10:53.172307,2026-03-11 13:02:22.469540,198,3792,9671,Delayed
2547,Moore-Pitts,ZEI,TRV,2026-03-29 01:48:37.409944,2026-02-09 12:28:53.009926,390,3310,7532,Cancelled
2548,Schwartz-Murray,DAL,YNZ,2026-02-22 07:03:26.979219,2026-04-04 11:28:13.731312,296,2916,4402,Cancelled
2549,Mejia Ltd,SFR,TOJ,2026-02-27 14:52:35.335266,2026-01-15 06:01:56.229112,586,496,47212,On Time
2550,Spears-Carrillo,TGY,RXD,2026-03-24 03:43:46.052809,2026-04-06 03:47:05.059942,578,8200,41693,Cancelled
2551,Thompson Group,DBH,SEA,2026-02-24 03:22:53.211874,2026-04-03 04:39:29.438451,301,4370,28551,Delayed
2552,Watson PLC,UAI,OJV,2026-02-20 11:37:11.734455,2026-04-03 02:41:50.631726,441,5432,16255,Delayed
2553,"Spencer, Gillespie and Hanson",DBH,FOE,2026-01-19 04:43:09.196156,2026-03-14 20:38:22.626526,198,9354,13968,Cancelled
2554,Valdez LLC,BJW,OKN,2026-02-26 17:05:40.682281,2026-01-07 09:02:39.726892,528,7714,18841,On Time
2555,Martinez Group,KFP,YTN,2026-03-23 15:27:00.157367,2026-02-06 08:13:56.628855,170,1222,42489,Delayed
2556,Stevenson Group,HGF,FVJ,2026-04-06 23:18:23.920761,2026-02-14 02:55:24.201152,375,3352,24515,On Time
2557,"Nelson, Jackson and Wheeler",FFE,POL,2026-01-25 16:10:34.478169,2026-03-30 04:26:22.747145,82,2870,47300,Cancelled
2558,Rivera Ltd,QEH,GXQ,2026-02-08 03:16:18.549820,2026-03-02 02:30:49.308858,73,9826,43370,On Time
2559,"Mclaughlin, Gutierrez and Young",XJO,PXE,2026-01-24 11:06:11.496176,2026-03-04 03:10:56.218142,395,619,23653,On Time
2560,Hogan-Wade,VFJ,MVU,2026-03-07 16:30:09.393421,2026-02-11 02:23:46.822356,568,1813,22358,On Time
2561,"Reyes, Winters and Estrada",ZUD,OLP,2026-01-21 07:27:12.284257,2026-03-04 14:27:03.618737,222,9966,17765,On Time
2562,"Richards, Gilbert and Murphy",BZQ,HFX,2026-03-06 07:55:40.155548,2026-04-01 19:57:54.163483,576,7494,6330,Cancelled
2563,Morris LLC,MGR,VZN,2026-03-31 21:19:00.553648,2026-01-11 16:14:13.998641,404,6777,11686,Cancelled
2564,Hamilton Inc,WAX,VXI,2026-01-17 18:31:19.985966,2026-01-25 19:36:37.408303,349,9570,39564,On Time
2565,Reed-Johnson,UHK,MAF,2026-03-24 03:45:14.988616,2026-02-22 21:31:55.383258,473,795,4127,Delayed
2566,"Palmer, Thompson and Murray",QAA,OJV,2026-01-31 19:39:28.376874,2026-03-08 14:07:57.313976,541,7253,18850,Delayed
2567,Smith PLC,EMQ,QFJ,2026-02-21 11:15:25.211819,2026-04-06 20:24:22.673426,64,5688,24982,On Time
2568,Mcintosh-Walker,IUM,WPA,2026-03-01 01:26:26.010574,2026-01-13 04:24:10.324972,385,8351,4064,Cancelled
2569,"Moore, Stewart and Chambers",SJZ,DNK,2026-03-02 13:07:31.039136,2026-03-02 20:08:08.726300,217,247,17070,Cancelled
2570,"Rodriguez, Cruz and Mckay",AMB,HUX,2026-01-29 01:50:36.199500,2026-04-02 10:28:19.742001,297,3906,6319,Cancelled
2571,Burns Ltd,HGF,GQN,2026-01-21 22:24:40.326093,2026-01-15 21:09:09.366232,497,3823,8815,Delayed
2572,"Copeland, Bryant and Hubbard",BJW,TTI,2026-01-26 20:49:58.495784,2026-02-16 12:04:04.302681,452,2920,9474,On Time
2573,Brown LLC,ZNM,DDQ,2026-02-23 22:56:27.142039,2026-03-02 08:12:01.918304,434,7275,11333,On Time
2574,Cain and Sons,FFE,WJU,2026-03-17 01:24:18.359802,2026-03-01 04:33:58.105437,468,6618,3733,Cancelled
2575,"Anderson, Perez and Alvarez",PXE,BJD,2026-03-28 22:29:10.406579,2026-03-11 06:52:07.204889,225,6076,2461,Delayed
2576,Garza Ltd,QFJ,QPC,2026-02-13 16:45:08.607276,2026-02-20 03:53:22.185199,197,8134,18507,Delayed
2577,Ortega LLC,OJV,HFX,2026-02-04 09:30:19.698048,2026-01-28 05:02:36.466488,500,1578,10544,Cancelled
2578,Roth PLC,CXD,HVM,2026-02-08 03:05:49.276090,2026-03-22 12:23:15.368945,474,911,26238,Cancelled
2579,"Clark, Pratt and Rios",BIL,EMT,2026-01-19 22:57:01.438471,2026-03-26 00:34:54.042980,482,5530,30756,Cancelled
2580,Miller Inc,CYC,AXF,2026-02-01 06:25:13.764173,2026-03-16 07:54:40.644700,342,570,11593,Delayed
2581,"Harrington, Martin and Beasley",RWO,AOQ,2026-03-12 05:26:01.425089,2026-03-16 23:41:29.506181,418,5619,2473,On Time
2582,Huang Group,QZZ,JHK,2026-03-16 09:43:18.002972,2026-03-31 07:24:22.725273,106,6024,24015,On Time
2583,Potter Group,MAF,ZSP,2026-01-15 20:28:31.590962,2026-01-05 21:15:51.626585,592,7374,34469,Delayed
2584,"Holloway, Malone and Dunn",LXX,HZN,2026-01-28 18:05:00.611067,2026-02-23 19:40:14.781433,512,6585,34490,Cancelled
2585,"Jones, Martin and Schwartz",HVC,YLF,2026-02-09 18:04:42.645499,2026-03-23 22:35:31.966867,53,3084,5191,On Time
2586,"Smith, Bell and Alexander",EMT,FPG,2026-02-11 21:21:14.501375,2026-01-07 22:12:25.222599,210,990,41600,Delayed
2587,"Willis, Acosta and Cohen",RWO,YSI,2026-02-14 01:07:20.227657,2026-02-21 01:48:52.543220,564,1123,29532,On Time
2588,"Smith, Harris and Lynch",BJW,WPA,2026-02-10 03:04:25.908095,2026-03-21 21:21:33.033150,51,9813,8260,On Time
2589,"Moore, Rios and Smith",YDU,SEA,2026-02-26 23:14:22.596884,2026-03-10 01:11:40.249731,347,3965,20320,Cancelled
2590,Ortiz Ltd,CKO,AJM,2026-01-15 11:16:40.428703,2026-01-14 19:27:15.258235,219,5670,46295,On Time
2591,Warner-Rodriguez,EMQ,RCJ,2026-01-13 20:44:00.820488,2026-04-01 22:58:45.698072,442,1696,13948,Cancelled
2592,"Ross, Mathis and Hurley",JLM,YLF,2026-01-27 20:00:38.157171,2026-03-02 06:14:44.902304,478,2750,47671,Delayed
2593,Ball-Nichols,QEH,JDM,2026-01-10 23:07:07.377171,2026-02-08 18:29:35.506272,398,240,45873,Cancelled
2594,"Bell, Moreno and Irwin",UVN,QZD,2026-01-10 03:16:41.067826,2026-01-11 00:15:29.069063,73,5850,29876,Cancelled
2595,Baker and Sons,DNK,HGF,2026-03-06 13:46:59.696975,2026-02-03 21:25:58.429843,139,7221,48069,Delayed
2596,Barber-Powers,HVG,ESX,2026-01-04 12:30:10.418071,2026-02-25 17:27:28.242917,218,5777,35941,On Time
2597,"Hernandez, Gray and Hayes",PIG,JVO,2026-03-10 08:08:45.089974,2026-01-02 09:54:40.411737,78,2473,47748,Delayed
2598,"Long, May and Key",MNZ,BZQ,2026-04-05 02:52:31.150556,2026-03-06 08:10:01.846252,237,1492,13331,Cancelled
2599,Peterson-Simmons,HZN,LFV,2026-03-12 01:21:12.965153,2026-01-10 19:11:57.753736,345,5720,43675,Cancelled
2600,Cline PLC,ZQT,MNZ,2026-02-19 16:40:39.238734,2026-02-07 11:17:31.793762,488,7740,24390,On Time
2601,Banks-Wilson,VFJ,QST,2026-03-12 00:50:48.297702,2026-03-14 05:59:19.793553,116,4347,12610,Cancelled
2602,"Sullivan, Mason and Mills",PFQ,NGJ,2026-03-16 02:07:29.218093,2026-01-11 09:09:15.967841,510,7930,26090,Cancelled
2603,Blair-Rojas,KBO,COF,2026-02-11 06:35:48.903136,2026-04-06 18:55:33.666325,44,4953,22024,On Time
2604,Wells Ltd,PRW,QAA,2026-02-06 10:53:00.335665,2026-03-18 16:54:44.866327,332,6257,10168,Cancelled
2605,Gallagher-Murphy,BJW,GGR,2026-03-16 06:06:04.415127,2026-01-07 23:50:29.595547,41,4607,17162,On Time
2606,Rojas and Sons,GXQ,HFX,2026-01-29 14:02:55.789615,2026-02-04 17:18:37.979624,310,3981,17150,Cancelled
2607,Kelly Ltd,CEK,JEA,2026-03-03 04:59:49.014897,2026-01-07 12:31:53.067712,495,2071,23117,On Time
2608,Shaffer-Wang,MZH,UAI,2026-01-14 17:01:54.153740,2026-03-26 12:53:21.163958,453,8630,3026,Delayed
2609,Brown Ltd,RWO,KRW,2026-03-28 19:51:43.956242,2026-03-29 17:13:46.434731,534,7180,31466,Cancelled
2610,"Haas, Terry and Marshall",KBO,TOJ,2026-03-06 08:46:22.067385,2026-03-05 15:22:27.576952,142,9305,5776,Delayed
2611,Stewart Inc,NRE,JVO,2026-02-11 06:47:04.098829,2026-01-06 00:11:17.843754,313,9235,32281,Cancelled
2612,Collins Group,QST,HOG,2026-03-21 02:36:55.013690,2026-01-10 17:28:36.758349,122,277,16950,Cancelled
2613,"Casey, Greene and Hall",HGF,ANH,2026-02-16 05:52:21.832517,2026-02-19 06:12:02.063238,184,8501,19751,Delayed
2614,Martinez-Allison,ZSP,UUO,2026-04-02 06:11:45.297429,2026-03-02 19:46:01.573216,510,7777,11366,On Time
2615,Stewart-Ellis,JVG,NGJ,2026-03-14 04:32:20.874376,2026-02-11 00:42:45.412306,331,8895,34691,Delayed
2616,"Pittman, White and Hensley",MNZ,UUO,2026-02-23 14:12:33.555621,2026-02-16 18:06:40.205513,403,7149,39755,Delayed
2617,Barker Ltd,UZS,XQD,2026-03-08 05:53:19.837268,2026-03-03 07:29:57.223277,204,7991,42374,Delayed
2618,"Goodwin, Leonard and Davidson",BJD,HIA,2026-03-22 21:15:08.553946,2026-01-14 05:11:19.258236,182,6870,45574,On Time
2619,Brown-Smith,DYM,SXE,2026-01-13 12:49:08.171914,2026-01-16 09:45:19.260652,342,2898,16570,Delayed
2620,Vazquez-Jarvis,QEH,DNK,2026-02-15 03:25:07.000514,2026-03-24 08:34:12.720464,400,5414,16080,On Time
2621,"Welch, Nolan and Gibson",SLG,DYM,2026-01-18 01:26:22.736380,2026-04-08 08:35:12.018093,62,9408,49738,Delayed
2622,"Perez, Allen and Dodson",HZK,PFQ,2026-03-24 23:03:28.665764,2026-02-20 01:19:39.626559,125,665,3261,Cancelled
2623,Taylor LLC,VAA,GQN,2026-03-25 03:13:19.423321,2026-03-15 01:12:27.918679,117,6303,6539,Cancelled
2624,"Gray, Mosley and Gill",JLM,ZNM,2026-03-16 06:03:59.112527,2026-01-23 07:35:07.197088,175,8621,39054,On Time
2625,Gray-Miller,AJM,HOR,2026-03-08 07:37:56.665522,2026-02-19 21:00:03.499824,430,4045,26423,Delayed
2626,Juarez-Brooks,SLG,WAX,2026-01-10 03:24:37.997518,2026-02-12 12:05:23.985971,361,9353,13433,Cancelled
2627,Powers Group,OJV,YLF,2026-02-05 13:50:02.539609,2026-02-11 04:37:21.061922,330,5282,11152,Cancelled
2628,"Marquez, Joseph and Camacho",NSL,KLN,2026-02-10 02:42:03.265124,2026-01-07 17:31:05.963336,47,1619,47692,Delayed
2629,"Lopez, Brooks and Leonard",OYA,DFB,2026-03-18 16:16:12.846895,2026-01-26 22:54:21.827354,291,7054,2693,Delayed
2630,Case-Martin,NYP,PIV,2026-01-14 08:41:43.655782,2026-03-07 06:57:40.280411,220,7209,40386,On Time
2631,"Medina, Kim and English",ZUD,LER,2026-02-06 04:09:48.878026,2026-01-23 16:39:14.837652,574,1728,11090,Cancelled
2632,"Reyes, Mcdonald and Reyes",HZK,JVO,2026-02-10 04:41:15.643222,2026-01-16 04:17:53.120389,316,4474,3840,On Time
2633,Wong Group,ZNM,PIC,2026-02-02 11:03:23.553221,2026-03-10 13:14:24.402438,136,5179,27811,On Time
2634,"Marshall, Cortez and Jordan",HIA,YSI,2026-02-06 00:45:46.072850,2026-01-06 04:29:28.386722,510,3717,40804,Delayed
2635,Chambers-Stewart,NLB,SLG,2026-02-23 19:20:40.473401,2026-01-06 14:55:18.213734,63,8268,39161,Cancelled
2636,Martinez-Morales,MZE,NGJ,2026-02-02 17:57:34.520266,2026-04-04 21:21:26.193297,441,582,8421,Delayed
2637,"Vargas, Wilson and Holder",TTI,SAN,2026-02-22 08:15:47.779448,2026-02-02 09:02:20.693448,159,4695,36449,Cancelled
2638,Allen-Douglas,XJB,CEK,2026-02-01 23:17:08.561754,2026-03-10 14:26:35.883343,41,5298,46832,On Time
2639,"Hall, Pratt and Miller",AAU,RXN,2026-03-31 21:46:19.805345,2026-01-27 06:21:34.998023,156,4313,41259,Delayed
2640,Wallace and Sons,JEO,OIS,2026-03-25 12:01:35.099689,2026-02-10 04:31:28.113183,382,1227,18386,Cancelled
2641,"Warren, Becker and Nichols",YVL,OYA,2026-01-22 19:44:14.142538,2026-01-29 06:19:54.732300,566,2539,49341,On Time
2642,Rangel and Sons,SLG,UVN,2026-01-30 07:24:43.418256,2026-01-25 05:08:20.343290,496,5988,26566,Delayed
2643,"Alexander, Munoz and James",WAX,HVM,2026-02-23 19:06:34.150530,2026-02-18 08:35:48.817140,455,2864,40544,Cancelled
2644,"Clements, Taylor and Green",GQT,XJB,2026-02-15 07:24:46.155257,2026-02-07 18:17:28.908480,129,1274,24095,Cancelled
2645,Wheeler and Sons,HOR,PFQ,2026-03-06 10:11:00.883112,2026-02-01 09:31:23.221983,464,5944,30445,On Time
2646,Collins-Porter,UZS,ORB,2026-01-04 20:04:40.472235,2026-02-28 12:24:39.912153,258,4419,38371,Delayed
2647,Newton-Hernandez,RML,QEH,2026-01-13 05:24:19.165581,2026-03-15 14:44:24.974804,519,2345,16885,On Time
2648,"Clark, Jenkins and Poole",XRZ,NPR,2026-02-11 15:26:22.802639,2026-02-17 21:30:53.265095,277,6159,13909,On Time
2649,"Camacho, Howard and Reilly",HVG,CYC,2026-01-13 11:13:50.019542,2026-03-28 12:12:39.648592,319,6648,36029,On Time
2650,"Lee, Hoffman and Myers",NPR,CBT,2026-02-19 16:42:11.860366,2026-03-28 18:18:22.006935,353,8230,34498,On Time
2651,Logan Group,AXF,HVC,2026-03-24 14:34:12.190550,2026-01-14 00:02:10.146810,126,4894,19491,On Time
2652,Spencer PLC,XJO,NLB,2026-01-19 20:49:28.862238,2026-03-19 10:50:04.911959,51,7075,42065,Delayed
2653,"Stephenson, Church and Thompson",HVC,HZN,2026-03-21 10:25:57.803890,2026-03-20 21:36:47.300551,337,7292,30495,Delayed
2654,Scott LLC,VBS,POL,2026-02-21 09:42:34.182468,2026-04-01 04:41:00.947488,438,7498,12038,On Time
2655,Hobbs-Miller,XTO,WMQ,2026-03-24 10:22:42.409476,2026-03-09 11:09:19.923654,149,7543,27954,Delayed
2656,Foster LLC,OTP,CBZ,2026-03-03 02:22:28.468475,2026-03-31 07:01:56.493473,118,2345,29936,On Time
2657,Russell LLC,UVN,CYC,2026-01-12 04:34:05.694469,2026-04-05 19:07:57.065554,128,7024,48207,Cancelled
2658,"Reynolds, Jackson and Young",PXE,JVO,2026-03-10 22:43:33.557528,2026-03-02 04:50:51.463996,282,5818,23220,On Time
2659,Austin PLC,POL,YDU,2026-03-25 00:57:10.724553,2026-01-29 13:46:11.563163,536,3162,35165,Delayed
2660,Shah Ltd,QAA,YVL,2026-01-27 13:45:10.104278,2026-03-03 09:06:30.102004,200,8037,36698,Delayed
2661,"Spencer, Griffith and Miller",OLP,AAU,2026-01-23 04:46:35.290635,2026-03-07 20:00:07.505593,334,5086,11290,On Time
2662,Williams-Weaver,CYC,BJW,2026-01-21 22:13:45.520552,2026-01-07 07:44:18.430497,380,7476,42965,Delayed
2663,Montgomery-Stevens,RFS,JEA,2026-01-01 07:56:13.820081,2026-01-09 15:44:36.526691,520,347,19708,Delayed
2664,Bennett Inc,GGR,KLN,2026-03-13 21:33:14.243834,2026-01-25 21:02:54.567773,325,7543,43178,On Time
2665,Miller and Sons,ZTI,SJZ,2026-03-25 07:48:58.658851,2026-04-03 00:25:01.288993,542,793,33979,On Time
2666,Smith Group,ZTI,SLG,2026-01-10 18:03:49.544015,2026-03-16 05:01:25.631426,581,3787,37986,Cancelled
2667,Smith Inc,CYC,SLG,2026-01-31 00:41:12.087370,2026-03-24 15:24:06.910713,488,6194,27848,Cancelled
2668,Blake-Jones,PIC,EMT,2026-01-30 19:09:21.829467,2026-03-29 02:53:14.588402,110,8919,2240,Delayed
2669,Neal-Wright,GHQ,GGR,2026-01-24 20:56:59.084025,2026-03-24 13:33:11.433294,98,5234,10474,Delayed
2670,Coleman PLC,OIN,OLP,2026-02-19 00:51:41.582064,2026-01-10 13:26:28.273091,302,2309,44027,On Time
2671,"Martinez, Scott and Schneider",UPB,QEH,2026-01-18 23:14:53.827651,2026-03-20 06:23:00.488772,513,2877,31650,On Time
2672,Rowe Ltd,QPC,YVL,2026-03-12 02:18:16.575660,2026-02-06 05:37:31.938538,328,3931,9846,On Time
2673,Medina-Anderson,LZQ,DNK,2026-03-06 17:01:40.624801,2026-01-13 03:33:21.127234,218,484,5458,Cancelled
2674,Byrd PLC,SXE,HUX,2026-03-22 08:53:50.588521,2026-02-26 10:41:30.017015,340,6139,20474,On Time
2675,Clark-Haas,SAZ,NSL,2026-03-04 10:46:57.847050,2026-03-01 09:49:12.621135,231,1072,4358,Cancelled
2676,"Robinson, Martinez and Drake",OLP,NGJ,2026-01-08 09:08:08.126003,2026-02-25 20:00:06.419631,49,6862,45299,Delayed
2677,"Garcia, Orozco and Hartman",KBO,ESX,2026-03-14 08:30:56.183087,2026-03-01 22:59:50.425763,436,2168,27012,Delayed
2678,Wallace Inc,NGJ,JLM,2026-02-11 21:18:33.229060,2026-04-04 13:50:56.553807,183,3555,23796,On Time
2679,"Barr, Thomas and Gray",LOW,EMT,2026-02-11 21:58:24.213515,2026-01-11 12:42:11.168637,328,371,29303,Delayed
2680,"Pennington, Richardson and Perez",QAA,JEO,2026-01-16 04:17:31.854973,2026-03-30 23:53:38.867090,318,5269,38989,Cancelled
2681,Lane-Anderson,PIG,TTI,2026-02-28 10:17:03.529327,2026-01-30 23:36:47.892318,464,398,40430,Delayed
2682,Johnson PLC,FCG,EMQ,2026-01-06 03:23:34.668741,2026-02-10 06:18:09.048743,466,2389,18821,Delayed
2683,"Jones, Brown and Montoya",ISQ,SEA,2026-04-04 01:55:14.818439,2026-02-02 12:49:22.318826,384,8854,23527,Cancelled
2684,Koch-Reed,CBT,HZN,2026-01-08 16:38:13.523967,2026-02-16 15:55:07.113405,135,4708,18823,Delayed
2685,Aguilar and Sons,SLN,CBT,2026-02-01 18:46:49.399443,2026-03-07 10:07:41.740121,479,3874,31702,On Time
2686,Morgan Group,XWE,HWX,2026-01-05 06:11:35.749236,2026-03-19 06:12:09.400881,273,3001,35933,On Time
2687,Peterson-Moore,HOG,RFS,2026-01-21 15:21:39.985787,2026-03-03 22:33:59.681053,256,7724,21205,On Time
2688,"Kirk, Robinson and Levine",PIC,GXQ,2026-02-18 05:52:22.003221,2026-02-12 17:36:40.134992,38,564,19018,Cancelled
2689,Cobb-Elliott,DCP,OIN,2026-02-23 22:54:41.677355,2026-02-24 21:01:54.794449,253,2227,14802,Delayed
2690,Ramos Group,ARU,EMT,2026-01-20 20:23:11.972081,2026-02-25 06:34:01.535609,220,8375,13521,On Time
2691,"Anderson, Lowery and Strong",YSI,XJB,2026-01-24 06:33:18.805593,2026-02-06 00:49:02.697384,261,3069,33613,Delayed
2692,Cooper PLC,HGF,XYB,2026-02-23 14:06:42.472336,2026-02-15 05:22:26.819336,487,549,24465,On Time
2693,"Campos, Klein and Jensen",PMA,CBT,2026-03-20 20:32:14.500522,2026-02-26 02:48:09.194272,588,6341,17235,Cancelled
2694,"Gray, Lara and Wilson",DCP,ZTI,2026-01-23 22:38:32.911821,2026-03-24 19:23:07.013551,338,7690,16474,On Time
2695,Lynch-Moore,MWN,NGJ,2026-02-19 17:24:37.535094,2026-03-16 21:31:54.453680,457,3044,7704,Cancelled
2696,Hanna Inc,JBR,COF,2026-01-03 02:26:53.438543,2026-02-18 17:59:18.274878,254,2394,2193,Delayed
2697,Munoz-Bryant,GQT,VZN,2026-01-26 06:19:05.317402,2026-02-15 14:38:39.726599,324,1480,2180,Delayed
2698,Hunt PLC,JLG,FIA,2026-02-25 16:11:47.592231,2026-01-05 19:27:38.212010,332,456,30140,Delayed
2699,Lewis-Doyle,HWX,DNK,2026-03-31 23:49:05.600591,2026-02-17 23:30:57.597861,384,2047,7481,On Time
2700,"Mitchell, Richards and Cuevas",YDU,FVJ,2026-02-25 04:19:23.004387,2026-03-07 08:45:29.854005,558,8066,37061,Cancelled
2701,Cole PLC,YLF,YNZ,2026-02-14 15:33:16.310227,2026-03-20 04:38:54.494845,406,4671,42749,On Time
2702,Duran-Martin,XOR,JEO,2026-02-22 19:49:02.683570,2026-01-30 20:25:51.199062,594,939,40811,Delayed
2703,Mccullough Ltd,WJU,RFS,2026-02-26 23:10:12.444966,2026-01-05 22:26:38.245276,31,2019,9417,On Time
2704,"Wells, Lyons and Black",VXI,JHK,2026-03-06 20:53:47.770849,2026-01-24 02:24:31.760820,70,5400,27527,On Time
2705,"Kline, Wright and Meyer",DAL,WMQ,2026-03-16 02:04:17.829118,2026-02-13 02:35:02.973783,498,3837,21172,On Time
2706,"Jennings, Alexander and Banks",HZN,PXE,2026-01-15 01:52:42.449386,2026-03-14 22:25:13.840923,179,7416,3831,On Time
2707,Kaufman Group,ZSP,QZZ,2026-03-16 19:26:00.822546,2026-03-06 23:37:03.849291,65,1113,5108,Delayed
2708,Cox-King,XRZ,FIA,2026-04-03 16:03:30.821355,2026-03-29 21:58:13.502172,580,2977,10201,Delayed
2709,Cordova-Warner,SLG,SJZ,2026-02-02 18:29:31.961620,2026-03-03 05:18:12.694045,115,7753,14607,Cancelled
2710,Benton-Rivera,PIC,GHQ,2026-01-26 12:46:58.901853,2026-01-07 17:36:13.006572,554,4020,5785,Delayed
2711,Perkins-Gentry,KFP,HOR,2026-03-25 18:44:56.249095,2026-02-28 07:06:06.683566,576,536,25659,On Time
2712,Gibson Group,PXE,XTO,2026-01-24 13:16:56.494426,2026-02-19 07:44:57.079829,417,4610,25537,Cancelled
2713,Miller-Ortega,NYP,CXD,2026-03-26 04:23:20.103764,2026-01-19 08:10:53.052816,569,8155,49117,Cancelled
2714,"Mathis, Campbell and Collins",OWR,VXK,2026-01-03 06:17:45.864932,2026-01-30 20:37:51.406435,98,3936,25895,On Time
2715,"Burton, Gutierrez and Russell",HOR,YLF,2026-01-15 20:44:52.972435,2026-01-23 06:46:50.502354,50,7817,24673,Delayed
2716,Mcintosh-Hill,XWE,HUX,2026-01-21 03:48:18.820817,2026-04-04 18:46:33.143853,93,6851,10930,Delayed
2717,Padilla Group,OWC,JBR,2026-02-10 01:52:09.858571,2026-01-22 13:08:30.943625,585,7272,31313,Delayed
2718,"Hall, Martinez and Ross",CFB,UVN,2026-01-31 22:09:37.767832,2026-03-31 01:37:18.680682,268,1621,14133,On Time
2719,Hughes Ltd,CBZ,RFL,2026-02-09 17:57:41.494785,2026-01-18 17:44:45.825349,579,3061,20639,On Time
2720,Miller Inc,NSL,CFB,2026-03-06 02:23:09.365362,2026-02-26 13:18:32.263350,575,3859,26761,On Time
2721,Acosta LLC,EDQ,LIW,2026-03-21 17:50:44.077055,2026-02-11 16:09:53.908097,375,7884,18847,Cancelled
2722,"Wheeler, Walton and Smith",ZNM,KBO,2026-03-21 19:11:25.580706,2026-03-13 21:03:09.487695,196,9565,30402,On Time
2723,Simon-Gonzalez,AMB,WUT,2026-03-21 01:34:37.669882,2026-01-10 11:22:40.651160,42,850,27918,Cancelled
2724,"Hill, Torres and Marsh",DAL,QAA,2026-02-27 15:45:11.594512,2026-03-09 13:36:42.967506,181,7135,37849,Cancelled
2725,Vance-Jackson,VLU,RRZ,2026-03-20 12:28:13.315544,2026-04-07 19:05:06.857571,522,7896,33560,On Time
2726,"Norton, Wyatt and Ross",JDM,QAA,2026-01-22 13:14:39.598586,2026-03-17 09:08:02.520845,285,8883,45580,Cancelled
2727,"Mason, Bond and Henderson",JVO,PIV,2026-01-22 09:27:37.331748,2026-03-17 14:10:37.521611,79,2066,37898,Cancelled
2728,Kramer-Huynh,DPO,VFJ,2026-02-08 19:52:24.610761,2026-04-06 07:29:00.665857,367,467,30310,On Time
2729,Wood Ltd,NGJ,UVN,2026-01-14 21:18:18.473499,2026-02-21 08:27:37.950162,256,2423,22781,Delayed
2730,Allen and Sons,HIR,WJU,2026-01-15 16:50:11.585908,2026-02-10 09:27:23.983388,146,6828,10248,Delayed
2731,"Long, James and Wheeler",AXF,ZIB,2026-01-22 20:58:57.289521,2026-03-12 09:13:37.568549,293,4475,43711,On Time
2732,Moore LLC,IUM,VHB,2026-03-09 18:22:07.208627,2026-03-16 11:24:30.515947,402,326,15041,Cancelled
2733,"Ramirez, Young and Meyer",ZIB,JDM,2026-01-09 08:01:10.278423,2026-03-09 12:14:30.499376,278,3114,24260,Delayed
2734,Gonzalez and Sons,OLP,QAA,2026-02-21 22:45:17.453155,2026-04-07 13:10:04.774398,258,3293,37722,Cancelled
2735,Dunlap-Mcneil,JEA,OWR,2026-01-05 14:30:00.499571,2026-03-09 15:44:34.072466,254,2349,40195,Delayed
2736,"Thomas, Anderson and Moran",RFL,PMA,2026-04-08 09:35:07.621588,2026-02-24 15:30:25.297474,585,755,19669,Cancelled
2737,"Whitney, Smith and Nelson",LXX,DAL,2026-03-18 18:40:21.297586,2026-03-30 00:37:28.727153,409,9566,4981,On Time
2738,"Faulkner, West and Smith",PFQ,SAN,2026-03-10 18:04:56.018172,2026-02-12 17:47:17.764692,296,1867,20269,Delayed
2739,"Hicks, Rice and Robertson",KRW,CYC,2026-02-09 15:15:43.579420,2026-03-11 09:49:22.019298,67,9073,6475,On Time
2740,Cain-Morris,OWR,PIC,2026-01-09 15:10:49.356490,2026-01-29 04:32:59.605955,101,319,15141,Delayed
2741,Mcdonald Group,FPG,XTO,2026-03-26 00:10:13.335010,2026-02-20 00:49:47.742062,507,3607,7378,Delayed
2742,Fowler-Peck,VLU,QUE,2026-03-25 10:11:50.808777,2026-03-13 04:53:59.070978,85,9414,38838,On Time
2743,"Whitaker, Adkins and Hernandez",OWC,NSL,2026-02-19 13:29:04.526806,2026-02-26 23:35:33.018387,209,381,39896,On Time
2744,Mcconnell and Sons,HPX,OJV,2026-01-05 03:44:31.206481,2026-01-19 23:49:53.001280,51,9282,35223,On Time
2745,Horn-Atkins,HVM,OWR,2026-03-21 17:48:39.708411,2026-01-27 13:36:29.671510,383,3537,23859,On Time
2746,Moore-Arnold,VZN,SLN,2026-01-15 09:27:11.207110,2026-01-27 05:30:51.056411,573,8380,22430,Cancelled
2747,"Morse, Barr and Short",XYB,DPO,2026-03-15 07:50:20.857632,2026-03-11 00:23:33.431016,524,8278,29905,On Time
2748,Padilla-Lopez,SAN,JVO,2026-03-03 01:27:59.983845,2026-01-16 15:02:12.149900,384,4319,45198,On Time
2749,Hernandez PLC,FFE,TGY,2026-03-12 07:40:12.065176,2026-03-28 19:52:11.461343,74,1157,15886,Cancelled
2750,"Brown, Zimmerman and Jacobs",RFS,PFQ,2026-02-23 05:16:55.923979,2026-02-19 19:50:17.181392,386,4574,31842,Delayed
2751,Mitchell-Webb,JLM,GXQ,2026-04-06 19:35:47.283497,2026-02-15 10:00:56.142536,591,6083,28997,Delayed
2752,Fletcher LLC,HVM,JVO,2026-01-18 04:22:38.743390,2026-03-12 06:46:13.751809,383,4735,21584,On Time
2753,Eaton-Walker,HPX,JDM,2026-03-02 06:52:10.650920,2026-02-19 16:40:58.697112,336,3573,30615,On Time
2754,Smith Group,FCG,NPR,2026-03-10 20:25:22.093647,2026-02-22 17:20:07.103988,575,500,47514,Delayed
2755,"Jenkins, Brown and Patrick",HIR,OKN,2026-01-04 19:19:09.771081,2026-01-21 18:55:16.208312,477,9865,45750,Cancelled
2756,"Herrera, Ayers and Koch",QUE,JHK,2026-03-28 12:13:12.627860,2026-01-04 04:54:20.975812,49,2603,39018,Cancelled
2757,"Stewart, Davis and Hamilton",ZNM,JEO,2026-04-01 11:18:39.196706,2026-02-06 06:27:37.407478,552,4191,5648,Delayed
2758,Jimenez LLC,QAA,MNZ,2026-02-04 21:44:18.916780,2026-04-04 18:08:03.497711,330,9921,20789,On Time
2759,Johnson-Baldwin,QUE,CPL,2026-01-09 20:34:00.201201,2026-03-25 21:08:29.617876,113,8184,3582,On Time
2760,Gray-Bell,IAL,UAI,2026-03-15 00:05:50.150711,2026-01-17 13:16:53.075858,133,6344,21408,On Time
2761,"Strong, Gillespie and Smith",ZYQ,OKT,2026-01-01 14:49:38.415109,2026-03-29 06:12:22.063553,357,5135,23951,Cancelled
2762,Cox LLC,JLG,OKN,2026-02-22 01:41:13.992220,2026-01-02 19:14:26.077819,384,7902,34318,Delayed
2763,"Romero, Johnson and Cervantes",AMB,ZNM,2026-02-22 19:26:07.990287,2026-02-02 15:05:05.261671,150,3455,41956,Delayed
2764,Pierce Group,JBR,YSI,2026-01-25 05:53:16.010928,2026-02-15 03:25:54.685850,36,8577,43434,Cancelled
2765,"Harris, Moran and Neal",OYA,CXD,2026-02-05 09:58:19.238139,2026-01-23 21:35:40.592019,383,3161,2094,Cancelled
2766,Thompson-Williamson,YSI,QEH,2026-02-04 14:06:59.562494,2026-03-07 16:36:32.667060,194,4488,6523,Cancelled
2767,Hodge-Johnson,VPU,POL,2026-02-24 22:49:46.868462,2026-01-10 19:22:05.374824,177,6975,32621,On Time
2768,Carter LLC,RFS,PIC,2026-01-16 18:40:03.894528,2026-01-02 12:39:42.315311,382,3454,45668,Delayed
2769,"Mitchell, Bullock and Green",UNV,HUX,2026-01-19 18:28:31.165374,2026-01-08 02:25:07.679396,166,5776,22666,Cancelled
2770,"Hall, Hill and Martin",ZIB,PTQ,2026-03-13 09:13:20.056273,2026-03-01 05:42:19.660683,526,6898,38174,Delayed
2771,Brown Inc,SJZ,JEA,2026-04-03 16:54:11.746385,2026-03-08 07:01:41.161496,394,1432,46165,Delayed
2772,Barnes Ltd,MZH,PIC,2026-01-16 16:56:16.095202,2026-02-24 07:25:22.070434,530,5388,13003,Delayed
2773,Manning-Hernandez,QAA,ZQT,2026-01-29 16:46:42.574552,2026-01-07 02:02:20.919748,452,5804,12848,On Time
2774,Garcia-Rose,XOR,LZQ,2026-03-22 16:38:14.193583,2026-01-21 05:57:11.656135,523,4203,14778,Cancelled
2775,"Campbell, Oconnor and Brooks",JQG,NSL,2026-04-08 01:03:54.229056,2026-02-11 03:49:16.101530,410,8936,22058,Cancelled
2776,"Price, Merritt and Johnson",EMQ,DDQ,2026-01-05 07:19:36.726140,2026-02-02 20:47:18.698045,127,6201,35269,Delayed
2777,Rice-Choi,XWE,PIV,2026-03-25 20:20:38.904147,2026-02-15 08:21:02.297695,206,6487,27661,Cancelled
2778,Cross-Fry,SAZ,ARU,2026-01-20 20:00:43.597847,2026-03-14 14:11:15.239372,326,8230,13119,Cancelled
2779,Smith Inc,CKO,YDU,2026-03-13 06:38:47.324593,2026-02-26 07:24:51.910201,537,7833,29964,On Time
2780,"Carter, Ross and Mullen",RCJ,XOR,2026-03-05 15:45:43.914053,2026-03-30 06:09:13.635721,558,6492,44621,Cancelled
2781,Schneider-Richardson,TTI,NPR,2026-03-30 02:01:59.058921,2026-04-04 06:15:49.616301,108,2565,16667,On Time
2782,"Ortiz, Ryan and Diaz",IUM,SEA,2026-02-13 22:32:38.035737,2026-03-01 14:51:31.049704,344,8094,33424,On Time
2783,Murphy-Lawson,VPZ,YNZ,2026-03-01 19:19:53.472138,2026-02-21 03:34:08.821670,521,7756,29126,On Time
2784,Sanders and Sons,CXD,OIN,2026-03-04 01:43:06.778159,2026-01-04 12:45:49.652278,474,609,13365,Delayed
2785,Johnson LLC,SEA,YSI,2026-01-07 04:15:58.843583,2026-02-28 17:56:46.579258,136,6250,41591,On Time
2786,Rangel Ltd,AJM,GYR,2026-01-02 17:03:22.840301,2026-01-03 17:11:41.053942,413,8247,2338,Delayed
2787,"Sanchez, Vazquez and Manning",ANH,AJM,2026-02-11 03:51:15.984442,2026-04-06 20:21:52.443720,434,2675,22222,On Time
2788,Garcia Inc,NGJ,OIN,2026-04-07 23:48:41.641266,2026-02-08 10:04:38.826167,578,1147,46796,Delayed
2789,Henderson and Sons,AAU,NLB,2026-03-25 14:41:53.792503,2026-04-06 14:15:44.405780,186,7531,7570,Cancelled
2790,"Bradley, Curry and Black",TGY,UVN,2026-01-18 15:47:36.711150,2026-02-14 21:39:39.860890,506,1776,21411,Cancelled
2791,"Perez, Johnson and Wood",UUO,PIG,2026-01-18 12:00:14.820820,2026-01-30 20:11:49.119657,89,3459,36858,On Time
2792,"Barrett, Gonzalez and Jennings",EMT,QZD,2026-03-13 05:14:53.799202,2026-03-07 17:12:55.470675,549,2187,34850,Delayed
2793,Todd LLC,LFV,JEO,2026-01-18 11:59:44.516036,2026-03-10 18:27:05.678502,241,7897,23185,Delayed
2794,Oliver-Martinez,SEA,JLM,2026-01-05 13:04:36.834324,2026-04-02 17:20:17.233188,174,1671,27993,Delayed
2795,"Friedman, Craig and Miller",GHQ,VHB,2026-03-26 18:20:27.098992,2026-02-03 19:51:32.926553,437,3794,20498,On Time
2796,"Davis, Ward and Johnston",DPO,RCJ,2026-02-27 16:47:14.699588,2026-03-09 20:46:49.915651,396,9034,25712,Cancelled
2797,"Green, Mccarty and Mills",NPR,MOG,2026-02-05 13:20:56.562441,2026-01-01 13:39:36.146185,555,3971,33352,Delayed
2798,Miller-Cruz,KRW,WUT,2026-02-04 03:49:09.424024,2026-01-20 10:48:43.062658,206,7766,34890,Cancelled
2799,"Mcgee, Farley and Rodriguez",VAA,LIW,2026-01-16 08:59:27.477466,2026-02-12 21:15:40.299736,485,584,13138,On Time
2800,"Hall, Ward and Brown",NYP,NPR,2026-02-09 23:49:52.590266,2026-02-15 18:39:19.031510,576,2421,49800,Cancelled
2801,"Porter, Smith and Graves",RXN,JEA,2026-04-04 22:45:59.142023,2026-01-01 22:25:08.495554,547,8315,49830,Delayed
2802,Herrera Inc,KLN,JLM,2026-02-02 10:23:12.685149,2026-02-03 15:04:35.373151,172,6924,2912,Delayed
2803,Brock Group,LER,TOJ,2026-01-25 22:58:09.783450,2026-01-30 12:24:02.662068,390,9316,28895,Cancelled
2804,"King, Mitchell and Joyce",ZTI,QZD,2026-02-14 08:43:05.302614,2026-04-08 14:39:52.887250,84,498,19178,Delayed
2805,Jones Inc,FYW,HIA,2026-02-03 03:11:29.721813,2026-04-02 06:43:50.868457,329,2028,26316,Delayed
2806,"Castro, Jones and Jones",GHQ,HVM,2026-03-15 19:12:06.346748,2026-01-07 17:10:50.235714,77,6003,21293,Cancelled
2807,Mcdowell-Watts,XWE,DFB,2026-01-20 15:10:18.674569,2026-01-29 04:59:34.403079,113,587,10887,Cancelled
2808,"Brown, Watson and Ryan",ORB,NSL,2026-01-04 21:56:22.974893,2026-01-04 23:15:09.551449,35,7830,6482,Cancelled
2809,Meyer-Villarreal,AMB,LZQ,2026-04-01 04:49:18.288161,2026-03-14 03:40:55.366023,94,3715,28095,Delayed
2810,Ramos Inc,QUE,GQT,2026-04-02 06:27:20.147922,2026-03-13 05:49:51.910632,46,8115,23001,Cancelled
2811,Stephens-Smith,OWC,CBT,2026-04-04 15:21:58.493255,2026-01-13 14:42:48.356823,347,7461,26891,Cancelled
2812,"Smith, Liu and Logan",DAL,OKT,2026-03-09 05:06:40.799080,2026-02-16 14:33:32.651479,477,8677,28738,Delayed
2813,Anderson-Phillips,JVG,SFR,2026-01-19 13:52:14.683598,2026-02-08 13:02:39.776124,523,1713,43982,Cancelled
2814,"Evans, Hanna and Gray",KHA,QZZ,2026-03-02 08:17:22.325451,2026-03-22 21:48:56.367868,47,6834,35121,Cancelled
2815,Johns PLC,ZUD,QZD,2026-02-24 00:42:50.595294,2026-03-10 04:19:13.374075,546,8120,21829,On Time
2816,"Henry, Williams and Thomas",LER,HGF,2026-04-03 03:05:22.746570,2026-04-02 12:49:54.390435,358,2743,26273,Delayed
2817,Neal-Riley,JEA,XWE,2026-01-24 13:21:11.585022,2026-03-12 12:19:31.667453,580,1948,49643,Delayed
2818,Johnson Inc,DVE,FIA,2026-03-29 14:44:10.954201,2026-01-12 09:29:36.497651,411,7449,49331,Delayed
2819,Fernandez-Armstrong,OJV,HZN,2026-01-22 00:09:47.200278,2026-03-08 02:25:12.845753,389,6683,5020,Delayed
2820,Young and Sons,VFJ,NLB,2026-01-15 04:18:01.370055,2026-01-18 11:44:26.529578,42,9640,21557,Cancelled
2821,Jordan PLC,GQN,JDM,2026-02-03 12:35:36.589216,2026-02-01 19:46:25.235827,325,1177,24352,Cancelled
2822,"Rodriguez, Moore and Munoz",NYP,FFE,2026-03-12 03:13:34.843612,2026-02-02 19:38:04.632267,381,4584,47111,On Time
2823,"Baker, Foster and Thomas",HVG,HVC,2026-03-16 03:36:04.692083,2026-02-24 11:53:44.029663,50,3724,23823,On Time
2824,"Perkins, Vaughn and Coleman",OIS,QAA,2026-03-21 20:05:33.463514,2026-02-16 08:42:04.986734,370,9650,5100,Cancelled
2825,Ferguson-Erickson,HUX,QZZ,2026-03-04 10:28:15.932175,2026-02-15 19:37:10.848674,294,4943,47243,Cancelled
2826,Sims-Crane,KBO,ANH,2026-03-09 20:16:16.704261,2026-03-12 18:49:08.785846,345,9710,23077,Delayed
2827,Mcguire-Huang,XJO,MZE,2026-02-07 08:16:42.020665,2026-03-22 17:28:09.393051,242,7717,34556,Cancelled
2828,"Watkins, Martinez and Campbell",POL,QST,2026-03-26 04:31:10.870982,2026-03-01 13:10:38.779451,590,2000,16742,Cancelled
2829,Gray-Moran,KHA,HZK,2026-03-21 13:08:27.030374,2026-01-10 13:29:01.264083,392,8412,3103,On Time
2830,Mckenzie-Yoder,PRW,GXQ,2026-01-19 17:54:39.146086,2026-04-06 07:28:20.044886,436,6860,22595,Cancelled
2831,Roy-King,JHK,HUX,2026-02-19 05:36:00.473906,2026-02-08 16:17:52.342034,511,8283,48228,Cancelled
2832,Velez Ltd,TGY,NLB,2026-04-02 15:28:35.539841,2026-03-25 00:03:37.709936,132,5384,8285,On Time
2833,Vargas-Ingram,TRV,NGJ,2026-04-04 02:16:38.066276,2026-03-18 15:59:28.760790,546,1794,38734,On Time
2834,"Garcia, Benson and Noble",HOR,FCG,2026-02-09 10:10:13.878565,2026-01-03 21:53:10.189981,499,3850,23916,Delayed
2835,Mathis-Campbell,RML,UAI,2026-02-03 15:14:33.588113,2026-03-04 20:47:19.963937,280,923,31178,Delayed
2836,"Long, Chandler and Brown",ZSP,OIS,2026-03-12 19:14:52.055272,2026-02-19 21:44:54.818841,408,927,42237,Delayed
2837,Smith-Estes,OTP,BIL,2026-03-12 19:19:09.296383,2026-02-18 07:47:58.243192,426,4054,34576,Delayed
2838,Hubbard-Huff,CKO,OIN,2026-01-30 06:00:38.834915,2026-02-23 02:10:21.824820,332,5002,39966,On Time
2839,Wilson-Johnson,ISQ,GHQ,2026-04-03 19:19:56.092574,2026-02-14 13:18:05.261808,493,6856,20990,Delayed
2840,"Caldwell, Williams and Singh",NLB,NSL,2026-04-03 21:48:20.521403,2026-02-17 18:50:06.440972,501,3034,7595,On Time
2841,Edwards Ltd,GGR,UUO,2026-01-16 16:39:48.530226,2026-01-19 14:20:28.271492,115,791,2823,On Time
2842,"Wyatt, Duffy and Ellis",FYW,RML,2026-02-14 20:58:27.479275,2026-02-09 04:53:54.873119,470,7299,25775,Cancelled
2843,Johnson Inc,CBZ,ZYQ,2026-01-07 00:40:10.922702,2026-02-19 15:10:37.112011,283,7191,32280,Cancelled
2844,Schmitt-Scott,PTQ,POL,2026-03-12 15:10:15.950935,2026-03-10 19:43:03.775405,390,6156,21421,Delayed
2845,"Moore, Dean and Flores",PIG,ESX,2026-03-03 20:50:59.487861,2026-03-29 22:32:09.282440,189,5174,10139,On Time
2846,Miranda Inc,MZH,GXQ,2026-02-19 03:14:15.317516,2026-01-15 08:58:15.406043,451,8773,28466,Cancelled
2847,Young and Sons,PFQ,MZE,2026-01-27 08:44:16.219020,2026-03-10 06:19:39.081415,501,2147,32015,Cancelled
2848,"Byrd, Sparks and Stone",FFE,AAU,2026-01-05 09:27:39.575048,2026-03-06 09:35:07.418009,105,6439,26344,Delayed
2849,Martinez-Welch,DVE,XWE,2026-03-19 03:53:38.915302,2026-01-22 02:37:08.550210,396,6604,38084,On Time
2850,Gibson-Hart,JDM,MZE,2026-01-03 00:47:57.115781,2026-02-11 15:50:26.326972,68,6233,29963,On Time
2851,Jones LLC,LFV,HZK,2026-01-19 01:38:53.552845,2026-02-13 12:18:33.273623,123,6612,26182,Delayed
2852,Thompson-Woods,DDQ,JLG,2026-01-11 07:09:05.247511,2026-01-05 23:43:50.598827,55,8981,29096,On Time
2853,Mullen LLC,FOE,IUM,2026-01-18 05:17:43.218910,2026-01-22 16:54:34.810058,266,4610,29486,Delayed
2854,"Freeman, Galloway and Shaw",GYR,RCJ,2026-03-08 16:08:44.091632,2026-03-25 04:27:25.246498,272,350,44048,Cancelled
2855,Berry Group,UAI,FFE,2026-02-12 19:31:32.787795,2026-01-01 06:50:13.345138,61,5942,3705,Delayed
2856,"Bryant, Barnes and Rodriguez",NSL,JBR,2026-01-21 05:32:00.124033,2026-02-08 21:52:37.703255,403,1338,9949,Delayed
2857,Newman-Long,QFJ,CFB,2026-02-11 13:23:39.605429,2026-01-25 06:44:09.478386,400,2716,2337,On Time
2858,Thomas Inc,HVG,FPG,2026-02-11 22:08:38.512142,2026-03-02 05:51:04.937251,425,6214,30206,Cancelled
2859,"Bradford, Lin and Carter",OWC,AXF,2026-03-27 13:51:19.589453,2026-02-12 12:30:07.329737,323,8164,38727,On Time
2860,"Garcia, West and Castillo",QEH,DNK,2026-01-16 16:35:53.765086,2026-03-30 09:12:50.839516,211,4330,10022,Delayed
2861,White LLC,PIC,KFP,2026-02-25 01:53:01.669174,2026-03-06 11:56:17.812008,309,8119,20659,Delayed
2862,Baxter-Richardson,DNK,UDQ,2026-02-12 00:01:27.823609,2026-03-21 09:59:57.425959,465,1041,9018,Cancelled
2863,Price PLC,ZUD,DVE,2026-01-10 03:19:15.350640,2026-04-02 09:45:27.539290,538,1280,3267,On Time
2864,"Chapman, Boyd and Jacobson",DFB,SJZ,2026-03-10 04:54:34.802884,2026-03-17 09:39:29.825410,60,2710,24512,Delayed
2865,Ibarra PLC,DHB,SJZ,2026-03-05 23:19:59.947092,2026-01-23 19:44:07.977643,51,8655,8301,Delayed
2866,"Smith, Hall and Gonzalez",AOQ,HIA,2026-02-10 09:25:30.465986,2026-01-01 10:44:05.776751,469,429,2779,On Time
2867,Rojas Inc,ANH,TRV,2026-03-23 14:14:09.450624,2026-03-19 03:51:38.719267,563,4844,4051,Cancelled
2868,Hickman-Peterson,FOE,GXQ,2026-04-08 14:24:19.568669,2026-02-11 08:11:22.970125,440,5441,38339,On Time
2869,"Fuller, Williams and Henry",SXE,ZQT,2026-02-17 07:13:49.375659,2026-02-16 11:13:53.350904,463,4767,5206,Cancelled
2870,Ward and Sons,YVL,FVJ,2026-02-16 07:43:58.480150,2026-02-07 08:49:58.603636,94,9802,37922,Delayed
2871,Hunter-Beck,PTQ,VLU,2026-03-17 08:51:35.910970,2026-01-09 14:42:57.181770,273,9271,31885,On Time
2872,Bauer Group,WAX,MAF,2026-02-05 11:29:30.589519,2026-01-11 05:46:18.840330,443,5964,10860,Delayed
2873,Haynes-Lee,CYC,QFJ,2026-02-22 13:36:19.957176,2026-01-09 02:48:59.354357,383,9127,7012,Cancelled
2874,Adams Inc,QZD,EMT,2026-02-24 15:42:39.437437,2026-01-18 12:39:19.292356,491,3148,6063,On Time
2875,"Scott, Maldonado and Horton",QEH,HGF,2026-01-12 07:43:14.628831,2026-02-28 07:24:21.753579,111,1742,23218,Delayed
2876,Jacobson Group,OYA,XTO,2026-01-20 23:22:23.626715,2026-03-28 12:06:06.906018,195,7773,7269,On Time
2877,"Beasley, Roy and Perez",XQD,GYR,2026-01-30 19:50:50.630850,2026-03-21 16:00:16.682353,237,5331,25114,Cancelled
2878,Carter-Jackson,JHK,VPU,2026-01-29 15:02:51.483089,2026-03-09 18:02:36.829114,326,1339,26475,Cancelled
2879,Chavez-Carroll,QZD,WJU,2026-01-21 19:33:25.712503,2026-02-15 09:51:17.751923,153,6035,7716,On Time
2880,Kim LLC,DAL,GHQ,2026-02-16 00:53:29.130543,2026-02-03 07:05:11.976858,316,8830,25375,Cancelled
2881,Baker-Shelton,LXX,UHK,2026-04-05 19:32:52.043511,2026-02-06 12:07:23.960732,316,981,4609,Delayed
2882,Wright-Chung,RFS,IUM,2026-01-17 00:10:49.947526,2026-02-21 20:33:01.472378,396,1329,3079,Cancelled
2883,Maxwell-Williams,SAZ,OJV,2026-01-22 09:38:04.083330,2026-02-04 07:10:06.623150,443,6005,37399,On Time
2884,Diaz and Sons,HIR,WAX,2026-03-10 01:56:23.536390,2026-02-28 23:00:11.306985,102,3334,36538,Delayed
2885,"Johnson, Marshall and Flowers",QZD,GHQ,2026-01-17 17:19:26.507389,2026-02-23 18:35:44.517601,437,5851,9976,Cancelled
2886,Baker and Sons,GQT,ORB,2026-04-06 23:33:05.595139,2026-03-16 12:00:13.687707,528,8558,49234,On Time
2887,Rivas and Sons,TTI,QPC,2026-01-16 00:10:37.950740,2026-01-06 06:05:34.034384,588,8774,30267,Cancelled
2888,Smith-Hansen,IAL,OYA,2026-01-09 03:08:25.793266,2026-03-14 14:45:00.710598,438,287,41731,Cancelled
2889,Terry Group,FIA,VZN,2026-03-06 00:20:59.939318,2026-03-06 15:41:49.371988,314,9470,32980,Cancelled
2890,Meyers-Cooper,AXF,FYW,2026-02-04 12:16:56.197142,2026-02-28 13:10:44.654033,196,5287,29228,Cancelled
2891,"Chandler, Mitchell and Smith",FCG,RXN,2026-01-24 04:39:23.959896,2026-03-22 09:15:33.933169,33,6615,16512,Cancelled
2892,Booth-Garza,KLN,OWC,2026-03-01 00:41:35.436616,2026-04-02 12:07:01.308810,259,4254,13246,Cancelled
2893,Todd Ltd,QNT,UDQ,2026-01-12 08:11:19.184947,2026-01-13 04:29:03.880853,406,6985,23439,Cancelled
2894,"Horton, Wright and Kelley",ZNM,PMA,2026-02-06 02:15:35.663875,2026-01-14 05:16:11.557809,176,2846,33416,Delayed
2895,Garner and Sons,QNT,FVJ,2026-03-08 07:25:04.943185,2026-02-11 11:23:48.373208,560,4288,48132,On Time
2896,Randall LLC,AJM,ZYQ,2026-01-03 18:03:44.808861,2026-01-25 07:30:19.025911,598,6473,32606,Delayed
2897,White Ltd,FIA,SXE,2026-02-23 03:49:14.233271,2026-01-19 11:31:13.215915,31,3956,15011,Delayed
2898,Collins-Crawford,WMQ,SAZ,2026-04-05 12:55:05.063180,2026-02-06 04:28:48.581582,431,1986,19722,Cancelled
2899,"Jackson, Davis and Cook",RZR,FCG,2026-02-07 18:04:28.137270,2026-03-04 22:32:32.565001,438,3541,2784,Delayed
2900,Bolton Ltd,ZSP,XJB,2026-03-03 04:57:19.797441,2026-03-15 12:34:08.798500,177,2463,37953,Cancelled
2901,"Whitehead, Chapman and Roman",FPG,PRW,2026-01-12 06:47:06.128120,2026-02-20 00:23:48.788894,212,6819,12451,On Time
2902,"Smith, Dickson and Hardy",ZTI,IUM,2026-02-02 11:03:37.285933,2026-02-26 09:06:36.862051,132,5845,7026,Delayed
2903,Johnson-Park,VPC,XJO,2026-01-18 11:56:25.999204,2026-03-20 10:17:18.532991,307,8381,21283,Delayed
2904,"Miller, Garrison and Mcmillan",MNZ,HZN,2026-03-24 11:28:32.593417,2026-01-07 23:26:28.455438,362,1615,9431,Cancelled
2905,"Stanley, Nichols and Ramirez",XTO,ZQT,2026-04-07 08:30:18.728670,2026-02-24 00:08:45.350646,277,5222,2834,Delayed
2906,Mclean Inc,PFQ,XNP,2026-02-17 20:01:26.974758,2026-03-17 16:57:43.031189,597,9699,49956,Delayed
2907,"Robinson, Black and Chapman",POL,LER,2026-02-26 15:27:17.736708,2026-02-06 10:35:36.452072,92,3929,34108,On Time
2908,Hayes-Camacho,VAZ,XQD,2026-02-19 09:48:59.903554,2026-01-30 20:21:58.076181,572,9676,26327,Delayed
2909,"Welch, Osborne and Campbell",XOR,JDM,2026-01-18 17:09:14.925450,2026-01-08 22:17:41.686425,342,7252,43047,Delayed
2910,"Washington, Barber and Guerra",CBZ,QAA,2026-01-01 22:19:24.759802,2026-02-12 20:47:54.825224,193,7386,34083,Delayed
2911,Ortiz LLC,CBZ,PMA,2026-01-30 02:30:33.915977,2026-01-20 18:09:52.323138,557,4975,30365,Cancelled
2912,"Kelly, Greer and Gates",JEA,HPX,2026-02-23 10:25:42.897003,2026-03-22 07:43:23.752289,595,4011,28167,On Time
2913,Green-Wilson,WUT,CXD,2026-01-12 15:04:49.424810,2026-03-20 08:07:05.436683,464,9640,15772,Cancelled
2914,West-Miranda,YLF,ARU,2026-01-15 21:34:40.688399,2026-03-25 10:05:33.159908,413,5389,7458,On Time
2915,Cox Inc,GQT,RCJ,2026-02-19 13:27:27.482644,2026-02-02 12:20:17.857125,447,9446,35343,Delayed
2916,Cummings-Grant,OJV,BJD,2026-01-30 04:42:55.764693,2026-04-08 04:33:15.790614,197,5026,24055,Cancelled
2917,Garcia Ltd,QFJ,HVC,2026-01-16 19:11:27.216513,2026-03-17 00:43:09.318512,485,9569,23955,Delayed
2918,Smith-Brown,MGR,JBR,2026-01-29 02:09:44.244892,2026-01-25 17:50:05.684115,517,8658,29673,Cancelled
2919,"Morton, Ramos and Butler",CKO,WUT,2026-02-22 10:49:55.638956,2026-02-18 23:45:45.848755,308,4703,36932,Delayed
2920,Boyer-Hughes,PRW,CKO,2026-01-18 18:15:57.657747,2026-01-02 00:49:05.367584,574,1824,2570,Cancelled
2921,Ayers Group,MNZ,DVE,2026-01-31 23:21:24.595533,2026-02-07 12:34:45.673813,387,4788,48988,Delayed
2922,"Vaughn, Anderson and York",HIA,BZQ,2026-01-18 07:11:22.492578,2026-02-23 17:27:23.300339,381,2822,47896,On Time
2923,Chang-Thompson,WMQ,GQN,2026-01-22 07:41:07.128955,2026-03-23 21:50:32.449021,190,8763,5166,Delayed
2924,York-Perez,ZQT,UPB,2026-01-11 16:12:45.226943,2026-01-11 13:53:23.545171,504,6072,20986,Delayed
2925,Martin-Powers,CPL,NSL,2026-01-08 17:04:16.034465,2026-04-03 07:13:24.675119,127,6110,24681,Cancelled
2926,Zuniga and Sons,MWN,UZS,2026-03-20 15:38:40.738371,2026-01-11 09:55:11.893289,531,8051,9679,On Time
2927,"Charles, Weiss and Rogers",XJO,HIA,2026-01-07 21:03:05.372771,2026-02-04 17:46:08.769024,181,4534,6582,Cancelled
2928,"Watkins, Walsh and Mcguire",KLN,HZN,2026-03-19 08:52:32.831580,2026-01-13 19:16:54.584131,416,4660,16722,Cancelled
2929,Rivera-Garner,BIL,SFR,2026-02-16 16:03:01.636490,2026-03-07 16:10:07.968495,216,2248,40173,Delayed
2930,"Lucas, Peterson and Sutton",WJU,LFV,2026-02-19 15:44:51.934618,2026-03-19 05:41:28.346913,298,8397,8000,Delayed
2931,Foster Group,CFB,KHA,2026-01-27 01:50:08.631016,2026-01-13 10:42:38.635971,73,8073,6263,Cancelled
2932,Owens and Sons,ZNM,JEO,2026-03-27 23:09:21.579923,2026-01-04 06:07:49.100664,474,8642,49228,Cancelled
2933,"Decker, Knight and Campbell",RRZ,UUO,2026-03-17 02:25:03.425996,2026-01-30 04:32:46.842455,414,4918,47028,On Time
2934,Miller-Peterson,PIG,JEA,2026-03-12 17:27:54.714546,2026-01-31 20:08:00.774797,255,8428,10881,Cancelled
2935,"Moore, Walker and Hopkins",GGR,NPR,2026-02-20 15:36:29.489517,2026-02-26 07:56:19.411554,458,1467,5992,Cancelled
2936,"Jones, Soto and Williams",ZTI,COF,2026-01-18 23:27:57.624371,2026-02-06 09:18:52.516739,574,6801,16492,Delayed
2937,Donaldson-Maxwell,XYB,JDM,2026-01-14 18:11:31.339719,2026-02-25 02:06:08.818817,420,7420,39449,On Time
2938,Garner Group,QUE,XNP,2026-03-27 02:03:50.613992,2026-01-24 11:59:14.350159,395,4710,8544,Cancelled
2939,"Walker, Jones and Clark",YDU,JEO,2026-03-28 05:14:18.893693,2026-02-14 10:06:43.847702,213,6956,47409,Cancelled
2940,James LLC,JVG,NGJ,2026-03-05 00:30:17.947184,2026-02-14 03:50:44.262932,357,2677,49071,Delayed
2941,"Rivera, Johnson and Wilson",OWR,OLP,2026-02-01 13:22:44.871774,2026-01-21 07:52:30.101010,501,7062,42986,On Time
2942,"Carpenter, Martin and Smith",RFL,RML,2026-03-19 13:46:21.771007,2026-04-05 01:36:48.858157,581,8223,3083,On Time
2943,Carlson Ltd,MAF,XWE,2026-01-23 03:28:14.411649,2026-03-29 13:35:16.430000,148,9207,28367,Delayed
2944,Downs Inc,QUE,JDM,2026-02-04 17:26:41.443322,2026-01-20 17:08:51.815338,241,8596,35859,Cancelled
2945,"Miller, Martin and Hicks",EMQ,TRV,2026-01-17 17:34:29.954335,2026-02-08 14:09:00.769548,288,1555,26364,On Time
2946,Ramos Ltd,RXN,CXD,2026-03-22 11:00:41.424743,2026-04-04 15:00:14.510126,135,8014,37702,Delayed
2947,Rodriguez-Trevino,CEK,DVE,2026-03-13 20:58:03.786902,2026-03-16 22:39:46.224999,540,1541,11127,Delayed
2948,"Jensen, Smith and Carroll",SLN,HIA,2026-03-21 08:15:50.530335,2026-02-26 03:21:52.720397,35,5186,30169,On Time
2949,Hall Group,SLN,UNV,2026-02-14 22:36:06.950903,2026-02-24 15:41:51.324149,454,5385,35839,Delayed
2950,Thomas and Sons,QZZ,VAA,2026-01-19 17:53:29.694429,2026-02-20 18:08:34.948949,267,2992,46977,Cancelled
2951,Woods-Ellison,EDQ,MZH,2026-02-27 08:25:58.704495,2026-01-07 07:11:41.066715,151,7752,23806,Delayed
2952,"Pena, Love and Brewer",ANH,RZR,2026-01-16 14:28:33.921288,2026-02-19 18:51:52.580518,118,9040,46142,Cancelled
2953,Anderson-Brown,RML,ZQT,2026-03-18 05:11:48.662109,2026-01-25 07:25:25.552635,551,2214,32778,Delayed
2954,Miller-Joseph,XJO,AXF,2026-03-12 23:28:55.302090,2026-01-12 15:10:48.252877,425,1011,35009,On Time
2955,Roy Group,VHB,ESX,2026-02-20 21:01:28.759207,2026-01-23 07:34:26.303095,551,2026,19598,On Time
2956,Holt Inc,ARU,XOR,2026-04-03 12:41:58.924177,2026-01-30 08:26:32.014598,165,4517,20743,Delayed
2957,Carney and Sons,HIR,ZEI,2026-01-26 10:41:44.747074,2026-02-08 12:16:27.769619,581,4756,39428,Delayed
2958,Flores Inc,UNV,KLN,2026-02-27 14:41:04.002816,2026-01-14 20:25:14.010970,283,671,46559,Cancelled
2959,Parker Inc,MVU,ORB,2026-03-24 09:51:33.822023,2026-01-01 14:38:01.350238,58,3469,47806,Cancelled
2960,"Williams, Harrington and Frazier",RFS,MWN,2026-04-04 12:16:06.186188,2026-03-01 02:09:59.572241,169,7651,16177,On Time
2961,Lee and Sons,DAL,VBS,2026-01-10 07:43:33.439269,2026-02-04 02:35:42.371569,568,548,25973,Delayed
2962,Cooper Ltd,UDQ,PFQ,2026-03-17 01:52:41.990530,2026-01-04 13:45:39.367681,389,6690,34079,Cancelled
2963,Smith-Thompson,TTI,MNZ,2026-01-22 10:10:15.921131,2026-03-16 14:35:03.213558,395,4100,49837,Cancelled
2964,"Guerrero, Robinson and May",JVO,BJD,2026-04-03 05:15:09.669012,2026-02-18 00:19:38.724123,267,2951,7067,Cancelled
2965,"Pierce, Mclaughlin and Williams",PIG,RCJ,2026-01-11 02:07:52.418356,2026-03-08 13:26:15.788072,261,2920,4191,Delayed
2966,"Williams, Saunders and Stephens",CBZ,WUT,2026-01-31 09:59:17.231407,2026-01-28 06:43:04.397714,410,5087,26511,Delayed
2967,Johnson-Wood,JDM,TRV,2026-03-30 03:51:07.979182,2026-03-26 10:58:11.624422,374,3764,6241,On Time
2968,Frederick-Hudson,SFR,MZH,2026-04-08 03:52:53.044711,2026-03-04 10:35:21.051068,141,8346,17000,On Time
2969,"Bailey, Reyes and Summers",DCP,GYR,2026-02-13 07:20:18.435078,2026-03-20 16:56:42.609675,241,1913,47160,Delayed
2970,Vang and Sons,ZUD,YLF,2026-02-02 08:56:42.066116,2026-02-19 05:48:09.375821,91,4289,11668,On Time
2971,"James, Wagner and Davis",EMQ,QST,2026-04-01 21:35:10.189536,2026-03-28 23:59:20.916166,191,4335,37934,Cancelled
2972,Mason Ltd,DVE,MVU,2026-01-16 16:12:41.198770,2026-01-03 12:35:25.443592,543,2550,18820,Cancelled
2973,"Lindsey, Jones and Nguyen",SAN,IUM,2026-04-08 08:51:16.536181,2026-02-11 00:50:52.420196,363,1027,28060,Delayed
2974,Gomez-Sullivan,UNV,OKT,2026-04-02 09:18:35.653155,2026-03-29 03:20:21.692593,554,5310,7629,Cancelled
2975,Garcia-Brown,MGR,JVG,2026-02-23 08:07:32.695258,2026-01-10 14:27:02.134953,67,8402,33944,On Time
2976,Monroe Ltd,ORB,YSI,2026-02-04 23:35:03.662951,2026-03-30 20:07:15.083396,592,5534,12097,Delayed
2977,"Rodriguez, Cline and Miller",HOR,JHK,2026-02-20 17:30:54.067836,2026-03-20 21:06:55.292317,253,3666,17402,Delayed
2978,Moore Ltd,XWE,FPG,2026-02-26 01:53:15.098618,2026-03-18 11:31:21.690705,357,5191,36948,Cancelled
2979,Walker PLC,YNZ,DYM,2026-02-20 05:47:48.784510,2026-02-17 22:43:51.656599,529,3354,20204,On Time
2980,"Bell, Ortiz and Gilmore",OLP,CFB,2026-02-15 15:41:56.086349,2026-01-18 18:27:31.323757,464,4015,28947,Delayed
2981,Simpson and Sons,MVU,JLG,2026-02-24 14:04:34.587917,2026-04-06 00:51:32.228170,394,8904,19741,Cancelled
2982,"Walker, Edwards and Smith",QZD,IDD,2026-04-02 14:02:26.569892,2026-01-31 17:55:51.049842,314,4837,49811,Delayed
2983,Howard-Robinson,KFP,ORB,2026-01-13 19:36:34.329432,2026-02-23 14:49:38.542199,362,1673,32464,On Time
2984,Moore LLC,NPR,XOR,2026-01-03 19:30:05.707022,2026-03-23 00:50:14.700730,382,7430,36802,Delayed
2985,Banks-Wood,CBZ,XOR,2026-02-06 21:44:55.202145,2026-01-13 07:09:22.855532,382,1203,17895,Cancelled
2986,Franklin-Perez,YLF,YSI,2026-03-03 00:17:49.155550,2026-02-01 00:56:54.505100,553,9978,29293,Delayed
2987,Hansen-Jordan,UDQ,XNP,2026-01-01 23:18:22.721003,2026-03-04 19:56:35.527115,346,2700,2518,Cancelled
2988,Robles-Turner,HPX,SAZ,2026-03-29 10:12:44.932812,2026-02-26 10:02:23.230280,90,7368,33571,Delayed
2989,Stokes PLC,FYW,OJV,2026-02-24 21:24:50.778187,2026-01-07 05:03:04.410929,552,5744,5733,Delayed
2990,James Group,LXX,HOG,2026-01-12 04:31:16.209906,2026-03-25 23:26:13.458210,523,7524,35767,Delayed
2991,"Scott, Smith and Gonzalez",XTO,PMA,2026-04-06 13:27:43.081231,2026-01-26 01:14:43.493086,91,8550,12366,On Time
2992,Miller-Haynes,HIA,YSA,2026-02-01 02:53:12.322429,2026-01-02 17:05:54.988178,283,9081,20109,Delayed
2993,Anderson Ltd,ANH,OYA,2026-03-15 10:20:54.846501,2026-02-14 00:34:48.843574,167,1519,6163,On Time
2994,Thomas LLC,VPU,LZQ,2026-03-20 01:35:03.942731,2026-02-15 01:23:58.447151,305,2816,6852,Cancelled
2995,Duran Ltd,CEK,HUX,2026-01-02 10:00:15.555500,2026-03-07 11:28:16.385669,248,6368,12735,On Time
2996,"Lewis, Strickland and Jacobs",FYW,MZE,2026-02-19 21:51:59.332308,2026-01-05 19:36:27.510851,158,3299,38546,Delayed
2997,"Estrada, Schmidt and Foley",HFX,XTO,2026-01-24 03:15:26.478705,2026-02-13 07:27:48.188222,392,8584,48797,Delayed
2998,"Tucker, Strong and Wells",FFE,VAZ,2026-01-05 17:33:53.737499,2026-01-05 14:51:27.120476,175,7980,4926,Delayed
2999,Kelly-Calderon,CPL,OWC,2026-03-17 05:35:57.684534,2026-01-16 07:52:14.129675,336,4571,4740,On Time
3000,"Anderson, Hayes and Mclaughlin",VHB,IAL,2026-04-06 05:48:12.234293,2026-01-31 10:46:26.069772,323,5945,36772,Delayed
3001,Villanueva-Schwartz,OKT,PIV,2026-01-06 14:58:01.380993,2026-02-20 20:45:40.468470,463,5416,41785,Cancelled
3002,Anderson Group,OLP,CFB,2026-02-12 13:51:09.880804,2026-03-09 21:59:54.133140,430,8507,44129,Cancelled
3003,"Gray, Thornton and Simpson",LER,RFS,2026-01-11 01:20:26.412454,2026-03-03 15:20:07.997664,126,3861,47751,On Time
3004,"Frederick, George and Vargas",ZYQ,DAL,2026-01-07 21:16:27.408427,2026-04-07 19:39:00.684093,436,8243,43560,Delayed
3005,Owens-Hansen,OKT,KHA,2026-03-14 14:32:07.465425,2026-01-05 00:19:55.775234,372,9291,13365,On Time
3006,Acosta-Ortega,DCP,XOR,2026-03-09 07:28:12.003537,2026-01-15 21:19:06.806165,530,9451,25316,Delayed
3007,Johnson Ltd,RCJ,YNZ,2026-02-10 13:12:24.699607,2026-03-05 14:31:11.327837,591,4987,7183,On Time
3008,Owens and Sons,LZQ,KHA,2026-03-14 02:10:46.907539,2026-04-01 21:34:33.138056,523,5829,47103,Delayed
3009,Frey-Nelson,PIC,KHA,2026-03-03 14:22:01.825895,2026-03-02 01:35:02.577119,345,9186,30599,On Time
3010,"Moore, Hahn and Savage",UNV,HVG,2026-02-25 17:21:19.443140,2026-02-24 23:41:31.076655,414,3840,8886,Delayed
3011,"Green, Wells and Harrell",YNZ,HPX,2026-03-15 03:38:51.704109,2026-02-22 06:57:57.021957,275,3633,14085,On Time
3012,Williams-Crawford,HOR,HPX,2026-02-01 05:12:03.944509,2026-04-03 06:16:18.417751,164,1169,34043,On Time
3013,"Roberson, Welch and Cantrell",EMT,SAZ,2026-02-17 21:50:05.566307,2026-03-02 17:11:37.573472,134,7393,6957,Delayed
3014,"Brown, Carlson and Hill",ZIB,CBT,2026-02-09 23:58:23.881986,2026-03-23 12:34:43.971787,299,3984,10954,Cancelled
3015,"Alexander, Adams and Brown",ZQT,RFL,2026-03-11 05:58:33.034785,2026-03-28 06:57:41.705040,238,2507,24489,Delayed
3016,Nelson-Maxwell,FFE,ORB,2026-03-12 08:19:32.487595,2026-04-04 12:32:02.007815,332,8794,39562,On Time
3017,"Foster, Hardy and Tucker",PMA,DAL,2026-03-06 00:52:54.151424,2026-01-10 10:57:21.854060,575,3185,48270,On Time
3018,"Moss, Murphy and Garcia",QZZ,UNV,2026-02-14 07:51:00.517375,2026-04-02 05:25:01.628592,296,698,4465,Delayed
3019,Perez Group,XTO,JDM,2026-02-21 12:33:22.060983,2026-01-22 22:59:57.123405,264,3257,2984,Cancelled
3020,Hernandez-Allen,FCG,YDU,2026-03-01 11:47:02.819708,2026-03-15 23:21:30.909070,54,7950,30633,Cancelled
3021,"Benjamin, Lopez and Nolan",JBR,CYC,2026-03-08 17:22:39.058315,2026-03-09 13:29:18.686453,351,2162,35749,Delayed
3022,Snyder Inc,LZQ,ZNM,2026-03-23 14:08:32.753720,2026-02-22 15:23:28.598513,217,7142,28109,On Time
3023,Dorsey-Griffin,AJM,UDQ,2026-02-07 22:24:45.481088,2026-03-03 10:02:17.442459,573,1496,16285,On Time
3024,"Hall, Walsh and Sanchez",PXE,FIA,2026-02-15 07:51:53.391994,2026-02-24 22:03:02.027842,388,7047,35765,Delayed
3025,"Rodriguez, Walton and Powell",UAI,OIS,2026-03-31 08:38:32.291862,2026-03-13 22:59:25.747730,428,2544,47168,Cancelled
3026,"Mccoy, Vasquez and Martinez",ORB,PIG,2026-01-29 14:16:34.413258,2026-02-21 03:12:37.519266,596,7774,27994,Delayed
3027,"Trujillo, Bowers and Dodson",JDM,QST,2026-02-12 20:05:46.143337,2026-02-11 03:10:11.448244,428,4301,24449,Delayed
3028,Riley-Riley,IUM,DFB,2026-03-23 11:12:02.839062,2026-03-29 20:29:50.531370,498,7748,6274,Cancelled
3029,Snow-Suarez,CPL,CBT,2026-01-01 16:35:07.806198,2026-02-01 12:41:23.374726,65,6988,19763,Cancelled
3030,"Serrano, George and Long",UZS,OKN,2026-01-02 10:36:03.048103,2026-01-21 11:59:38.360250,546,7301,17685,Cancelled
3031,Compton Group,QPC,XJO,2026-02-14 17:40:04.956681,2026-02-26 20:49:51.208698,434,2795,14346,Delayed
3032,Shaffer-Winters,OLP,WAX,2026-04-04 18:42:42.103799,2026-01-12 00:08:46.183396,402,6511,19811,Delayed
3033,"Ross, Wilson and Horn",OLP,DPO,2026-02-11 10:33:34.911125,2026-02-09 02:15:36.712637,267,8165,5014,On Time
3034,"Friedman, Clark and Brown",ZSP,NSL,2026-01-01 02:41:48.651248,2026-01-22 00:57:09.735319,33,4401,46036,On Time
3035,"Luna, Carter and Carter",VPZ,OKT,2026-03-07 06:53:41.803074,2026-04-02 01:35:31.697395,409,5074,21991,Cancelled
3036,Patton PLC,ZYQ,ZSP,2026-03-04 06:05:23.455693,2026-02-20 23:25:21.630081,146,3842,9116,Delayed
3037,Davis and Sons,AJM,IAL,2026-02-09 11:44:17.350808,2026-03-31 18:32:55.225674,290,9544,16111,On Time
3038,Love LLC,SXE,SEA,2026-01-10 18:01:42.763716,2026-02-21 12:01:16.615173,143,8437,13334,On Time
3039,Mitchell-Alexander,PFQ,YSI,2026-03-19 17:03:39.997836,2026-01-02 12:08:06.913710,43,9644,26629,Cancelled
3040,"Walker, Peterson and Hicks",RML,OKT,2026-03-16 08:50:48.037787,2026-02-09 13:35:42.505996,554,6668,12209,Cancelled
3041,"Le, Santos and Williams",TRV,VHB,2026-03-25 05:43:19.453836,2026-01-24 05:17:23.047003,452,8908,44760,Delayed
3042,Green-Chavez,TRV,ZTI,2026-02-28 13:38:16.121355,2026-02-13 23:07:39.496160,109,6307,46052,Cancelled
3043,Lewis-Gonzalez,MAF,RFL,2026-03-28 09:00:07.257883,2026-02-11 13:40:07.890983,283,3108,32362,On Time
3044,"Burke, Barnes and Rogers",ARU,ZIB,2026-03-31 03:23:12.989560,2026-01-22 08:25:06.147531,496,586,49358,On Time
3045,"Anderson, Mckinney and Smith",JLM,XTO,2026-02-01 21:23:32.185104,2026-02-16 04:59:30.006434,436,3120,8458,Cancelled
3046,Johnson LLC,DFB,DBH,2026-03-07 17:09:23.135256,2026-01-13 00:36:39.330123,231,1081,44643,Delayed
3047,Johnson-Watson,MZH,SXE,2026-01-03 22:33:17.796023,2026-04-02 20:40:03.420207,269,2869,44070,Delayed
3048,Wallace PLC,ANH,UAI,2026-04-06 01:07:53.890624,2026-01-08 11:30:02.793288,395,6326,24020,On Time
3049,Duncan-Spencer,HIA,GGR,2026-02-28 02:24:03.938048,2026-02-17 08:13:41.656394,56,2923,6822,Delayed
3050,Mcintosh Ltd,XJO,FIA,2026-02-13 21:01:18.215832,2026-02-12 03:55:20.855738,160,4218,40310,On Time
3051,Robinson and Sons,QFJ,BJW,2026-01-10 01:16:54.958265,2026-02-15 19:25:22.374150,37,5668,25571,Delayed
3052,Campbell Group,DVE,GXQ,2026-03-23 15:34:59.449353,2026-02-08 20:03:40.533816,159,989,42891,On Time
3053,Villegas-Tran,KFP,FOE,2026-02-01 07:46:07.469566,2026-03-31 21:12:21.576386,283,5840,47806,On Time
3054,Taylor PLC,KRW,HPX,2026-03-11 22:34:15.056896,2026-04-02 13:18:47.618487,277,6703,36300,Cancelled
3055,Patterson-Flowers,TRV,RWO,2026-01-17 20:33:15.986433,2026-03-12 17:48:51.686890,103,4167,25151,Delayed
3056,Tran-Chandler,VLU,ZTI,2026-01-04 17:22:48.122352,2026-02-17 17:34:45.148621,137,5861,49186,On Time
3057,"Bailey, Mcintosh and Cardenas",ARU,MOG,2026-02-07 08:20:26.748038,2026-03-07 18:40:10.362287,536,6098,34096,Cancelled
3058,Rodriguez-Fisher,QNT,VXI,2026-02-28 23:39:33.353827,2026-02-26 15:49:02.675955,178,1909,33639,Cancelled
3059,Lopez Inc,RWO,TGY,2026-02-18 06:34:57.445130,2026-02-17 07:55:24.927744,441,1388,16704,Cancelled
3060,"Krause, Knight and Marshall",DVE,IDD,2026-03-24 03:00:17.576682,2026-01-30 23:29:29.595291,331,8137,19772,Cancelled
3061,Reynolds-Meyer,XRZ,UPB,2026-03-30 06:31:17.854102,2026-02-09 06:54:46.042732,367,5537,33177,Cancelled
3062,"Bishop, Elliott and Johnson",VXK,ANH,2026-03-26 11:32:11.447999,2026-03-07 13:26:18.392251,309,8209,34896,Cancelled
3063,Pearson-Ballard,AMB,MAF,2026-02-04 13:53:38.976930,2026-03-23 04:22:53.819086,556,7642,29600,On Time
3064,"Cobb, Bell and Ortiz",CYC,JEO,2026-03-21 00:04:47.337376,2026-02-14 18:17:34.612782,519,5189,49730,Delayed
3065,"Moreno, Morrow and Mccoy",PIC,UPB,2026-03-12 07:07:48.509909,2026-02-27 12:54:48.991893,404,9123,9704,Delayed
3066,Hunt-Stokes,WMQ,RXN,2026-02-24 08:46:48.690181,2026-02-11 11:55:24.603251,252,6872,26839,Delayed
3067,Wilcox Group,CPL,ZNM,2026-03-06 18:39:37.121737,2026-02-03 22:51:44.515965,529,2551,31346,Cancelled
3068,Marshall Group,HGF,OIS,2026-02-23 00:11:03.860071,2026-02-28 09:08:38.540720,475,4886,21293,Cancelled
3069,Lee-Baldwin,GXQ,XNP,2026-04-04 10:14:31.540845,2026-03-02 07:22:11.504300,184,9964,15601,Cancelled
3070,Oliver Ltd,CPL,JEA,2026-03-15 04:00:21.574972,2026-01-18 03:59:05.880153,535,3072,25811,On Time
3071,"Thompson, Miller and Patel",FVJ,QZD,2026-03-30 11:53:09.103546,2026-01-22 12:39:33.104599,150,8255,39989,Delayed
3072,Williams-Wallace,XJO,UPB,2026-02-27 23:02:50.438390,2026-03-30 06:27:37.598295,538,9242,21381,Delayed
3073,Ford-Brennan,JLM,OWR,2026-01-11 11:55:52.768218,2026-04-01 14:56:30.246827,240,5708,21898,Delayed
3074,Morales-Delacruz,FPG,XOR,2026-03-03 03:00:56.042844,2026-02-04 10:23:15.165307,183,7714,46347,Delayed
3075,Stanton LLC,OLP,XTO,2026-01-18 20:24:05.215385,2026-03-04 01:26:30.486448,444,5549,47647,Cancelled
3076,Lewis and Sons,CXD,FVJ,2026-03-03 06:12:28.006115,2026-03-30 21:32:30.987404,239,8559,4151,On Time
3077,"Briggs, Graham and Cooper",JBR,GQN,2026-02-17 21:26:01.034499,2026-02-02 11:45:56.302582,503,2289,7297,Delayed
3078,"Reese, Roman and Schwartz",IAL,MZH,2026-02-02 20:13:12.585448,2026-01-16 15:56:29.433409,487,6415,30284,Delayed
3079,Rangel PLC,ARU,HOG,2026-01-29 13:35:13.981847,2026-01-03 05:46:34.427912,150,3937,43828,Cancelled
3080,Cameron Group,XYB,JHK,2026-04-01 04:50:19.221010,2026-03-17 07:38:20.192916,62,8340,32192,Delayed
3081,Arnold PLC,LIW,TTI,2026-02-16 20:58:55.770209,2026-01-21 11:35:41.785671,137,7645,49772,Delayed
3082,Downs-Martin,ZEI,AOQ,2026-01-23 20:35:07.802458,2026-02-27 17:32:11.253652,556,1761,28367,On Time
3083,"Gallegos, Rodriguez and Carr",VXI,GQT,2026-03-13 17:44:07.840325,2026-03-24 04:03:40.302991,388,7865,22440,Delayed
3084,Lara-Hernandez,OWC,ZYQ,2026-02-27 22:05:01.982800,2026-02-17 03:59:24.358638,526,5510,37048,On Time
3085,Rodriguez-Douglas,ISQ,CYC,2026-01-14 13:07:08.221410,2026-04-01 20:53:01.079832,52,8359,44879,On Time
3086,Stone and Sons,OIS,VZN,2026-03-29 00:01:54.990470,2026-03-24 02:43:47.738418,233,7100,47158,Cancelled
3087,"Smith, Jones and Mccall",UDQ,ARU,2026-04-06 20:40:59.983959,2026-03-03 18:06:22.683843,556,3662,32021,On Time
3088,"Martinez, Lee and Thompson",ZNM,ARU,2026-02-06 02:24:10.180233,2026-03-01 00:18:12.323224,313,2254,30108,Delayed
3089,"Sanders, Rodriguez and Russo",VFJ,EMQ,2026-03-17 16:28:52.128093,2026-03-24 06:05:49.702537,341,6717,28119,On Time
3090,"Mueller, Chaney and Kelly",OIN,DHB,2026-02-17 22:01:42.793581,2026-01-17 06:44:01.461825,156,9780,47203,Delayed
3091,Robinson PLC,HVC,WJU,2026-02-07 14:45:35.742591,2026-03-17 07:27:13.916653,495,1066,44297,On Time
3092,"Brown, Parrish and Russo",YTN,JQG,2026-02-23 00:58:41.498183,2026-02-28 18:11:59.506265,419,9462,24080,Cancelled
3093,Sullivan Ltd,BZQ,FPG,2026-02-12 18:53:33.831097,2026-01-09 21:09:18.633774,291,8754,15888,Cancelled
3094,Jones-Lucas,AAU,EMT,2026-02-20 16:25:09.700987,2026-03-13 14:23:04.308760,477,6070,44620,On Time
3095,Ross PLC,VAA,JLM,2026-02-21 03:22:53.267751,2026-01-08 08:42:13.247554,47,1124,33204,Delayed
3096,Baker and Sons,LFV,OLP,2026-02-23 18:27:29.163951,2026-02-06 03:07:33.628042,363,7954,12783,Delayed
3097,"Kline, Herrera and Jacobs",OLP,ORB,2026-01-01 22:50:26.790989,2026-01-06 14:31:09.486469,163,2225,13511,Cancelled
3098,"Patterson, Conley and Bender",DNK,MNZ,2026-02-02 07:59:10.247590,2026-03-27 22:50:35.112988,567,3642,23057,Cancelled
3099,"Ho, Lee and Hopkins",HZN,VXI,2026-02-26 16:41:58.328820,2026-03-10 00:40:33.765678,173,3627,27111,Cancelled
3100,Mendoza-Fitzpatrick,GYR,GXQ,2026-01-09 09:15:02.882429,2026-02-01 05:25:24.117067,310,717,17185,On Time
3101,Smith-Delgado,HZN,WPA,2026-03-13 12:11:57.442835,2026-02-01 08:10:09.933289,169,6109,41760,Delayed
3102,Pham Inc,PMA,IAL,2026-02-23 11:29:38.913230,2026-01-12 12:30:08.868557,586,9652,38991,Cancelled
3103,Mitchell-Young,PXE,QEH,2026-03-09 20:53:12.232007,2026-03-25 06:26:59.705300,68,9164,44407,On Time
3104,Hardy Inc,JBR,VHB,2026-03-30 11:31:41.619102,2026-02-28 10:06:45.824643,585,6054,38031,On Time
3105,"Best, Anderson and Perry",IDD,JLM,2026-03-20 16:20:35.619571,2026-01-28 00:27:32.650052,399,2209,20825,Delayed
3106,Estrada and Sons,DDQ,HGF,2026-02-23 02:33:35.509710,2026-02-03 03:44:00.904575,197,6913,17313,Delayed
3107,Scott-Hall,HZN,RXD,2026-01-11 21:53:53.590498,2026-02-18 05:54:54.129728,534,328,44655,On Time
3108,"Thompson, Summers and Alexander",VZN,LZQ,2026-03-11 01:40:31.561569,2026-03-08 06:31:44.433791,498,7957,10296,Cancelled
3109,Trujillo-Brown,VPZ,DYM,2026-01-01 08:15:38.539547,2026-01-27 06:50:56.299197,509,6137,11581,Delayed
3110,Dickerson-Salinas,DBH,OIS,2026-02-26 19:31:13.278374,2026-02-11 12:28:39.094567,507,5877,38846,Delayed
3111,Knight-Hamilton,CPL,PIC,2026-04-04 00:53:33.403616,2026-03-19 04:12:31.670513,250,2667,40833,On Time
3112,Sullivan-Booth,ESX,DVE,2026-02-23 03:14:43.225514,2026-01-31 14:58:10.440542,51,1435,32457,Delayed
3113,"Williams, Thompson and Serrano",IAL,VLU,2026-01-27 21:12:59.254011,2026-03-25 04:43:45.608049,521,6915,26240,Cancelled
3114,"Baker, Lewis and Martinez",GHQ,SJZ,2026-03-15 16:04:32.760701,2026-01-20 21:59:22.680545,479,7474,25646,On Time
3115,Mcdonald-Hopkins,GGR,ESX,2026-01-27 12:09:34.272999,2026-01-27 00:43:47.443049,359,1985,27655,Cancelled
3116,Davis-Wagner,VHB,DBH,2026-01-29 18:38:34.286838,2026-03-24 06:31:20.478683,64,2579,15866,Delayed
3117,"Fleming, Boyd and Reed",HPX,VBS,2026-02-03 03:59:17.497032,2026-01-15 19:38:38.669079,58,2162,48345,Cancelled
3118,"Green, Barrett and Anderson",ORB,EMQ,2026-03-17 11:12:46.490544,2026-01-24 23:35:22.067004,64,2241,47019,Delayed
3119,Mckee-Berry,DNK,DVE,2026-03-05 04:59:50.821346,2026-03-08 20:35:05.016731,61,3717,45409,Cancelled
3120,Chen LLC,CFB,BJW,2026-03-22 20:25:04.814962,2026-03-27 21:41:24.688936,76,633,30159,Cancelled
3121,Henderson-Harrison,VLU,OIN,2026-02-10 08:09:34.718231,2026-01-05 22:43:54.324617,366,1167,43398,On Time
3122,"Fisher, Taylor and Robinson",IDD,ZYQ,2026-01-14 22:47:29.566711,2026-01-29 15:28:32.432770,349,5851,15515,Cancelled
3123,Lopez-Walker,SLG,CEK,2026-01-11 23:59:48.613865,2026-02-26 09:56:03.783430,519,5205,35162,Cancelled
3124,"Miller, Todd and Bell",FIA,UZS,2026-02-27 23:14:25.385929,2026-01-31 16:49:37.186081,343,1624,34811,Delayed
3125,"Brown, Lewis and Howe",FPG,SLN,2026-02-09 22:17:08.865366,2026-03-01 03:05:04.247529,116,4341,46914,Delayed
3126,Powell and Sons,IUM,HZK,2026-03-01 23:55:54.115504,2026-01-18 20:08:47.247690,35,3143,4336,On Time
3127,Oneal-Johnson,FOE,TRV,2026-01-06 11:01:10.247878,2026-01-20 08:11:38.132322,558,547,3110,On Time
3128,"Diaz, Wright and Moore",KFP,GQT,2026-01-07 19:19:05.109760,2026-03-14 04:52:57.847250,470,7051,32324,On Time
3129,Smith-Taylor,OKN,XJB,2026-01-28 17:13:55.167378,2026-02-04 18:48:24.323407,126,7308,23759,On Time
3130,Bean PLC,EDQ,PRW,2026-03-15 03:38:32.903314,2026-03-28 12:38:53.895892,506,8550,49526,On Time
3131,"Martinez, Dunn and Decker",WMQ,SFR,2026-01-03 11:55:18.956767,2026-02-10 10:05:17.723943,600,6360,47306,Delayed
3132,"Chung, Snyder and Herring",FYW,CKO,2026-03-14 20:21:33.232424,2026-01-09 00:15:04.847819,381,3589,20827,Delayed
3133,Melendez-Elliott,QAA,PMA,2026-02-08 00:43:22.068325,2026-03-10 14:02:23.134990,122,834,47196,On Time
3134,"Jones, Winters and Kennedy",HWX,ESX,2026-01-16 00:51:12.151499,2026-02-28 00:15:59.763681,280,7220,23181,Delayed
3135,Stanley-Perkins,NYP,TRV,2026-02-18 11:23:03.866546,2026-03-28 05:49:43.150253,210,6752,10268,On Time
3136,Cook-Chapman,DYM,DNK,2026-01-25 16:37:22.991426,2026-01-21 20:07:15.893309,452,8598,15789,Delayed
3137,Garcia-Carson,SEA,KLN,2026-03-04 23:21:16.579539,2026-03-19 19:50:25.846265,80,575,4099,Delayed
3138,Rivers-Ramirez,NPR,JLG,2026-03-18 20:12:29.480982,2026-01-09 04:38:08.884519,445,537,45294,On Time
3139,Deleon-Cooper,LOW,JDM,2026-04-06 22:54:20.023480,2026-03-06 08:52:26.281081,59,3686,45796,Delayed
3140,Garrett-Beasley,BIL,RFS,2026-02-11 11:57:33.741373,2026-02-13 13:52:23.543988,281,7602,46592,Cancelled
3141,"Wilson, Cook and Lawson",ORB,CYC,2026-02-18 03:34:05.356534,2026-03-05 16:15:28.405963,251,3797,36592,On Time
3142,Gray and Sons,KHA,XRZ,2026-03-29 01:51:35.554719,2026-03-10 13:12:47.702574,264,6366,18490,Delayed
3143,"Rodriguez, Villarreal and Porter",RXD,SLG,2026-04-04 10:19:29.415122,2026-02-14 16:22:36.025862,218,2373,46837,On Time
3144,Gordon-Velasquez,HZK,ZIB,2026-04-06 17:41:25.407525,2026-01-24 00:37:57.676955,224,3013,9864,Delayed
3145,Bridges-Hardy,NLB,VFJ,2026-01-23 06:56:13.704842,2026-03-05 18:50:02.696404,515,1008,34621,Cancelled
3146,Chapman Inc,CPL,ZTI,2026-03-22 16:12:21.948547,2026-03-11 22:45:22.610492,334,7637,38464,Delayed
3147,Hart-Wheeler,MAF,HVM,2026-03-24 12:51:05.623450,2026-01-10 15:56:55.737898,48,6021,36869,Delayed
3148,Rodriguez-Brown,OKN,IDD,2026-01-02 21:31:00.340312,2026-02-11 05:37:46.042860,100,4607,14199,Delayed
3149,King PLC,CXD,QEH,2026-03-24 19:07:22.540066,2026-01-24 19:30:17.500026,112,5295,30421,On Time
3150,Gibbs-Davis,NSL,PFQ,2026-03-19 04:39:45.913941,2026-03-25 13:36:36.626776,573,1452,32341,On Time
3151,Hoffman-Singh,OLP,BZQ,2026-03-23 18:51:48.249025,2026-02-08 12:02:14.289641,68,425,43955,Delayed
3152,Hodges-Maldonado,YNZ,RXN,2026-01-08 01:08:19.925823,2026-02-25 03:57:49.958296,305,9848,36738,On Time
3153,Vazquez LLC,PIV,UPB,2026-03-21 09:52:27.353533,2026-02-18 04:05:02.969605,197,3640,42784,Delayed
3154,Anderson Group,HIR,RML,2026-03-21 06:57:52.096704,2026-02-28 05:49:58.779308,283,5665,33538,Cancelled
3155,"Adams, Swanson and Griffin",LOW,TGY,2026-03-29 23:49:31.089770,2026-03-20 15:03:41.557286,369,5439,6606,Delayed
3156,Lewis Ltd,VBS,PFQ,2026-01-17 00:46:20.180641,2026-02-10 15:58:10.700295,178,8603,24861,Delayed
3157,Wood Group,CFB,QFJ,2026-02-21 02:09:11.025233,2026-02-27 21:49:46.873786,514,8402,43610,Cancelled
3158,"Gaines, Williams and Howard",UAI,POL,2026-01-08 14:02:55.341032,2026-01-14 13:30:19.675894,449,5095,4641,On Time
3159,"Wagner, Tran and Johnson",MAF,YSA,2026-03-01 21:34:16.619223,2026-01-14 03:32:37.318064,599,9038,21854,On Time
3160,Gonzales Inc,QZZ,LOW,2026-01-21 10:24:45.343251,2026-04-04 10:11:45.592176,286,3968,37437,Delayed
3161,Jones-Sanchez,FCG,CYC,2026-03-12 02:49:14.875870,2026-03-20 06:37:45.134521,295,1143,35459,Cancelled
3162,"Thomas, Hernandez and Wilcox",QUE,VXI,2026-02-26 00:48:39.284876,2026-03-08 14:52:04.378682,462,2103,47104,On Time
3163,Hanson-Mason,XRZ,QEH,2026-03-25 23:39:54.568806,2026-02-26 23:09:08.987525,192,7858,27252,Delayed
3164,"Stone, Diaz and Williams",GYR,ZEI,2026-02-25 02:45:59.336377,2026-03-20 08:47:35.273766,285,6822,27943,Delayed
3165,Rice Inc,FCG,HPX,2026-02-27 00:10:55.514363,2026-01-06 09:40:29.321882,363,7053,12414,Cancelled
3166,"Curtis, Glover and Potter",LXX,OLP,2026-01-31 07:42:19.303444,2026-03-24 02:04:20.991579,405,6543,47405,Delayed
3167,Lambert-Lamb,MAF,ZQT,2026-03-25 09:01:42.936150,2026-04-05 03:12:28.746013,410,1150,4213,On Time
3168,Mcguire-Estrada,JQG,SLG,2026-01-31 09:03:05.885842,2026-01-06 23:15:46.699734,177,4723,47463,Cancelled
3169,Watson-Navarro,HFX,SXE,2026-01-27 04:50:51.084167,2026-02-04 19:39:45.645816,446,3989,9329,On Time
3170,"Fowler, Logan and Wilson",SXE,MGR,2026-01-21 19:57:18.051330,2026-02-16 06:59:51.131880,239,7211,32535,Delayed
3171,Burns-Sims,JQG,SLN,2026-02-19 08:28:54.409238,2026-01-20 19:57:26.199736,542,2996,24462,Delayed
3172,"Perry, Roman and Montgomery",FOE,YDU,2026-02-09 21:07:01.741603,2026-03-08 09:36:06.119303,153,8575,49634,Cancelled
3173,Hall-Barton,YLF,CYC,2026-03-02 18:07:40.069317,2026-02-12 07:20:39.827880,464,4289,14168,On Time
3174,Paul-Price,NSL,HWX,2026-04-02 17:19:27.784580,2026-01-17 17:29:09.411295,314,1845,17681,Delayed
3175,Anderson-Morris,KHA,COF,2026-01-31 13:29:48.378709,2026-02-10 14:31:47.940507,272,1617,35936,Delayed
3176,Johnson-Walker,DVE,GGR,2026-04-01 01:55:20.000859,2026-03-31 13:57:34.794301,120,7622,39672,Cancelled
3177,"Little, Mcdaniel and Maxwell",QNT,XTO,2026-02-17 18:10:50.738839,2026-03-17 00:43:44.917126,61,3508,16176,On Time
3178,"Coleman, Mitchell and Murray",NRE,TGY,2026-01-05 04:49:22.082560,2026-01-09 14:00:07.387203,474,8539,19779,On Time
3179,Downs-Ballard,MWN,YNZ,2026-03-25 15:55:40.765569,2026-01-31 01:31:26.242460,181,2771,14152,Delayed
3180,Miller-Howard,OKT,VAA,2026-03-24 08:54:19.669416,2026-01-30 15:56:39.507204,166,2417,35505,On Time
3181,Smith-Davis,UZS,SAN,2026-01-07 07:36:07.731226,2026-01-27 19:32:22.111923,34,6538,47368,Cancelled
3182,"Wood, Moore and Lee",IAL,CFB,2026-02-01 22:58:49.272048,2026-03-28 09:01:13.616548,54,4847,2614,On Time
3183,Bradford-Rocha,CPL,WAX,2026-01-09 01:13:46.031068,2026-01-06 13:24:13.683788,106,9416,4144,Delayed
3184,Walker-Knight,LXX,HIR,2026-01-03 04:47:16.300185,2026-02-20 21:42:39.520308,232,8519,5622,On Time
3185,Bullock Group,OWR,QUE,2026-01-30 20:22:50.384615,2026-03-08 21:49:17.232950,407,9027,37244,Delayed
3186,"Young, Jones and Padilla",OIN,FPG,2026-03-22 22:44:03.446197,2026-01-26 11:30:02.887321,252,666,22407,Delayed
3187,Gonzales-Wilson,COF,QPC,2026-01-25 03:00:42.910513,2026-02-09 14:42:42.527283,81,6701,39864,Cancelled
3188,Ray and Sons,FYW,XWE,2026-04-02 09:24:55.965247,2026-03-31 10:57:44.740990,587,9020,40093,On Time
3189,"Brady, Camacho and Mason",IDD,PRW,2026-03-13 22:50:13.509110,2026-04-02 22:27:06.850049,244,3050,10618,Cancelled
3190,"Craig, Nguyen and Stokes",PIG,DDQ,2026-02-09 03:54:10.862272,2026-04-08 01:27:47.875758,190,7862,3558,Delayed
3191,Ford-Murray,OJV,EDQ,2026-02-18 08:47:23.574640,2026-03-20 01:02:04.147127,417,1515,31849,Cancelled
3192,"Kelly, Eaton and Jones",JEO,XOR,2026-02-14 02:45:24.978573,2026-01-08 18:13:15.971992,138,2467,37270,Delayed
3193,Myers-Mayer,YSI,OIS,2026-02-24 08:21:26.541796,2026-01-31 14:34:18.083576,319,7681,15561,Cancelled
3194,"Ramos, Wilson and Green",VAZ,IAL,2026-04-01 10:16:15.896575,2026-02-28 00:09:29.473572,403,6650,29455,On Time
3195,Reyes-Miller,GHQ,OYA,2026-01-10 19:32:32.015692,2026-01-15 12:09:31.960186,399,9174,34445,Delayed
3196,"Sharp, Smith and Snow",QNT,RCJ,2026-01-13 05:14:03.207870,2026-03-09 10:33:16.794912,188,9851,22212,Delayed
3197,"Gonzales, Rogers and Wood",OWC,MGR,2026-01-04 22:19:17.701522,2026-03-18 11:56:58.032745,314,9369,35252,Cancelled
3198,"Harmon, White and Franklin",TRV,SAZ,2026-03-23 19:58:39.302133,2026-03-22 17:38:06.591763,408,5377,4016,Cancelled
3199,Lynn Group,NRE,UHK,2026-03-06 12:52:46.340784,2026-03-28 13:27:06.288103,322,3949,37029,Cancelled
3200,"Bennett, Clark and Villarreal",DNK,VAZ,2026-01-05 23:32:09.707594,2026-03-10 19:59:29.124924,65,3635,44048,On Time
3201,Hunter-Parsons,EMQ,XTO,2026-01-15 00:47:55.769581,2026-02-25 20:09:48.144338,498,1297,20926,Cancelled
3202,"Maddox, Flores and Lewis",SLG,HWX,2026-03-28 17:47:48.693604,2026-01-13 10:27:40.466570,540,8986,19564,On Time
3203,Sanchez-Werner,DHB,SFR,2026-01-09 03:06:31.889971,2026-02-07 16:46:15.490621,349,1043,29511,On Time
3204,Wall-Hudson,FVJ,MOG,2026-01-03 13:58:08.335528,2026-02-27 09:03:02.419665,553,6626,45608,Delayed
3205,"Sullivan, Frank and Henderson",HIR,IDD,2026-03-19 06:53:00.813854,2026-01-14 21:20:54.992655,296,5023,22324,On Time
3206,"Hayes, Peterson and Bowman",MOG,WPA,2026-01-08 11:19:08.814693,2026-02-22 23:18:29.422164,221,4634,29058,Delayed
3207,"Walsh, Reynolds and Flores",RWO,DVE,2026-04-01 05:49:33.011698,2026-04-08 00:10:40.628608,527,537,39358,Cancelled
3208,Contreras-Scott,HGF,BIL,2026-01-29 15:06:56.566786,2026-03-30 08:17:46.493905,40,9469,37952,Cancelled
3209,"Booker, Shepard and Romero",ZSP,PIC,2026-03-04 21:01:10.891068,2026-01-17 08:49:51.964099,254,1455,48734,On Time
3210,"Young, Thomas and Holder",CBZ,JVG,2026-01-14 02:20:07.401887,2026-03-10 07:20:52.022554,374,8707,33908,On Time
3211,Carroll-Sanchez,AMB,CPL,2026-03-11 05:39:00.963662,2026-01-01 06:06:38.321429,294,5499,12136,On Time
3212,Williams Group,SXE,RCJ,2026-03-03 10:59:05.903757,2026-04-07 06:05:35.174951,434,4332,29534,Cancelled
3213,"Zavala, Chen and Mercado",HVC,MOG,2026-02-16 22:47:51.549195,2026-03-23 09:22:22.329957,430,4316,42078,On Time
3214,Lee and Sons,DPO,IAL,2026-03-30 08:13:54.609928,2026-03-25 18:59:44.562892,538,4729,19942,On Time
3215,"Cobb, Sanchez and Brown",AJM,EDQ,2026-03-18 03:51:29.466349,2026-02-22 10:14:09.419313,317,1388,46569,On Time
3216,Holmes-Anderson,LFV,ZTI,2026-02-07 15:30:46.227282,2026-02-08 01:04:10.813709,347,4975,22583,Cancelled
3217,Acosta-Smith,OJV,HZN,2026-02-23 02:05:26.197864,2026-02-22 18:37:05.127871,104,1602,17110,Delayed
3218,"Wilcox, Rodriguez and Garcia",XTO,OIN,2026-04-04 10:28:53.190392,2026-03-02 23:02:56.383818,240,3008,46699,Cancelled
3219,Ramirez Inc,MZE,SAZ,2026-03-04 14:27:30.450577,2026-01-24 07:44:49.288425,488,2899,46917,Delayed
3220,Hebert PLC,KBO,FFE,2026-01-03 16:16:26.817948,2026-02-05 01:22:12.722477,79,6555,41453,Cancelled
3221,Butler Ltd,HVC,UDQ,2026-03-17 19:47:51.505302,2026-01-01 10:01:47.299001,400,4964,15843,Cancelled
3222,Williams-Graham,DFB,IDD,2026-02-12 13:34:16.749156,2026-01-09 16:29:16.938475,552,3348,8067,Cancelled
3223,Rubio LLC,VPC,QZD,2026-03-23 07:00:22.011201,2026-01-03 19:18:55.526744,92,1342,48861,On Time
3224,Schaefer-Gibson,TOJ,RXN,2026-01-17 07:55:03.866845,2026-01-14 15:09:29.907985,574,7957,48331,Cancelled
3225,"Farrell, Lewis and Benjamin",HPX,XRZ,2026-03-27 04:15:36.819797,2026-02-24 13:29:45.113141,360,6917,13039,Delayed
3226,"Cook, Larson and Rasmussen",WJU,NLB,2026-03-07 05:28:24.341365,2026-03-17 04:32:37.279213,30,7686,13981,Delayed
3227,"Watts, Gonzales and Blair",FIA,XOR,2026-02-26 10:10:36.471741,2026-01-30 00:32:04.536227,533,443,48424,Delayed
3228,Hughes-Wheeler,EMQ,UPB,2026-01-02 21:36:32.150370,2026-02-14 02:49:00.268976,55,418,22871,Cancelled
3229,"Mccoy, Jensen and Hull",MZE,SJZ,2026-02-07 21:11:17.995941,2026-02-10 13:34:02.975134,171,6211,34543,On Time
3230,"Smith, Hill and Bartlett",GQT,YNZ,2026-01-06 11:51:17.256339,2026-01-30 08:29:38.532072,80,8586,21858,On Time
3231,"Snyder, Yates and Chavez",HOG,MOG,2026-03-03 17:53:15.241666,2026-03-09 11:24:22.443067,359,3228,31279,Cancelled
3232,"Reynolds, Mccormick and Burns",AOQ,HOR,2026-02-20 02:18:26.315176,2026-01-13 00:35:58.997689,550,8743,41688,Delayed
3233,"Pennington, Huang and Moore",RCJ,NYP,2026-02-24 10:22:09.397263,2026-02-03 16:49:48.824641,137,447,42764,Cancelled
3234,Luna and Sons,OWC,PMA,2026-02-27 18:54:29.780601,2026-03-05 19:55:16.417937,31,718,17477,Delayed
3235,Moore-Murphy,GHQ,BJW,2026-02-13 06:01:47.151367,2026-04-07 04:41:36.995035,169,3439,16727,Delayed
3236,Short Inc,JEA,IAL,2026-02-16 04:53:37.786743,2026-04-02 00:28:48.836311,509,2208,10704,Delayed
3237,"Mason, Pope and Jones",MZH,ZIB,2026-03-26 17:54:47.782527,2026-02-05 13:03:16.428413,309,6520,32527,Delayed
3238,"Barber, Gibson and Clark",UZS,ZUD,2026-01-23 18:21:38.799371,2026-01-12 06:30:42.999730,190,2682,6055,Delayed
3239,"Jensen, Aguilar and Lane",MVU,XJB,2026-03-27 19:19:59.748768,2026-01-08 11:35:44.423167,394,4647,48585,Cancelled
3240,"Thompson, Park and Dixon",WJU,HUX,2026-01-04 08:53:18.854079,2026-01-18 19:09:54.685393,155,4858,18026,Cancelled
3241,Young LLC,RWO,YTN,2026-03-22 00:08:57.600803,2026-01-11 15:50:40.900781,372,6160,14455,Cancelled
3242,Owens Inc,RFL,FPG,2026-02-21 05:30:34.372148,2026-03-06 19:00:36.243063,200,1653,33864,Cancelled
3243,Gates Ltd,QFJ,XTO,2026-02-03 01:58:13.156864,2026-02-26 06:50:28.056881,554,2182,36309,Cancelled
3244,Collins-Moore,OWC,QZZ,2026-01-06 04:50:04.061801,2026-01-23 21:48:17.282651,471,4581,7542,Delayed
3245,"Guerrero, Santana and Thomas",HVM,MVU,2026-01-27 20:27:34.190219,2026-02-05 14:44:31.256182,354,9449,15692,On Time
3246,Hanson Group,IAL,JEO,2026-03-28 16:07:52.799058,2026-02-13 16:10:56.976957,531,4920,3909,Delayed
3247,Ochoa-Barry,ANH,KBO,2026-01-30 05:24:52.203777,2026-01-15 11:25:55.433997,459,8361,18716,Cancelled
3248,Rice Inc,AJM,WMQ,2026-02-24 18:11:45.366543,2026-02-09 13:05:14.275853,60,9555,21548,Delayed
3249,Bauer Inc,DNK,YVL,2026-04-05 12:05:58.956598,2026-03-07 21:19:37.618731,218,5429,36083,Cancelled
3250,"Chavez, Robinson and Ramirez",HZN,QZD,2026-03-25 05:03:12.022904,2026-01-25 15:15:53.185386,556,5522,41761,On Time
3251,Grant-Hayes,TOJ,WAX,2026-03-21 07:13:55.206367,2026-03-01 04:58:17.573621,185,2334,26207,On Time
3252,Davis-Lamb,UUO,EMT,2026-03-04 08:59:29.052010,2026-01-27 22:24:29.267875,483,8620,36127,Cancelled
3253,"Figueroa, Cooper and Stokes",DHB,HOR,2026-03-17 09:23:40.366270,2026-03-25 23:51:43.014288,545,5181,5193,On Time
3254,Clark LLC,YLF,HFX,2026-01-14 11:08:56.657992,2026-03-08 08:38:54.904343,216,4832,11130,On Time
3255,"Johnson, Jones and Henry",XQD,EDQ,2026-02-25 02:29:52.744705,2026-01-20 12:09:03.245764,508,5646,15804,On Time
3256,Barrett Ltd,BIL,XTO,2026-03-23 02:47:33.464622,2026-03-15 13:25:32.431275,286,8495,18062,Cancelled
3257,"Gardner, Henderson and Todd",HZK,UHK,2026-01-28 17:21:23.987867,2026-01-20 06:14:32.996876,380,2635,4318,On Time
3258,Perez-Smith,MVU,YDU,2026-02-24 19:42:28.876675,2026-01-25 14:45:00.337708,567,2276,31464,Cancelled
3259,Orr-Johnson,HOG,MAF,2026-04-01 17:25:20.656469,2026-03-16 08:57:29.686180,57,9278,9953,Cancelled
3260,Weeks PLC,IDD,BZQ,2026-03-16 04:44:05.616692,2026-02-05 23:42:15.241217,259,3571,11915,Delayed
3261,Gallegos PLC,EDQ,OTP,2026-02-26 05:15:44.072842,2026-03-22 06:15:47.134975,176,4203,13045,On Time
3262,"Robertson, Mcdonald and Turner",VPZ,KHA,2026-02-08 15:12:10.935163,2026-01-10 15:44:44.697385,335,6294,39702,Delayed
3263,Flynn Group,OLP,HOR,2026-03-26 06:22:05.411159,2026-01-01 03:58:13.895308,165,7959,32730,On Time
3264,Sanders-Franklin,GYR,XTO,2026-01-09 20:20:22.630163,2026-03-14 00:03:47.829862,263,4518,42009,Delayed
3265,Porter-Miller,ESX,FYW,2026-01-18 06:42:13.772682,2026-03-26 10:03:09.389124,393,765,10132,Cancelled
3266,Keller-Norman,RCJ,AOQ,2026-03-23 08:04:48.191710,2026-04-06 15:28:29.213727,200,3383,27409,Cancelled
3267,"Navarro, Parker and Mcbride",ARU,YTN,2026-02-13 06:50:59.666976,2026-03-07 10:10:13.916796,115,7510,48366,On Time
3268,Duffy-Estrada,VAA,PIV,2026-02-18 03:09:50.081867,2026-03-18 16:10:44.329962,562,6088,10292,Delayed
3269,"Smith, Warren and Schneider",PIV,AJM,2026-03-17 18:26:16.003715,2026-02-28 17:16:21.865525,279,9006,7180,Delayed
3270,Pierce-Mcdonald,XYB,GQT,2026-02-21 00:33:21.272783,2026-03-30 06:38:53.940063,340,4166,45072,Cancelled
3271,Martin-Morgan,DBH,GGR,2026-03-10 02:59:56.034962,2026-03-31 22:12:35.075286,514,6877,29481,Delayed
3272,Anderson-Contreras,FCG,JBR,2026-01-29 22:44:57.643769,2026-01-08 05:33:48.764101,277,2956,45600,Delayed
3273,Bishop LLC,QEH,AOQ,2026-03-01 12:18:03.447694,2026-01-11 12:15:41.011073,576,3275,28315,Delayed
3274,"Wilson, Brown and Kelley",MNZ,GQT,2026-03-03 05:19:13.648070,2026-01-07 10:21:11.132813,311,5632,42147,Delayed
3275,Burns-Miller,QUE,XTO,2026-01-18 18:42:36.399718,2026-03-19 10:21:06.737937,388,4121,13264,On Time
3276,"Johnson, Hammond and Williams",HVG,YVL,2026-01-12 16:19:00.507615,2026-01-10 06:20:32.412107,355,4855,6088,Delayed
3277,Burton Ltd,KLN,VFJ,2026-01-16 17:28:25.042561,2026-03-23 18:45:58.945593,148,9377,34182,Cancelled
3278,Graves-Pennington,ANH,VBS,2026-01-13 09:47:49.155482,2026-01-17 01:06:23.394791,183,8775,15780,Delayed
3279,"Garcia, Wallace and Phillips",RFS,RWO,2026-01-23 23:26:29.157379,2026-01-13 18:36:43.100401,166,7869,13123,Cancelled
3280,Gordon-Cruz,JQG,TTI,2026-01-19 02:54:01.952932,2026-01-18 20:22:47.599100,287,917,45208,Cancelled
3281,"Harding, Butler and Johnson",QST,XNP,2026-02-06 14:31:40.458328,2026-03-07 16:49:07.690203,241,5785,40220,Cancelled
3282,Bowen-Martin,SAZ,VPZ,2026-01-05 19:17:49.907206,2026-03-15 15:46:36.743579,457,4149,46980,Delayed
3283,"Moody, Thompson and Smith",MGR,HGF,2026-03-26 17:16:39.268244,2026-03-22 21:14:30.049658,320,8033,11142,Delayed
3284,Kerr-Stevens,PIG,KRW,2026-03-02 20:39:00.743037,2026-04-08 09:38:33.250324,535,8893,43700,Cancelled
3285,Frazier-Sanchez,DPO,XNP,2026-01-16 21:12:04.896615,2026-03-08 19:12:11.210325,52,7224,24472,On Time
3286,Jones-Finley,VHB,XQD,2026-04-02 17:19:56.401982,2026-04-01 01:53:16.381054,350,2045,48375,Cancelled
3287,"Allen, Khan and Vargas",TTI,KLN,2026-03-11 15:07:26.492820,2026-03-26 09:35:58.155374,220,1980,11493,Cancelled
3288,Torres-Oneal,ZYQ,LOW,2026-01-14 02:15:05.129855,2026-01-13 23:04:37.700815,220,3013,33232,On Time
3289,"Johnson, Zhang and Mayer",ZQT,CXD,2026-02-11 06:08:25.093724,2026-02-07 01:39:45.503889,119,8487,44161,On Time
3290,"Miller, Martin and Mayer",OIN,ESX,2026-01-13 01:38:24.950039,2026-03-04 16:11:46.714024,113,1947,10159,On Time
3291,"Holt, Valdez and Buchanan",CBT,OLP,2026-03-25 17:09:26.367018,2026-01-21 15:46:13.826339,455,1285,42047,Delayed
3292,Mason Ltd,NGJ,UAI,2026-02-15 06:18:08.396820,2026-02-03 01:53:08.149256,203,6597,22441,Cancelled
3293,Wagner-Hodge,KBO,VPU,2026-01-27 04:28:29.175735,2026-02-01 23:40:14.226910,521,1187,27638,On Time
3294,Johnson-Baldwin,VLU,HVC,2026-02-05 03:59:31.509308,2026-03-14 01:27:59.024419,421,2350,43268,Delayed
3295,"Lutz, Gordon and Thomas",VPC,ZUD,2026-02-09 19:48:31.822300,2026-03-25 10:54:12.821657,173,5366,7890,On Time
3296,"Harris, Yu and Lawrence",JEO,IAL,2026-04-06 23:16:15.643348,2026-04-05 19:33:48.645097,584,3769,36731,Delayed
3297,Wyatt PLC,QNT,PXE,2026-03-29 14:29:32.888390,2026-03-16 22:31:23.282539,75,8601,37908,Delayed
3298,Brooks LLC,JBR,SAN,2026-01-13 19:55:49.945032,2026-01-31 00:38:51.895624,292,7355,34950,Cancelled
3299,"Petty, Dunlap and Lewis",DHB,LIW,2026-04-03 15:03:47.379307,2026-01-18 23:04:52.579999,185,1754,37238,On Time
3300,"Hall, Fisher and Williams",HWX,GGR,2026-04-08 04:19:23.563878,2026-01-17 00:22:53.669234,334,9328,7666,Delayed
3301,Mendez Group,JHK,RCJ,2026-03-07 10:35:28.672381,2026-01-30 06:14:24.474824,238,7991,39174,Delayed
3302,"Farmer, Torres and Bridges",PRW,HVG,2026-02-07 01:50:27.476320,2026-01-06 17:15:18.286561,581,4988,5959,Delayed
3303,Huffman Inc,OKT,XTO,2026-03-10 01:34:28.162824,2026-02-22 20:15:29.019359,307,5113,10926,Delayed
3304,"Strickland, Mejia and Stevens",NSL,DYM,2026-02-18 05:43:25.678226,2026-01-30 06:54:09.100650,304,1232,42776,Delayed
3305,Mcdonald and Sons,SLG,CEK,2026-03-31 07:45:10.360024,2026-02-04 01:46:56.548719,61,4128,47390,On Time
3306,Mills-Ware,OWC,RCJ,2026-02-14 22:34:14.165997,2026-01-10 09:17:55.276577,69,2946,24459,On Time
3307,Sloan-Gross,AOQ,OJV,2026-03-22 09:17:28.574761,2026-01-03 16:34:57.811036,578,8610,15006,Cancelled
3308,Ellis-Campbell,WJU,RWO,2026-03-07 23:19:26.115333,2026-03-24 23:08:11.660418,539,8886,8344,Delayed
3309,Wood-Woodward,DAL,WJU,2026-02-20 21:19:48.531527,2026-02-02 11:08:20.579278,352,8880,46465,Delayed
3310,Quinn-Hutchinson,QZZ,ISQ,2026-02-04 00:08:57.720043,2026-03-01 18:34:59.139527,36,3159,43158,On Time
3311,Smith Inc,XOR,FVJ,2026-01-02 21:18:04.155896,2026-02-01 19:07:54.020448,229,7714,48994,Cancelled
3312,"Hernandez, Trujillo and Lewis",QZZ,NPR,2026-03-01 16:52:15.331098,2026-02-25 12:01:49.839931,475,6083,24835,Delayed
3313,Mcdaniel Inc,HIR,VLU,2026-01-30 21:07:40.078411,2026-01-11 03:31:27.062128,46,7194,30504,On Time
3314,Zimmerman-Tucker,SJZ,HWX,2026-03-30 21:21:57.537478,2026-02-17 18:14:04.863098,323,959,17152,Delayed
3315,Mcdaniel Ltd,FFE,OKN,2026-02-06 13:44:52.887265,2026-03-29 21:46:20.510957,532,9244,45188,On Time
3316,Aguilar LLC,YLF,EDQ,2026-01-14 20:33:50.273079,2026-02-05 16:12:01.858976,437,5845,43484,On Time
3317,Reed-Carlson,VHB,OIS,2026-01-14 06:51:37.991027,2026-03-18 08:53:38.412257,218,4970,47099,On Time
3318,Black PLC,UUO,ZEI,2026-03-26 18:07:08.419930,2026-02-21 13:45:25.934471,333,1723,3461,Cancelled
3319,"Duarte, Brooks and Mejia",WAX,GYR,2026-04-03 20:53:06.616187,2026-03-14 22:09:40.126408,180,8582,22210,On Time
3320,Santiago LLC,SXE,SLN,2026-01-26 23:39:45.513218,2026-04-05 04:18:44.935114,111,1850,7856,Cancelled
3321,"Butler, Williams and Patrick",OLP,XNP,2026-03-26 18:53:33.017778,2026-02-26 21:00:59.597619,556,2292,22622,Delayed
3322,Moore-Newton,HPX,UDQ,2026-02-25 19:30:34.685776,2026-02-05 00:10:26.669088,347,4903,43912,On Time
3323,"Jackson, Lucas and Moon",CFB,ZNM,2026-03-30 16:17:55.816251,2026-01-05 09:24:36.123330,529,8566,16467,Delayed
3324,Mills-Miller,OLP,TOJ,2026-01-10 08:14:53.811208,2026-03-19 22:19:12.975166,265,7826,2409,Cancelled
3325,Davies LLC,VLU,HIA,2026-01-27 20:18:35.983665,2026-01-13 23:50:27.052686,45,3236,6819,On Time
3326,"Simmons, Lopez and Brooks",UNV,IAL,2026-02-20 23:55:11.160793,2026-01-03 11:53:03.488982,407,8780,23000,On Time
3327,"Olsen, Washington and Chavez",WUT,DVE,2026-03-09 22:10:25.014930,2026-03-12 14:15:23.940665,488,8031,22592,On Time
3328,Duffy-Greene,JHK,POL,2026-02-02 03:56:24.641658,2026-02-27 23:28:54.092487,383,666,21766,Delayed
3329,"Chavez, Wallace and Phillips",DVE,VAA,2026-01-14 07:47:40.382192,2026-01-31 09:26:02.784623,490,6103,46367,Delayed
3330,Brown-Moon,YSA,XRZ,2026-02-14 03:14:36.852254,2026-02-04 00:21:21.682891,454,3881,29400,Cancelled
3331,Oliver-Wiggins,AXF,RFL,2026-03-21 01:42:26.537936,2026-02-04 17:24:40.887832,339,4518,44348,Cancelled
3332,"Palmer, Rivera and Lewis",PIC,XYB,2026-03-27 12:48:01.544888,2026-03-31 13:46:59.235422,509,1342,33011,Cancelled
3333,"Huang, Cline and Page",HGF,OYA,2026-03-11 17:13:49.874946,2026-01-15 04:47:50.194814,523,8682,34462,On Time
3334,White Ltd,LFV,HIA,2026-03-01 03:47:07.098458,2026-03-19 09:03:36.111553,63,8452,13532,On Time
3335,Sharp-Guerrero,XRZ,MNZ,2026-02-21 05:10:41.084620,2026-04-02 09:20:51.401452,251,7755,2454,On Time
3336,Banks-Rivera,CKO,DAL,2026-02-14 12:33:22.808369,2026-01-13 02:19:20.770829,189,1472,2279,On Time
3337,Cohen PLC,ZYQ,UHK,2026-01-02 21:54:06.913540,2026-02-14 15:04:14.723926,228,8837,25165,Delayed
3338,"Webb, Torres and Hall",VPZ,YSA,2026-01-29 03:22:23.809152,2026-03-28 21:16:43.692991,205,4733,2852,On Time
3339,"Jackson, Sutton and Cobb",MZH,JQG,2026-03-07 05:40:57.909219,2026-02-01 16:10:22.408492,149,5492,25371,Delayed
3340,Hodges-Miller,PIC,JHK,2026-03-05 01:00:24.079739,2026-01-01 08:35:44.975713,306,5439,31042,Cancelled
3341,"Nielsen, Castaneda and Campbell",GYR,WMQ,2026-03-21 03:55:12.246036,2026-02-12 03:59:02.424217,41,6637,24730,On Time
3342,"Bond, Burgess and Alvarez",EDQ,RZR,2026-03-12 08:57:00.214437,2026-03-22 19:36:06.520098,473,8403,35148,Delayed
3343,Callahan Group,HVC,NRE,2026-01-07 20:24:50.147440,2026-01-21 09:26:40.124564,142,7683,2662,Delayed
3344,"Wiggins, Taylor and Day",UDQ,QAA,2026-03-02 01:12:24.853155,2026-02-02 23:27:47.833379,587,869,47073,On Time
3345,"Chandler, Lara and Reyes",FCG,POL,2026-01-16 20:29:48.485431,2026-03-27 13:35:21.949428,553,3584,40854,Cancelled
3346,Allen Inc,ARU,DFB,2026-03-09 17:52:09.146297,2026-02-19 16:15:02.609424,578,2415,41003,On Time
3347,Hardy LLC,DVE,SAZ,2026-01-22 10:37:19.714327,2026-01-21 00:47:43.447907,83,592,32130,Cancelled
3348,Foster-Parker,ZIB,VPU,2026-03-26 13:10:29.256164,2026-03-15 09:04:30.613086,498,698,12894,Cancelled
3349,Farmer Ltd,MAF,FIA,2026-01-18 13:55:03.874791,2026-01-31 13:28:21.965978,58,4817,37630,Cancelled
3350,Young Ltd,DDQ,GGR,2026-01-12 09:02:29.729973,2026-01-30 03:11:33.620562,301,7144,37716,Delayed
3351,Marshall-Pena,MZE,PRW,2026-03-27 06:14:45.118948,2026-01-27 10:22:19.292992,576,6666,3086,Cancelled
3352,Moore-Larsen,QFJ,GYR,2026-01-26 14:54:43.510720,2026-02-13 23:32:59.422254,477,460,13487,Delayed
3353,Martin PLC,YSI,HOR,2026-03-26 18:10:03.575491,2026-03-06 01:48:28.360925,182,7423,13502,Cancelled
3354,"Newman, Kane and Kim",HGF,FCG,2026-02-24 06:09:13.609646,2026-02-21 10:10:41.184139,171,5388,5201,On Time
3355,Anderson-Grant,PXE,PRW,2026-01-13 21:14:26.951275,2026-02-13 01:06:52.407270,44,8936,10313,Delayed
3356,"Robertson, Martinez and Rivera",VAZ,GQT,2026-01-02 10:29:39.232105,2026-03-18 19:56:57.606310,466,8632,14931,On Time
3357,Smith Group,VBS,HIA,2026-01-11 05:19:49.834111,2026-01-05 00:47:41.720913,556,9503,16063,Cancelled
3358,Clark-Roberson,FVJ,HIA,2026-03-14 14:05:31.619825,2026-03-16 16:42:34.859968,550,3770,47866,Delayed
3359,Bender and Sons,VLU,LER,2026-03-03 18:41:12.827385,2026-03-12 13:28:49.780105,267,2264,10519,Delayed
3360,Bradford-Pena,BJD,EMQ,2026-03-08 08:21:16.870228,2026-01-01 15:03:40.164706,489,5474,6914,On Time
3361,Strickland-Hernandez,KRW,WUT,2026-03-27 19:31:00.414564,2026-03-16 21:23:57.260338,480,2219,33773,On Time
3362,Wilson-Garrett,OLP,OKT,2026-03-03 00:16:44.061979,2026-03-27 18:46:21.278917,578,2739,43047,Cancelled
3363,Morris and Sons,TRV,OJV,2026-02-21 17:30:00.340891,2026-02-13 04:40:56.930192,342,3981,2651,Delayed
3364,Thomas Ltd,ZNM,HZN,2026-01-20 16:06:42.792906,2026-01-11 02:30:18.289258,112,673,49730,Cancelled
3365,Vazquez-Austin,OWR,IUM,2026-01-29 12:51:30.817901,2026-01-05 07:07:40.688333,193,7094,25943,On Time
3366,Griffin-Morgan,LIW,MWN,2026-02-12 16:18:47.501927,2026-02-17 17:51:49.118683,590,7622,41161,On Time
3367,"Powell, Green and Ryan",AXF,OKT,2026-03-16 00:35:16.693358,2026-02-09 02:54:03.197880,261,8763,21264,On Time
3368,Thomas Ltd,TTI,XWE,2026-02-06 06:51:23.684516,2026-03-15 21:55:57.576104,485,6611,29842,On Time
3369,Fuentes and Sons,JBR,VAZ,2026-02-19 11:04:28.290335,2026-03-16 18:02:20.497109,167,2292,44999,On Time
3370,Jones-Velasquez,HOG,HPX,2026-02-01 01:03:05.677478,2026-03-01 02:49:33.747178,242,3698,14292,Cancelled
3371,Rosario-Rivera,HZK,YVL,2026-02-14 23:54:46.757846,2026-01-30 02:14:05.830339,476,2433,2539,On Time
3372,Stewart-Jordan,UAI,YNZ,2026-04-05 06:15:14.278785,2026-02-01 04:59:30.542286,518,439,40924,Cancelled
3373,Holloway PLC,OWC,GHQ,2026-02-28 09:18:23.035011,2026-01-31 15:58:10.149066,247,6710,38260,Cancelled
3374,Bell LLC,DVE,RRZ,2026-01-10 16:28:17.751924,2026-01-10 08:49:23.195019,289,4706,8346,Delayed
3375,Miller-Garcia,PMA,HOR,2026-02-01 12:39:52.619896,2026-01-07 18:58:59.082327,530,3109,27444,On Time
3376,"Dunlap, Rogers and Palmer",CBT,VPU,2026-03-10 02:25:52.093164,2026-02-20 02:40:16.645276,415,7725,46578,On Time
3377,Garcia LLC,DHB,MVU,2026-03-04 12:24:09.051873,2026-03-18 20:05:42.118168,138,5420,27127,Cancelled
3378,Perry-Daniels,HFX,OKT,2026-01-07 13:58:11.106112,2026-01-13 23:52:48.403261,303,8384,10113,On Time
3379,Erickson Group,VXK,SJZ,2026-02-22 11:29:21.498113,2026-03-18 21:20:04.647128,333,2690,43345,Cancelled
3380,"Smith, Williams and Tapia",BJD,LOW,2026-01-30 10:45:27.289482,2026-01-03 01:00:41.222603,249,1081,47399,Delayed
3381,"Gonzalez, Wright and Garcia",JVO,LFV,2026-03-30 00:14:04.320372,2026-02-19 13:20:34.565670,595,8587,13511,On Time
3382,Jackson Ltd,DAL,JBR,2026-03-10 13:02:50.885862,2026-01-19 18:21:48.293643,410,1359,10349,Delayed
3383,Gardner-Bradshaw,DYM,DVE,2026-03-17 08:22:16.103539,2026-02-03 08:54:50.863402,163,5209,20811,Cancelled
3384,"Middleton, Davis and Johnson",ESX,HOG,2026-03-15 04:24:35.365675,2026-03-25 09:42:49.006425,110,2224,21947,On Time
3385,"Little, Parker and Schwartz",ZYQ,WJU,2026-03-28 01:50:02.589713,2026-03-27 17:09:18.080823,418,1936,42572,Cancelled
3386,Silva Inc,VPU,YTN,2026-02-28 00:10:14.989467,2026-03-07 20:08:41.895003,99,7907,23023,Delayed
3387,Griffith-Fleming,XYB,BZQ,2026-01-29 03:51:57.995516,2026-04-04 05:08:02.053013,284,355,21129,Cancelled
3388,Cohen LLC,DBH,UNV,2026-03-06 17:23:46.541268,2026-03-24 02:28:26.774162,247,6030,49168,On Time
3389,Hardy Group,NYP,NRE,2026-03-23 20:15:05.311056,2026-04-02 17:07:55.208335,108,3288,17195,Cancelled
3390,Smith-Wagner,QUE,JEA,2026-03-15 15:50:16.674698,2026-03-16 20:56:12.568350,403,7480,35669,On Time
3391,"Patton, Valentine and Cummings",QNT,UZS,2026-03-22 20:26:31.903655,2026-01-05 16:00:47.157130,130,1368,20398,On Time
3392,Morris-Rodriguez,RRZ,AJM,2026-02-11 12:34:59.267026,2026-03-25 08:47:12.059542,390,3527,8138,On Time
3393,Ferrell and Sons,TRV,MGR,2026-02-04 11:16:23.065833,2026-03-30 07:31:19.322314,179,1643,44322,On Time
3394,"Riley, Clark and Harris",XJB,FPG,2026-03-12 23:38:13.795739,2026-02-26 09:21:58.696424,175,5024,47133,Delayed
3395,Calderon-Miller,QZD,ZQT,2026-04-02 20:26:54.651805,2026-03-13 00:38:42.945947,31,1421,26190,On Time
3396,"Garrett, Morgan and Daniels",XOR,UDQ,2026-03-24 12:06:58.862231,2026-01-23 21:58:26.520970,73,5690,30027,On Time
3397,"Castro, Bradshaw and Washington",AXF,WMQ,2026-01-09 19:14:45.515537,2026-02-21 15:23:44.715873,297,2059,16375,On Time
3398,Williams LLC,SFR,MGR,2026-02-09 18:27:30.184386,2026-03-07 05:10:25.793209,188,583,2990,Cancelled
3399,Lopez-Fuentes,YSI,QST,2026-03-02 19:17:42.896618,2026-01-04 07:43:25.563937,223,7754,24327,On Time
3400,Smith-Gentry,JBR,OJV,2026-04-01 08:33:10.396794,2026-01-08 10:41:13.597191,582,6686,36635,Cancelled
3401,Morrow-Smith,UVN,MNZ,2026-03-15 16:33:19.639476,2026-01-17 21:54:39.031649,549,6483,25075,Cancelled
3402,Neal LLC,FYW,OIS,2026-01-12 15:39:36.238884,2026-01-12 15:14:08.002558,531,2376,32166,Cancelled
3403,Thompson-Smith,BJD,JEO,2026-03-28 22:10:10.452248,2026-01-09 05:32:14.243502,274,3999,27937,On Time
3404,Nelson LLC,WUT,OWC,2026-01-20 13:33:16.109795,2026-01-24 06:05:37.055336,595,6102,6990,Cancelled
3405,Gibbs-Harrell,HIR,UDQ,2026-03-10 04:17:41.161254,2026-02-13 21:06:46.016058,482,8213,13496,Cancelled
3406,Pham-Perez,VZN,DCP,2026-01-24 17:44:31.386972,2026-03-18 16:16:29.491683,522,8290,8282,On Time
3407,Pena LLC,LZQ,JVO,2026-01-24 06:05:44.609329,2026-01-25 13:29:29.390530,247,1904,18768,On Time
3408,Mcdonald LLC,ZIB,GYR,2026-02-24 07:19:44.855368,2026-04-06 11:50:46.179061,387,241,34689,Delayed
3409,Rivers Group,QZZ,NPR,2026-03-12 01:12:32.109842,2026-02-21 16:45:00.679703,564,771,3791,Delayed
3410,Fitzgerald Inc,SXE,RFS,2026-04-01 09:30:47.750271,2026-03-30 05:02:13.441952,372,5181,30403,Cancelled
3411,Morales Ltd,OWC,CKO,2026-03-31 06:41:33.049160,2026-02-15 09:50:06.858543,99,3658,36152,Cancelled
3412,Hernandez PLC,MZE,HOR,2026-01-30 17:58:24.791868,2026-02-12 06:29:37.112539,308,1983,27430,On Time
3413,Kramer Inc,YTN,CEK,2026-01-23 03:52:00.706721,2026-01-19 19:36:24.825985,87,9716,23620,Delayed
3414,Solomon Group,WAX,WUT,2026-01-09 00:57:13.267100,2026-02-03 23:14:57.384418,503,7214,38799,On Time
3415,"Dean, Coleman and Gomez",PMA,MAF,2026-02-02 23:17:28.298752,2026-03-26 16:01:10.152590,371,4376,31346,Delayed
3416,"Willis, Barnett and Holmes",VBS,HUX,2026-04-03 21:57:21.189085,2026-03-05 06:40:28.936592,187,9882,41339,Cancelled
3417,Sloan-Coleman,JEA,YSA,2026-03-11 09:06:21.276221,2026-02-26 02:30:59.305854,522,410,40565,Cancelled
3418,Thomas-Cook,XOR,OWR,2026-01-30 21:36:22.551589,2026-01-17 09:34:26.280490,63,1045,5894,Delayed
3419,Kirk Group,UAI,DHB,2026-02-20 16:31:42.460977,2026-01-21 15:18:39.916287,48,559,48224,On Time
3420,Doyle and Sons,XRZ,FCG,2026-01-04 12:10:22.793039,2026-03-19 18:12:32.117867,577,623,16335,On Time
3421,"Davis, Parsons and Cole",RCJ,SEA,2026-04-04 01:07:48.137330,2026-03-30 15:26:19.701243,194,2369,17265,Delayed
3422,Bradley and Sons,SEA,YLF,2026-01-09 20:03:58.913928,2026-01-08 05:50:59.564502,265,7916,43409,On Time
3423,Thompson Ltd,PRW,HVM,2026-02-17 11:51:04.858018,2026-02-11 16:35:31.770542,290,9700,37510,Delayed
3424,Morris-Simon,MAF,XTO,2026-03-23 03:18:26.041084,2026-02-05 19:34:30.828860,394,6013,20624,Cancelled
3425,"Baker, Roberson and Colon",JLM,VBS,2026-03-31 22:02:52.697993,2026-01-11 20:17:12.030483,169,9965,41100,Delayed
3426,Wagner-Thompson,RFS,QEH,2026-04-06 08:20:56.472853,2026-03-27 10:07:45.874706,179,1010,15336,Delayed
3427,Gardner Inc,ZIB,XJB,2026-02-18 20:07:25.938306,2026-02-28 08:16:27.475108,384,2369,48592,On Time
3428,"Walters, Willis and Jones",OJV,WMQ,2026-02-09 12:52:53.749172,2026-03-19 10:44:04.790319,47,5118,25736,Delayed
3429,Harrington-Hess,COF,OKT,2026-03-03 14:11:54.888705,2026-01-25 23:13:49.984227,427,4290,23899,On Time
3430,Madden Ltd,LER,UZS,2026-01-16 06:47:07.056077,2026-01-01 00:20:57.698298,339,1382,11334,On Time
3431,Bentley and Sons,OWR,BJW,2026-04-03 19:43:46.482834,2026-03-28 20:13:07.721865,475,1895,2638,On Time
3432,"Saunders, Rodriguez and Houston",ISQ,AXF,2026-04-04 16:18:27.116998,2026-03-24 13:06:04.907269,282,6395,2402,Cancelled
3433,"Ross, Mullins and Warren",PIC,NLB,2026-01-02 17:32:29.713841,2026-03-12 05:49:16.738903,131,4183,2333,On Time
3434,"Rodriguez, Sparks and Wright",TGY,GXQ,2026-04-05 18:22:43.636795,2026-03-30 17:03:37.572805,328,8900,25186,Cancelled
3435,"Lopez, Thompson and Diaz",QUE,OJV,2026-02-13 04:31:14.525464,2026-02-05 05:50:09.937306,367,8879,5140,On Time
3436,Jenkins-Miller,JVO,XJB,2026-03-08 06:02:10.166397,2026-01-14 08:13:38.781252,379,8845,23276,Delayed
3437,Castro and Sons,OTP,ZQT,2026-01-10 18:35:31.601204,2026-02-20 18:03:17.892574,149,674,31412,Delayed
3438,Orozco-Glenn,NSL,CYC,2026-03-16 14:43:02.976411,2026-02-03 02:24:15.936120,519,9531,2642,On Time
3439,Estrada PLC,HIA,EMQ,2026-02-02 22:05:45.030019,2026-01-14 08:27:27.930722,356,2329,15587,Delayed
3440,Riggs-Vazquez,LOW,NSL,2026-03-26 01:41:41.423126,2026-02-07 11:45:18.459341,129,5923,10619,Delayed
3441,"Smith, Rivera and Brown",XRZ,PIV,2026-03-08 09:53:32.798123,2026-03-18 12:42:11.874120,481,1774,44414,On Time
3442,Owens PLC,JHK,QFJ,2026-03-29 04:19:52.931442,2026-01-02 20:49:33.625241,583,8055,33020,Cancelled
3443,"Cooper, Huffman and Kennedy",OKT,AMB,2026-03-10 00:42:59.358723,2026-04-07 15:28:50.510907,58,2519,13760,On Time
3444,"Wilson, Wilson and Johnson",RFS,HVG,2026-04-03 20:10:21.703566,2026-02-21 16:25:29.358343,58,5001,25269,On Time
3445,Bridges-Holt,WUT,YSI,2026-03-20 00:08:15.960232,2026-03-01 04:50:18.976070,313,2865,16452,Delayed
3446,"Phelps, Davis and Collins",UVN,KHA,2026-01-04 19:19:51.505575,2026-02-27 17:16:06.069663,201,7917,8197,Delayed
3447,"Stewart, Smith and Camacho",OKN,PFQ,2026-01-28 23:38:55.257319,2026-01-29 17:44:22.820801,585,4164,40771,Delayed
3448,"Sims, Lane and Gonzalez",GGR,DFB,2026-01-02 14:27:52.272434,2026-03-05 12:35:24.405261,278,2124,11698,Delayed
3449,Jacobson Ltd,COF,PIC,2026-01-31 08:40:56.449719,2026-03-12 10:25:39.157023,343,2621,16015,On Time
3450,Miller Group,VAZ,XJO,2026-02-10 18:18:06.415804,2026-02-08 02:34:00.323660,124,5599,40607,On Time
3451,Cain-Stephens,RFL,HVC,2026-01-25 04:08:08.224995,2026-01-14 22:24:22.225519,472,9956,19557,On Time
3452,Stephenson Group,CPL,XNP,2026-02-27 15:15:25.206782,2026-01-30 00:21:51.249546,78,1715,41066,Cancelled
3453,"Sharp, Smith and Oliver",MAF,GQT,2026-03-29 02:44:42.755798,2026-01-29 19:53:58.021261,245,2832,21657,Cancelled
3454,"Camacho, Young and Mendez",HZN,FVJ,2026-01-06 06:47:00.892301,2026-02-02 10:31:24.707673,158,2013,16663,Delayed
3455,"Lopez, Allen and Shields",TRV,FYW,2026-01-02 23:01:39.399667,2026-01-14 08:21:45.838685,394,4838,47657,Cancelled
3456,Young and Sons,HVC,OLP,2026-03-30 18:39:15.306046,2026-03-05 01:10:50.730453,412,3635,9801,On Time
3457,Stark Inc,QPC,GQN,2026-04-04 08:23:39.482572,2026-03-12 01:19:17.712766,448,864,25994,On Time
3458,Smith-Scott,DAL,XRZ,2026-03-12 20:01:25.684204,2026-02-01 14:13:10.696240,497,2142,16020,Cancelled
3459,"Simon, Fisher and Santiago",RFL,VXK,2026-02-27 05:29:30.703047,2026-01-07 15:53:48.767210,117,9816,36876,On Time
3460,Forbes Ltd,LZQ,FIA,2026-03-24 06:12:24.571578,2026-03-26 11:50:13.033566,483,5337,33606,On Time
3461,"Johnson, Parker and Bryant",DHB,UZS,2026-01-02 09:48:17.263396,2026-01-10 16:09:33.934501,474,400,11742,On Time
3462,"Turner, Olson and Jackson",CBZ,AMB,2026-01-25 06:46:21.761632,2026-03-01 03:47:57.372818,78,461,31064,Cancelled
3463,"Graham, Rodriguez and Reilly",EMT,VFJ,2026-03-13 07:42:01.426674,2026-01-04 15:09:44.247276,168,5088,9111,On Time
3464,Juarez-Warner,RZR,XWE,2026-01-03 07:09:35.514236,2026-04-07 21:09:59.570791,134,9739,30806,On Time
3465,"Rodriguez, Evans and Ponce",FOE,OYA,2026-03-21 16:03:49.619970,2026-02-25 22:30:42.664050,594,6177,26823,Cancelled
3466,"Patton, Manning and Fuller",FYW,NPR,2026-03-17 10:49:52.104596,2026-01-13 03:56:54.332568,104,4442,15438,On Time
3467,Vega-Martinez,GXQ,QFJ,2026-03-14 05:23:01.483713,2026-02-10 02:32:28.058517,320,6061,23397,Delayed
3468,Barber Group,VBS,VAA,2026-04-04 05:56:17.923400,2026-02-25 12:14:38.930641,526,1123,33339,Delayed
3469,Dawson Ltd,GYR,MWN,2026-02-17 06:36:41.500966,2026-02-16 02:48:26.517927,519,8216,13877,On Time
3470,Flores-Good,MAF,VFJ,2026-01-28 10:46:16.657569,2026-03-22 21:13:29.310753,376,9308,46685,Delayed
3471,"Ross, Lozano and Morgan",FIA,ORB,2026-02-18 05:56:04.413562,2026-03-31 17:24:21.304078,107,9866,25519,On Time
3472,Craig LLC,RXN,SAN,2026-02-03 21:01:08.612415,2026-01-30 23:49:01.764539,360,4808,20916,On Time
3473,Powell PLC,CEK,DNK,2026-03-20 00:16:29.446625,2026-02-18 23:28:41.721064,177,2139,30850,On Time
3474,Gonzalez and Sons,ZNM,YNZ,2026-02-02 21:43:05.314474,2026-01-31 20:12:22.029249,96,1478,2496,On Time
3475,Morales-Hall,WJU,HIA,2026-03-06 09:26:20.901302,2026-03-22 21:16:00.037240,82,2463,5644,Delayed
3476,Alvarez-Montgomery,GQN,CBT,2026-01-01 12:01:46.249171,2026-01-27 05:26:13.717908,223,3306,48312,On Time
3477,Marshall Group,PTQ,HOG,2026-03-19 18:08:29.308754,2026-04-06 02:45:58.829524,389,3386,21958,On Time
3478,Smith-Johnson,AOQ,ZUD,2026-04-02 17:47:32.474903,2026-01-07 23:58:57.366195,302,2142,41063,Cancelled
3479,"Mann, Hawkins and Jones",VXK,MOG,2026-01-14 02:56:14.860792,2026-02-13 16:38:56.988780,573,3432,26277,On Time
3480,Mcpherson-Perez,ZSP,XQD,2026-01-02 07:07:36.145395,2026-03-18 12:32:01.185763,289,2189,45489,Delayed
3481,Grimes PLC,DFB,LIW,2026-02-13 06:53:09.002488,2026-03-12 10:56:58.165925,95,6784,41778,Delayed
3482,"Bishop, Reynolds and Vasquez",FYW,EDQ,2026-02-22 03:44:05.195930,2026-02-05 15:13:13.715822,345,895,41489,Cancelled
3483,Hill and Sons,UNV,VPC,2026-02-08 19:18:49.443417,2026-03-18 19:07:15.381123,194,9056,27115,Delayed
3484,Tate-Beltran,FOE,RXD,2026-03-14 05:30:03.392432,2026-01-25 18:32:28.682033,169,7372,18389,Delayed
3485,"Miller, Robbins and Williams",KLN,PFQ,2026-01-16 16:36:56.256843,2026-02-20 01:44:19.411189,44,1675,3085,Cancelled
3486,White PLC,QPC,NSL,2026-03-19 03:53:17.704072,2026-02-22 02:23:33.111717,500,6387,6295,Delayed
3487,Nguyen and Sons,PIC,VPC,2026-03-10 20:08:58.559810,2026-02-18 03:17:58.357195,80,5705,42454,Delayed
3488,Schultz-Wagner,XWE,LXX,2026-02-02 14:52:47.895449,2026-02-09 09:07:20.815421,186,2295,14128,Delayed
3489,Orr LLC,GQT,NGJ,2026-04-01 21:52:40.809386,2026-03-08 08:06:53.232233,565,4087,34220,Delayed
3490,Potter Group,RXN,FFE,2026-03-05 06:08:11.163450,2026-02-27 02:58:58.201530,596,200,43254,On Time
3491,Ball-Peterson,RCJ,ZUD,2026-01-24 08:44:36.383351,2026-02-16 07:01:27.369691,200,9373,9839,Delayed
3492,"Mueller, Riley and Reynolds",RXD,MGR,2026-03-27 00:18:50.983654,2026-01-28 14:48:25.180335,435,402,28087,On Time
3493,"Phillips, Smith and Herrera",ESX,EDQ,2026-02-11 06:27:45.418151,2026-02-03 01:16:20.489859,344,8945,28758,On Time
3494,"Austin, Harris and Ramos",YDU,COF,2026-03-08 04:23:56.692007,2026-02-12 13:26:59.539723,238,1850,39693,On Time
3495,Parker Inc,FVJ,GGR,2026-03-27 23:15:19.901341,2026-03-19 11:00:57.987263,86,6706,12366,Cancelled
3496,Ruiz PLC,ZSP,VPU,2026-03-09 04:56:01.726034,2026-03-14 19:06:24.812147,155,5869,15270,On Time
3497,Schmidt-Zamora,NGJ,UHK,2026-03-04 10:27:53.874214,2026-01-25 09:52:02.388899,405,5167,13338,On Time
3498,"Shaffer, Murphy and Williams",DCP,KBO,2026-02-26 13:58:53.495353,2026-01-28 02:59:05.852726,449,8459,5817,Delayed
3499,Perry-Lewis,VFJ,ZIB,2026-01-24 03:05:46.730786,2026-01-17 21:33:22.128502,450,6207,21057,Delayed
3500,Walker-Lang,AOQ,KHA,2026-03-11 13:27:06.880862,2026-02-27 08:35:39.052106,181,3321,44190,On Time
3501,Hale-Lopez,MWN,LER,2026-03-02 06:50:18.921422,2026-01-02 14:25:44.580047,551,331,7484,On Time
3502,"Kelly, Watson and Roberts",QZZ,PIV,2026-02-03 23:54:15.054440,2026-02-22 06:35:30.145358,266,7284,6978,Cancelled
3503,Brown-Warren,FYW,CKO,2026-01-26 12:15:29.841926,2026-01-27 08:03:08.882197,244,3557,28046,On Time
3504,Knox Ltd,DBH,DAL,2026-03-29 17:47:32.180332,2026-01-12 07:42:20.824157,112,9472,43664,Cancelled
3505,Joyce-Parker,HFX,JDM,2026-01-11 11:00:58.565833,2026-01-16 21:48:58.900590,346,4267,6616,On Time
3506,"Neal, Edwards and Meadows",DFB,QZD,2026-03-01 09:34:28.709878,2026-03-02 21:28:34.166764,596,3305,41046,Cancelled
3507,Rogers PLC,EMT,XRZ,2026-02-02 18:12:39.151946,2026-03-27 06:47:32.828487,357,2869,23237,On Time
3508,Johnson LLC,VFJ,NLB,2026-03-09 10:17:59.743462,2026-02-10 03:00:52.190756,404,6852,44460,Delayed
3509,Bright and Sons,CFB,ZIB,2026-02-28 13:15:05.583506,2026-01-05 07:30:10.181216,169,8325,17451,Cancelled
3510,King-Dickson,SJZ,BZQ,2026-04-07 15:07:35.478851,2026-03-10 17:16:31.405973,213,3241,22377,On Time
3511,Wheeler Ltd,OIS,HGF,2026-02-01 13:11:40.770700,2026-02-05 10:32:36.971866,339,8087,17977,Delayed
3512,Walsh Group,LIW,UZS,2026-03-19 19:17:25.383587,2026-02-02 01:07:12.821937,382,2064,2828,Delayed
3513,Murphy-Brown,PXE,HOG,2026-02-03 04:37:15.652397,2026-02-27 03:42:35.612184,213,6512,37263,On Time
3514,Henry-Berry,DPO,CEK,2026-02-07 21:26:19.798445,2026-04-04 00:44:22.945918,521,7178,31716,On Time
3515,Martinez Ltd,AAU,NYP,2026-01-23 17:52:23.920802,2026-03-07 05:18:22.066929,578,1267,19360,Cancelled
3516,Baker-Mitchell,RZR,VLU,2026-01-14 21:07:42.478305,2026-03-07 22:26:22.742669,535,1476,20473,Delayed
3517,"Freeman, Barrera and Lopez",BZQ,DPO,2026-03-24 18:35:18.713506,2026-02-19 02:14:33.408519,118,3342,10527,Cancelled
3518,Walker and Sons,CKO,BIL,2026-04-05 08:31:38.798641,2026-03-27 17:27:58.828496,118,8329,35214,On Time
3519,Collins LLC,QST,HVM,2026-02-24 01:03:26.137885,2026-02-09 03:02:08.427285,479,2258,17808,Delayed
3520,Phillips-Price,ANH,XWE,2026-02-20 09:18:53.641133,2026-02-07 05:06:02.191184,367,8762,13334,On Time
3521,Ritter LLC,HIA,NPR,2026-01-24 11:07:58.058242,2026-02-28 09:30:46.562727,60,2058,5970,Cancelled
3522,Myers PLC,KRW,LER,2026-03-30 13:29:18.214479,2026-02-07 06:39:09.999675,404,4216,2957,Cancelled
3523,Nguyen Inc,MOG,RXN,2026-03-23 15:51:24.529234,2026-01-25 03:06:01.126562,393,3657,15812,On Time
3524,Myers and Sons,NSL,BJD,2026-03-03 20:07:58.190820,2026-01-14 22:15:33.050052,568,3754,33580,Delayed
3525,Diaz PLC,MGR,BJW,2026-03-02 17:33:21.825608,2026-02-02 22:20:05.275579,168,5591,7242,Cancelled
3526,Eaton-Roberson,HVG,YLF,2026-02-11 10:27:52.105023,2026-03-21 02:07:08.427378,459,8441,8219,On Time
3527,"Elliott, Wallace and Wallace",MAF,UPB,2026-02-22 05:40:49.316738,2026-03-13 05:46:51.240814,474,4018,49214,On Time
3528,"Rodriguez, Peterson and Taylor",FIA,NYP,2026-03-24 00:55:23.391567,2026-03-09 01:50:42.563003,218,6982,27231,Delayed
3529,Brown-Clark,VXK,JVO,2026-02-23 14:26:11.456944,2026-01-25 21:49:33.027354,452,1674,12695,Cancelled
3530,"Fowler, Thompson and Nelson",QEH,VPU,2026-04-08 05:48:40.892929,2026-01-18 18:50:40.351702,483,578,12871,On Time
3531,Olson-Martinez,HZK,NLB,2026-01-24 22:19:44.312470,2026-03-09 02:20:48.565167,473,4703,8949,Cancelled
3532,"Singleton, Oneill and Richardson",HPX,SEA,2026-02-12 03:48:40.189418,2026-01-21 15:20:38.517447,91,3504,24689,Delayed
3533,Martinez PLC,QEH,OKN,2026-02-25 21:56:34.394615,2026-03-09 15:08:02.114844,440,2301,39815,Delayed
3534,Stewart Inc,QFJ,NPR,2026-03-20 01:56:03.649227,2026-04-04 04:24:01.321960,162,5611,17387,Cancelled
3535,"Robertson, Perez and Lamb",OLP,PXE,2026-01-23 05:48:42.862056,2026-03-27 08:23:00.852345,81,9609,48420,Delayed
3536,Garcia-David,IDD,TRV,2026-03-17 05:52:35.995463,2026-02-07 18:53:00.984711,491,2238,37347,Delayed
3537,Wolfe Inc,QZZ,RXN,2026-02-16 22:25:07.184289,2026-02-13 06:28:56.465455,226,2345,28973,Cancelled
3538,Hamilton-Martin,CBT,DFB,2026-01-02 20:08:17.231368,2026-02-23 03:52:33.503415,489,8212,37256,Cancelled
3539,"Clark, Weeks and Hoover",RFS,XJB,2026-03-27 11:20:11.374798,2026-02-19 16:07:41.990949,216,8644,16541,Cancelled
3540,Garza-Mcintyre,LOW,VLU,2026-03-16 04:31:26.702598,2026-02-27 17:07:13.831979,324,2513,31608,Delayed
3541,Farmer LLC,SEA,RZR,2026-03-22 00:13:28.923559,2026-02-25 15:05:25.703868,543,4499,24728,Cancelled
3542,Lane and Sons,DCP,VFJ,2026-01-08 03:04:19.426743,2026-03-31 19:58:39.431481,488,9104,6438,Delayed
3543,Robinson Inc,OWR,KBO,2026-03-31 23:20:32.769704,2026-02-11 02:37:04.606173,585,5643,17787,Cancelled
3544,Roberts-Davis,DVE,OLP,2026-01-26 17:52:20.251149,2026-01-07 01:11:32.352272,235,5183,8716,On Time
3545,"Moody, Johnson and Norman",KHA,CPL,2026-01-25 09:32:08.091135,2026-03-27 18:10:07.756741,268,7955,10917,Delayed
3546,"Cunningham, Simpson and Graham",VLU,JLM,2026-01-08 05:13:02.165465,2026-01-13 07:30:42.938481,271,1553,5989,Cancelled
3547,"Jones, Collier and Zamora",DBH,BZQ,2026-02-07 14:09:51.410811,2026-03-02 09:16:20.934734,313,836,2815,Delayed
3548,Sparks-Hampton,LZQ,OYA,2026-03-11 05:24:28.515157,2026-03-16 23:45:51.350855,511,8385,5436,On Time
3549,Barnes-Gomez,XQD,GQT,2026-02-21 01:15:39.341833,2026-02-11 14:12:57.678393,68,6857,23742,Cancelled
3550,"Evans, Bailey and Boyle",JLM,OWC,2026-03-23 05:16:02.527107,2026-02-26 08:41:41.826480,289,2000,25323,Cancelled
3551,Cooper LLC,LER,EDQ,2026-01-14 02:06:19.398023,2026-02-18 19:40:33.532789,526,3361,29852,On Time
3552,Tran-James,VAZ,JQG,2026-03-22 06:20:16.966899,2026-02-25 17:54:08.122108,392,6873,39672,Delayed
3553,"Delacruz, Burton and Stephenson",POL,HVM,2026-02-18 08:00:59.143655,2026-02-09 10:53:58.331562,450,3189,30407,On Time
3554,Mitchell Ltd,VPU,AAU,2026-03-22 23:21:19.782526,2026-02-18 07:27:44.671451,128,3974,7981,Delayed
3555,"Davenport, Wiley and Sanders",ZNM,DNK,2026-02-23 23:38:49.411651,2026-01-01 14:58:03.570215,169,3152,12887,Cancelled
3556,"Smith, Gonzalez and Adams",CFB,WAX,2026-02-09 21:09:33.859559,2026-03-27 00:33:36.162900,112,8903,21542,On Time
3557,"Tanner, Farley and Durham",MWN,RXD,2026-04-08 04:38:28.604895,2026-01-25 09:36:41.081061,510,7462,30085,On Time
3558,Wallace-Edwards,NPR,YLF,2026-03-30 04:59:04.648482,2026-04-03 22:14:33.289268,459,2018,10506,On Time
3559,"Flores, Dillon and Barnes",TOJ,MWN,2026-02-02 04:57:03.736231,2026-04-06 23:24:54.409190,43,8216,32193,Cancelled
3560,"Lara, Brock and Russell",MNZ,SEA,2026-03-05 01:58:06.097276,2026-03-25 07:58:08.148879,431,9744,9597,On Time
3561,Collins Ltd,IUM,HIA,2026-02-20 08:22:05.632855,2026-01-01 21:17:01.486659,422,1780,11837,Delayed
3562,Schwartz-Evans,TGY,HIA,2026-01-16 08:37:48.320141,2026-01-24 18:18:44.895368,517,3473,29624,Cancelled
3563,Norman Inc,HZK,NYP,2026-02-24 01:22:47.162474,2026-01-16 04:44:44.746259,248,6074,24349,On Time
3564,Ryan Ltd,CBZ,LIW,2026-02-11 14:23:29.938569,2026-01-04 16:31:04.555677,246,4208,3097,Delayed
3565,Hicks-Cox,YDU,OWR,2026-03-06 06:19:32.066390,2026-01-07 16:03:55.004660,309,8721,31703,Cancelled
3566,"White, Jones and Gutierrez",CKO,GQN,2026-03-13 20:16:25.038175,2026-03-31 11:24:38.752448,556,4380,45688,Cancelled
3567,Velasquez LLC,IAL,KRW,2026-03-26 13:10:06.133807,2026-02-16 03:50:53.999857,123,2404,45149,Delayed
3568,Lopez LLC,PIG,CKO,2026-02-19 08:18:35.964858,2026-01-22 17:10:22.939655,523,8021,40548,Cancelled
3569,Butler Inc,NRE,UPB,2026-03-14 11:14:23.689448,2026-01-04 23:37:06.296817,529,8658,23584,Delayed
3570,Thomas LLC,RWO,JLM,2026-03-20 12:13:28.311692,2026-03-07 18:49:37.158122,126,9989,43534,Delayed
3571,"Medina, Martin and Murphy",HGF,MVU,2026-04-08 10:27:32.501711,2026-03-05 16:35:40.276983,370,2069,48534,Cancelled
3572,Jenkins-Henderson,HFX,ZQT,2026-01-11 08:18:13.123024,2026-02-13 22:45:41.545117,586,1616,37170,Delayed
3573,Wilcox Ltd,NGJ,GQT,2026-01-21 00:24:18.184847,2026-03-31 02:46:36.344643,144,2354,27343,Delayed
3574,Adams and Sons,RWO,ARU,2026-02-12 12:03:24.174327,2026-01-14 14:18:42.998510,112,9505,33370,On Time
3575,"Davis, Daniel and Walton",EDQ,OIN,2026-01-03 05:06:17.896082,2026-04-03 07:55:56.308373,200,7790,15113,On Time
3576,"Wood, Thompson and Sparks",BZQ,ZEI,2026-01-21 12:42:35.160623,2026-03-09 08:26:19.177528,147,4697,33364,Cancelled
3577,Perry-Mendez,ESX,QST,2026-03-31 23:18:03.827770,2026-01-31 12:28:41.501316,541,8159,38081,Cancelled
3578,Donaldson-Ortiz,AXF,ZNM,2026-02-17 04:19:25.748045,2026-03-13 16:41:46.716795,298,4985,19491,Delayed
3579,Hester-West,SFR,TGY,2026-01-16 12:08:19.253761,2026-02-02 01:36:27.579414,122,4266,19352,Delayed
3580,"Acosta, Fuller and Carlson",FOE,POL,2026-02-08 02:38:23.208559,2026-04-06 10:04:17.746775,482,5315,4082,Cancelled
3581,Lee-Pierce,DCP,CBZ,2026-02-11 18:28:36.871099,2026-04-06 10:34:37.846389,309,6015,19948,Delayed
3582,Myers-Taylor,RFS,IDD,2026-01-31 04:57:08.015773,2026-02-19 01:09:48.255302,144,9800,42811,On Time
3583,"Reyes, Valentine and Adkins",MWN,BJW,2026-01-22 14:15:25.757510,2026-03-26 17:12:50.724321,48,774,8531,On Time
3584,Hoover Inc,PRW,RZR,2026-02-11 09:26:14.561973,2026-03-25 05:05:12.901516,415,1317,13113,Cancelled
3585,Davis PLC,MWN,GGR,2026-01-16 18:20:10.782551,2026-03-19 07:23:08.640173,234,4640,20384,Cancelled
3586,"Frye, Johnson and Duncan",WPA,VAA,2026-03-23 23:05:42.713358,2026-02-10 01:35:56.146971,600,7673,41529,Delayed
3587,Ramirez LLC,CKO,WUT,2026-02-15 02:30:53.103599,2026-02-16 00:25:49.515353,229,9912,9981,On Time
3588,Williams and Sons,GXQ,QUE,2026-02-19 22:49:20.578078,2026-03-24 07:00:46.763696,410,8747,15963,Delayed
3589,"Hamilton, Mccann and Lopez",RFL,KFP,2026-01-12 16:23:29.916632,2026-02-13 15:44:33.246563,567,9023,9746,Delayed
3590,"Madden, White and Singleton",HWX,OIS,2026-01-02 23:48:57.650496,2026-02-06 14:30:29.006527,574,5242,32072,Delayed
3591,"Floyd, Green and Cohen",GGR,DHB,2026-01-29 04:05:01.720003,2026-02-20 12:02:16.332982,125,4763,2753,Cancelled
3592,Lloyd Group,RWO,KFP,2026-02-09 08:45:05.291909,2026-01-26 00:23:54.916347,348,2325,28567,Delayed
3593,"Gutierrez, Morgan and Rodriguez",PIG,YSI,2026-02-22 13:38:46.088695,2026-02-22 18:42:26.828007,233,8115,19066,Cancelled
3594,Robinson and Sons,QNT,QST,2026-03-22 16:47:25.181614,2026-02-25 05:43:08.983371,465,725,25246,On Time
3595,Warner Ltd,HZN,PMA,2026-03-10 18:35:53.173128,2026-01-22 10:08:56.516605,434,5720,28760,On Time
3596,Montgomery PLC,NGJ,FOE,2026-01-12 20:20:48.660686,2026-02-24 07:49:49.881762,322,5930,2562,Delayed
3597,Buck Ltd,HGF,WPA,2026-03-19 03:23:54.717517,2026-03-18 05:02:40.611292,263,8672,10331,On Time
3598,Turner-Lee,MWN,PMA,2026-01-18 11:01:07.628600,2026-02-11 13:44:20.522967,531,8973,10042,Delayed
3599,"Alvarez, Hill and Nguyen",WAX,PFQ,2026-02-10 05:57:57.752244,2026-01-16 06:01:48.035143,448,3691,41168,Cancelled
3600,Perry PLC,GQT,CBT,2026-02-12 09:39:26.901432,2026-02-02 02:47:09.905791,65,3855,23934,Cancelled
3601,"Wyatt, White and Campbell",EDQ,ZTI,2026-02-04 08:47:44.319973,2026-04-03 03:39:34.444339,169,8959,2424,Cancelled
3602,Fuller LLC,FCG,OWC,2026-02-23 18:11:02.371639,2026-01-15 09:08:19.910757,448,5157,21982,Delayed
3603,Hurst PLC,VPC,CEK,2026-03-13 20:33:47.873806,2026-01-21 08:58:51.352787,190,6328,9702,Delayed
3604,"Williams, Byrd and Brown",QUE,HIA,2026-03-27 00:31:06.982930,2026-02-16 00:33:28.696380,407,1468,35261,Delayed
3605,"Trujillo, Gordon and Scott",DDQ,UNV,2026-03-01 02:52:50.269170,2026-03-29 00:30:05.506822,232,8504,26692,Delayed
3606,Banks-Daniels,VLU,LER,2026-01-06 01:26:11.239232,2026-04-06 14:13:27.089450,210,625,11798,Cancelled
3607,Yoder-Howard,SAZ,UUO,2026-01-31 14:19:23.345409,2026-02-17 15:37:23.988465,527,990,39908,On Time
3608,"Booth, Diaz and Arias",WUT,VFJ,2026-03-20 05:25:55.377270,2026-02-20 12:25:14.300041,567,3143,19212,Cancelled
3609,Flores Ltd,FCG,JQG,2026-03-10 22:37:26.039836,2026-04-01 10:23:56.009115,133,6722,47952,Cancelled
3610,"Gutierrez, Lopez and Graham",HIA,PRW,2026-01-31 15:19:54.225389,2026-02-15 01:51:52.175617,276,2856,17798,Cancelled
3611,Wood LLC,PIG,SAZ,2026-02-26 23:54:49.562327,2026-02-19 20:38:12.709051,66,7480,12375,Delayed
3612,Garcia-Velez,VPU,RXN,2026-02-16 01:17:05.670337,2026-02-17 02:26:53.795296,435,1738,9086,Cancelled
3613,Carroll Ltd,FVJ,GQT,2026-01-02 08:26:54.562260,2026-01-18 16:08:23.632363,52,2990,47794,Delayed
3614,Malone Ltd,WJU,PXE,2026-01-25 17:47:35.754352,2026-03-25 07:24:37.007485,166,8388,39271,Cancelled
3615,"Aguilar, Hernandez and Walters",VXI,CYC,2026-01-14 18:44:05.028021,2026-02-24 19:51:08.378460,94,276,39786,On Time
3616,Davis-Navarro,XOR,HPX,2026-03-21 20:36:02.653415,2026-02-15 12:25:10.095408,489,1732,8824,Cancelled
3617,Brown-Allen,HOG,VLU,2026-01-16 18:53:38.956385,2026-03-18 12:34:46.866560,220,2698,31676,Delayed
3618,Lewis Inc,WPA,JHK,2026-03-25 20:22:16.625860,2026-03-09 07:56:04.974782,131,531,35261,On Time
3619,Arnold Ltd,VPZ,XYB,2026-02-13 03:57:09.949946,2026-02-06 20:16:07.276947,469,3381,42590,On Time
3620,Koch PLC,ZNM,RML,2026-01-26 10:42:36.804684,2026-01-20 15:35:30.067199,122,9909,15312,Cancelled
3621,"Ashley, Anderson and Morales",PIC,VPZ,2026-01-20 07:49:56.828952,2026-02-06 16:00:25.823247,488,6972,21529,Delayed
3622,"Cooper, Ortiz and Russell",IUM,UAI,2026-03-30 14:53:01.338232,2026-03-20 05:44:39.436073,516,2114,30270,On Time
3623,"Greene, Jackson and Jones",PMA,NYP,2026-01-20 17:01:03.526511,2026-02-25 13:22:55.267081,318,4206,28188,On Time
3624,"Figueroa, Brooks and Jones",DAL,ISQ,2026-02-15 07:54:34.313540,2026-02-04 14:54:46.025034,225,7092,44860,Delayed
3625,Peterson-Kirby,QUE,CEK,2026-03-09 15:02:03.679752,2026-02-23 09:11:40.107612,425,7107,30958,On Time
3626,"Frazier, Miller and Keith",FYW,WPA,2026-03-29 11:05:31.025238,2026-03-16 17:38:10.717022,506,2020,2138,Delayed
3627,Blanchard-Fowler,DBH,XWE,2026-02-11 10:02:41.366524,2026-01-12 09:04:36.566381,297,7227,10451,Delayed
3628,Rodriguez-Smith,SAN,YSA,2026-02-12 14:12:29.955405,2026-01-28 16:06:41.807765,587,7279,41756,Delayed
3629,"Bonilla, Phillips and Adams",SLG,HZK,2026-04-05 04:26:32.443935,2026-03-25 03:57:54.836725,52,6226,36538,Cancelled
3630,"Smith, Harvey and Harris",LER,PIG,2026-02-04 07:35:27.447862,2026-03-05 21:26:50.523958,271,1296,5670,Delayed
3631,"Stone, Rodriguez and Martin",KLN,DFB,2026-02-17 10:05:27.283191,2026-01-27 12:19:29.814876,114,4913,19778,Delayed
3632,Snyder Group,QFJ,FIA,2026-01-29 17:19:07.677159,2026-01-01 12:33:14.144623,109,6104,15539,Cancelled
3633,Duffy-Villarreal,CBZ,NLB,2026-02-11 21:07:19.131998,2026-03-23 17:53:15.482008,113,3459,45031,On Time
3634,"Vance, Haynes and Page",BIL,XYB,2026-01-04 13:52:11.477604,2026-01-16 13:05:09.002851,196,4466,29150,Delayed
3635,"Gould, Lowe and Long",EMQ,UDQ,2026-01-31 19:03:08.916307,2026-01-17 16:59:37.692130,288,4432,21883,Cancelled
3636,Mason Inc,HVG,FPG,2026-02-15 19:51:40.253001,2026-02-03 10:06:29.995400,414,5624,2741,On Time
3637,Travis LLC,DDQ,UAI,2026-02-05 12:02:05.741082,2026-03-10 20:57:36.272174,233,394,19036,Delayed
3638,"Conway, Larson and Patrick",YSA,XJB,2026-02-04 23:23:37.384999,2026-03-23 16:17:42.083830,516,943,31858,On Time
3639,Griffin-Glenn,IUM,AOQ,2026-01-27 00:26:12.055565,2026-01-30 11:02:58.261152,600,4491,3369,On Time
3640,Roach Ltd,CFB,QEH,2026-02-23 10:25:26.640523,2026-03-26 00:03:44.739416,464,3086,34093,Cancelled
3641,West PLC,JQG,GQN,2026-04-07 09:15:04.271734,2026-02-02 20:58:38.451766,326,3880,26580,Delayed
3642,Price-Horne,RML,YLF,2026-04-01 07:30:13.791353,2026-02-17 14:13:47.095351,402,2360,35342,Delayed
3643,Miller and Sons,QFJ,OLP,2026-03-25 04:32:31.263293,2026-04-01 01:18:50.044791,169,2593,23973,On Time
3644,"White, Gordon and Owen",LIW,NGJ,2026-04-04 17:27:54.922106,2026-02-18 00:30:18.379452,272,1265,19859,Cancelled
3645,Jones-Gibson,PRW,YNZ,2026-01-16 15:40:23.976819,2026-02-22 09:58:15.128447,128,1448,46287,On Time
3646,Hampton-Gomez,DDQ,FFE,2026-02-21 01:47:17.741566,2026-02-16 09:22:57.505567,241,9683,27911,On Time
3647,Hart-Henry,OKT,ZNM,2026-01-21 05:39:13.436828,2026-01-28 06:51:34.402867,252,6837,32670,Delayed
3648,"Dennis, Osborne and Bradford",HZN,BIL,2026-01-22 22:31:34.683237,2026-02-03 06:13:43.273377,384,3908,40876,Cancelled
3649,"Murphy, Dominguez and Underwood",VAZ,MGR,2026-02-28 08:28:35.647242,2026-03-04 04:11:56.613415,123,8914,35559,Delayed
3650,Edwards-King,NSL,CBT,2026-02-09 01:11:46.307486,2026-03-08 14:16:37.127331,589,8374,38549,Cancelled
3651,"Tran, Davis and Lozano",XRZ,YVL,2026-01-23 18:53:07.071977,2026-02-27 10:51:57.847090,127,4423,12837,Delayed
3652,Lara-Moore,WJU,XRZ,2026-03-24 03:23:56.511870,2026-04-01 18:08:31.281863,352,4347,10631,On Time
3653,"Price, Conway and Barnes",RWO,BJW,2026-01-08 17:41:16.469548,2026-03-13 10:22:35.748187,68,5272,43186,Delayed
3654,Shepherd PLC,CEK,TTI,2026-03-08 01:26:01.308112,2026-04-02 22:15:59.601393,166,6764,47403,Cancelled
3655,Wright LLC,CXD,VXI,2026-03-14 10:30:38.797446,2026-01-01 08:06:49.889414,247,909,24944,Delayed
3656,Johnson Ltd,ZQT,WUT,2026-03-11 06:13:26.384608,2026-02-25 06:40:14.513316,146,7707,30210,On Time
3657,"Crane, Roberts and Davis",HIR,VBS,2026-04-02 02:34:12.206774,2026-01-17 08:46:42.273897,352,9274,11058,Delayed
3658,"Jacobs, Black and Briggs",BJD,QNT,2026-03-02 08:02:05.461787,2026-02-04 01:22:26.997143,424,2331,11933,Delayed
3659,Moore-Mckinney,ORB,VXK,2026-03-13 09:54:44.052344,2026-03-24 08:36:45.530678,273,3225,5693,Delayed
3660,Freeman Group,JVG,LIW,2026-01-04 10:27:14.933389,2026-02-22 09:46:02.363671,381,9588,18733,On Time
3661,Jones PLC,ZYQ,SXE,2026-01-14 16:54:36.720288,2026-01-12 13:57:50.043370,309,4934,36460,Cancelled
3662,Ware Inc,DCP,DFB,2026-01-25 18:12:44.021076,2026-02-20 03:24:41.658577,223,7418,16048,On Time
3663,Barnes Group,ZNM,SXE,2026-03-27 09:01:08.257720,2026-03-03 21:54:20.182592,373,9021,47824,Delayed
3664,"Perry, Shaw and Ramos",LFV,RCJ,2026-04-05 20:27:03.708995,2026-01-28 00:01:47.346129,153,8826,20823,On Time
3665,Valdez-Levine,KFP,UAI,2026-03-02 09:06:48.314753,2026-01-16 07:36:08.597411,592,8574,40029,Delayed
3666,Valentine-Wade,NLB,VAZ,2026-02-20 13:25:07.164665,2026-01-25 22:53:39.519309,586,5392,30725,On Time
3667,Smith-Hood,KBO,JHK,2026-03-08 05:08:19.645030,2026-02-08 20:13:38.425518,475,9420,43360,Delayed
3668,Maddox-Davis,PXE,LFV,2026-01-04 02:09:12.682097,2026-03-23 00:21:41.003807,384,9525,18502,On Time
3669,Estrada Ltd,ISQ,OTP,2026-04-02 12:55:25.793449,2026-01-13 05:33:28.711350,206,8111,45470,Cancelled
3670,"Scott, Chen and Cardenas",GGR,RXN,2026-03-16 06:49:31.510680,2026-02-16 10:08:09.409278,337,9918,41736,On Time
3671,Dixon PLC,FOE,RML,2026-04-01 12:53:14.160748,2026-02-02 10:59:25.031303,95,2869,32582,Delayed
3672,Marshall-White,AXF,RFS,2026-02-07 22:34:33.995741,2026-02-17 01:11:06.017083,258,3801,10085,Delayed
3673,"Gilbert, Smith and Porter",AMB,KRW,2026-01-22 16:05:15.602189,2026-02-12 15:43:18.165976,572,4137,41554,Cancelled
3674,"Miller, Adams and Brown",HOR,PIV,2026-04-05 08:24:12.595500,2026-02-28 20:07:36.639275,271,7190,28648,Cancelled
3675,Cox-Williams,OJV,JQG,2026-02-28 10:49:10.344352,2026-01-19 02:00:30.338473,201,6722,10602,Delayed
3676,"Miller, Hoover and Tran",DVE,LER,2026-01-11 22:15:45.019073,2026-02-25 23:31:07.332666,461,6139,3283,On Time
3677,Suarez-Hoffman,UZS,GQN,2026-04-07 15:42:00.925714,2026-02-23 22:37:40.251112,469,9518,24704,On Time
3678,Tanner-Butler,RFL,WAX,2026-01-03 16:26:32.973825,2026-03-18 15:56:45.935999,282,9462,46266,Delayed
3679,Booth Inc,BIL,FYW,2026-01-26 14:19:44.650635,2026-04-04 02:40:46.367789,43,2414,37216,Cancelled
3680,Hill and Sons,OTP,HIR,2026-03-03 04:09:50.534024,2026-03-06 11:48:29.096974,451,3601,4690,Cancelled
3681,Graham LLC,HIA,QAA,2026-03-16 04:17:08.378566,2026-02-11 21:00:14.624378,227,8529,36042,Cancelled
3682,"Taylor, Lee and Schwartz",QFJ,SAN,2026-02-03 02:49:22.462495,2026-01-05 12:13:26.583843,222,5177,34889,Delayed
3683,Jackson-Thomas,JEA,UHK,2026-03-04 07:26:01.803647,2026-02-09 21:20:54.794886,89,2074,41456,Delayed
3684,"Sanchez, Schmitt and Brown",BJD,PIV,2026-01-31 01:01:04.945050,2026-03-16 08:00:13.416512,583,9471,23414,On Time
3685,Roberts-Gallagher,CFB,ESX,2026-01-26 19:06:17.696485,2026-02-13 09:43:19.891632,383,5331,13094,Cancelled
3686,"Allen, Parsons and Collier",OTP,HFX,2026-01-28 05:15:51.786905,2026-03-17 04:56:46.071450,577,5787,19212,On Time
3687,Mclaughlin-Morris,ZIB,GQT,2026-01-18 13:39:39.458451,2026-04-02 10:52:54.918165,544,460,48829,On Time
3688,Lucero-Bailey,JBR,FPG,2026-02-16 21:01:56.702272,2026-02-26 04:29:37.196758,538,9741,14056,Cancelled
3689,Hoffman-Burton,HIR,GQN,2026-01-03 21:37:47.412330,2026-04-03 06:04:39.581286,512,5899,46177,Delayed
3690,Carney Ltd,VXI,FOE,2026-02-12 08:08:42.530654,2026-01-29 13:15:10.180452,424,3921,47821,Cancelled
3691,"Allen, Boyd and Obrien",GHQ,VPU,2026-01-11 13:34:48.607721,2026-03-23 10:02:59.568005,476,556,49411,Cancelled
3692,"Williams, Simpson and Parker",DCP,OWC,2026-01-28 13:36:04.187806,2026-01-13 21:18:11.788473,581,898,32267,Delayed
3693,"Carter, Solomon and Howard",YVL,WJU,2026-02-15 08:31:06.286632,2026-04-08 04:15:08.468766,32,2372,2838,Cancelled
3694,May-Zimmerman,ARU,IAL,2026-02-26 03:13:56.020987,2026-03-31 13:58:31.893794,490,3682,21823,Cancelled
3695,"Jennings, Kramer and Herring",GQT,GYR,2026-01-02 21:04:49.940096,2026-02-03 07:26:01.295115,161,8145,43687,On Time
3696,"Campos, Davis and Marshall",JLM,NGJ,2026-01-18 17:08:41.091742,2026-01-29 07:14:58.180405,485,765,29451,On Time
3697,"Patel, Floyd and Reed",QEH,QPC,2026-01-22 15:41:44.538566,2026-02-02 06:01:57.123143,93,1143,22965,Cancelled
3698,Lopez-Wise,POL,CXD,2026-03-13 19:17:14.971000,2026-03-27 01:18:11.706587,133,2440,24545,Delayed
3699,Cobb-Wade,XYB,VHB,2026-01-27 00:52:56.890963,2026-01-23 01:23:57.722989,148,842,3246,Cancelled
3700,Miller-Nguyen,XNP,CBT,2026-01-19 21:23:00.138764,2026-03-29 16:02:07.273955,452,6050,49435,Cancelled
3701,"Parrish, Jones and Bryant",ARU,EDQ,2026-04-03 20:13:05.422546,2026-02-11 11:21:22.068153,145,6071,2205,On Time
3702,"Turner, Lawrence and Adams",FYW,HVM,2026-01-05 20:03:29.216584,2026-03-26 03:08:19.026004,162,214,13749,On Time
3703,Roberts Group,VZN,JLG,2026-01-29 08:04:08.528821,2026-03-19 12:45:50.240621,447,9704,31757,Cancelled
3704,"Wagner, George and Guzman",KHA,NPR,2026-03-30 19:47:52.028749,2026-02-13 05:46:32.208926,272,3992,38572,Cancelled
3705,"Cole, Edwards and Johnson",BZQ,CXD,2026-01-17 12:43:43.156038,2026-03-13 10:49:20.556892,111,1904,14666,On Time
3706,Scott and Sons,UHK,AMB,2026-03-13 17:08:07.859601,2026-02-26 20:23:50.693000,310,3626,4976,Cancelled
3707,"Keith, Keller and Cherry",LXX,QPC,2026-02-23 05:39:29.862243,2026-02-04 00:15:58.534972,404,3567,20150,On Time
3708,Potts-Hernandez,HGF,VAZ,2026-02-14 18:25:35.364385,2026-01-01 06:29:33.745799,54,4633,22749,Delayed
3709,Fletcher Ltd,EMT,MAF,2026-02-02 21:27:18.512167,2026-01-10 03:50:40.309472,68,5305,17045,On Time
3710,Sandoval Inc,XTO,OLP,2026-01-07 22:29:50.896784,2026-01-28 21:01:08.744757,223,2287,28656,On Time
3711,Grimes PLC,KHA,UAI,2026-01-07 04:07:10.318619,2026-03-23 01:57:28.403983,466,2025,37378,On Time
3712,"Mitchell, Newman and Robles",VAZ,SEA,2026-01-04 22:45:50.908110,2026-03-24 00:07:40.318144,280,6356,40096,Delayed
3713,Prince PLC,GQN,WUT,2026-03-27 02:15:24.243394,2026-02-23 07:27:53.421992,238,1870,17330,Cancelled
3714,Smith Inc,DAL,CPL,2026-03-08 11:36:54.558755,2026-03-04 05:33:07.998744,456,937,46750,On Time
3715,"Wilkinson, Harding and Rivera",QST,VFJ,2026-01-26 12:19:54.097949,2026-03-09 04:24:43.662090,99,555,45242,Cancelled
3716,"Burton, Williams and Jensen",EMT,ZTI,2026-01-24 08:49:06.750823,2026-01-25 10:03:20.778539,457,6030,44539,Delayed
3717,Hernandez-Barr,UVN,MZH,2026-02-27 20:24:36.314099,2026-01-23 23:49:01.531218,389,9071,32288,Cancelled
3718,Anderson-Cox,AJM,LFV,2026-03-14 00:20:12.182667,2026-01-12 15:18:02.163275,61,3887,8935,On Time
3719,Whitaker-Wright,GXQ,HVC,2026-02-15 10:36:47.601439,2026-01-21 17:43:43.781425,215,1718,47586,On Time
3720,"Barrett, Parker and Scott",DBH,CKO,2026-03-05 01:04:53.111579,2026-02-16 13:36:25.226644,434,7451,38033,Delayed
3721,"Boyd, Branch and Fernandez",NLB,SFR,2026-03-26 05:07:43.298442,2026-02-16 16:15:02.651411,305,732,21988,On Time
3722,"Chavez, Adams and Mccarthy",KLN,DNK,2026-02-13 11:58:53.990901,2026-02-22 07:47:23.191647,309,6822,4420,Cancelled
3723,Rose-Matthews,QUE,RWO,2026-02-24 10:57:19.475908,2026-03-27 15:54:05.405401,509,9990,36589,Delayed
3724,Allen-Davis,UVN,CXD,2026-03-22 00:47:56.980814,2026-03-05 05:18:26.596171,598,6974,18963,Delayed
3725,Miranda LLC,YSI,OKT,2026-01-10 16:42:05.808248,2026-02-26 18:21:01.696611,369,4888,33605,Cancelled
3726,"Dickerson, Joseph and Brooks",VFJ,SAN,2026-04-03 13:18:51.802426,2026-03-15 01:54:31.474551,64,5864,29571,Delayed
3727,Jenkins LLC,XRZ,DBH,2026-04-04 21:27:23.843341,2026-03-09 19:29:46.540517,238,8536,30696,Delayed
3728,"Decker, Marshall and Gonzales",DCP,AJM,2026-01-12 20:20:08.402555,2026-02-22 07:17:26.276361,578,6077,38093,On Time
3729,"Cole, Guzman and Bonilla",OIS,VFJ,2026-03-10 17:43:52.242120,2026-03-26 19:38:19.642680,466,7864,14568,On Time
3730,Dudley-Richardson,YLF,SLN,2026-01-10 14:05:17.159376,2026-03-06 13:31:26.143813,222,663,30645,Delayed
3731,"Owens, White and George",YSA,QZZ,2026-02-11 02:18:44.773067,2026-01-12 22:57:46.436166,151,612,11871,Delayed
3732,Schmidt Group,QZZ,AAU,2026-02-24 01:15:11.928072,2026-03-30 14:50:43.236598,503,5867,5068,On Time
3733,Herrera Group,RRZ,AJM,2026-02-24 21:22:30.489714,2026-03-22 04:24:26.938326,533,7757,30307,On Time
3734,Anthony PLC,ISQ,AOQ,2026-03-03 21:34:54.105070,2026-01-24 03:39:22.871779,98,2229,41708,On Time
3735,York Group,IDD,FPG,2026-02-07 21:31:37.754493,2026-01-16 22:58:41.350278,287,7566,23919,Cancelled
3736,"Johnson, Scott and Roach",DYM,DCP,2026-03-07 05:26:13.126581,2026-02-11 03:12:07.479970,425,9125,42143,Delayed
3737,Graham-Gonzales,XNP,SEA,2026-03-30 21:24:53.504314,2026-02-23 03:29:56.374748,470,5632,18311,On Time
3738,"Burnett, Gray and Mayo",CPL,OWC,2026-02-06 22:43:50.985948,2026-03-27 19:58:58.646689,306,2166,32145,Delayed
3739,Mendez and Sons,OLP,CBT,2026-03-04 13:28:28.400866,2026-03-17 02:20:13.388159,245,9729,41445,Delayed
3740,Carter-Burnett,HVC,OYA,2026-02-19 04:48:32.040836,2026-03-20 06:33:17.821285,580,1591,18853,On Time
3741,"Chavez, Drake and Lopez",XQD,OIS,2026-02-27 12:45:50.727035,2026-01-28 23:05:00.677367,32,1833,2253,Cancelled
3742,"Daniel, Fowler and Raymond",NPR,MAF,2026-01-27 22:00:07.202925,2026-03-24 23:41:23.068795,40,7397,40548,On Time
3743,Hill-Scott,DBH,ANH,2026-03-14 14:02:12.294020,2026-02-02 16:10:36.907614,72,4060,9376,On Time
3744,Thomas-Vasquez,HOG,NSL,2026-02-17 10:34:36.826192,2026-01-10 16:55:05.718632,357,4641,36128,Cancelled
3745,Gallegos-Nelson,HVG,CFB,2026-01-15 06:32:11.752117,2026-01-31 07:38:19.189486,34,4821,5082,On Time
3746,Waters LLC,SAN,IAL,2026-02-12 14:51:40.128103,2026-03-27 00:42:26.396522,400,6975,2261,On Time
3747,Jones and Sons,GXQ,CFB,2026-01-29 10:39:04.711236,2026-03-07 22:08:30.942187,450,5456,10887,Cancelled
3748,French Inc,XYB,UAI,2026-01-13 12:06:52.512873,2026-02-17 02:13:10.382819,96,5109,19642,Delayed
3749,White-Diaz,RRZ,WUT,2026-01-31 17:33:00.479372,2026-03-25 20:05:10.368979,190,6235,42797,Cancelled
3750,Mitchell-Hill,VZN,RML,2026-02-26 08:09:20.168586,2026-02-16 06:46:41.399540,497,7757,18964,Cancelled
3751,Smith-Chan,RRZ,CBZ,2026-02-26 13:03:48.153419,2026-01-10 08:11:31.110558,113,5312,43385,Cancelled
3752,Bird Inc,JEO,LIW,2026-01-17 06:47:26.114323,2026-04-03 12:09:38.625956,45,6063,46854,Cancelled
3753,Becker PLC,ARU,VAZ,2026-01-25 09:28:52.018321,2026-02-25 06:36:39.412267,595,8946,17736,On Time
3754,Carlson-Maddox,RRZ,QST,2026-01-26 11:41:21.475250,2026-01-22 22:11:32.325666,153,5404,25472,Cancelled
3755,Rivera-Cox,CYC,MGR,2026-03-09 22:11:19.967588,2026-03-20 09:44:29.836400,597,7431,4564,Cancelled
3756,Davis PLC,DFB,VHB,2026-04-01 18:05:52.797908,2026-01-10 17:19:21.726710,496,3095,7865,Cancelled
3757,Anderson Ltd,LOW,KLN,2026-02-13 12:43:41.401605,2026-01-31 18:22:45.783724,412,539,13060,Cancelled
3758,"Steele, Olsen and Henderson",LFV,KLN,2026-01-13 16:53:10.239859,2026-04-05 20:17:08.672143,492,2986,44394,Delayed
3759,Smith-Lowery,SEA,ZTI,2026-01-05 23:34:21.141037,2026-02-23 03:25:20.487638,425,5245,17880,On Time
3760,Summers and Sons,FIA,SLG,2026-01-24 02:22:59.171355,2026-03-28 07:28:21.939870,362,5248,28894,On Time
3761,"Arnold, Warner and Baxter",QZZ,VPU,2026-01-30 07:30:37.727901,2026-01-05 22:50:22.269484,395,7171,15966,Cancelled
3762,Wolf Group,OKT,YNZ,2026-01-15 06:02:43.964034,2026-01-04 08:12:58.147979,88,4261,8092,Delayed
3763,Nichols-White,IUM,EDQ,2026-03-09 19:55:05.931215,2026-01-01 19:41:28.431573,388,9547,6760,On Time
3764,"Johnson, Ferguson and Heath",QST,EDQ,2026-02-05 07:15:42.695706,2026-02-15 09:54:51.894924,377,1667,49363,Cancelled
3765,Garza Ltd,IDD,JDM,2026-03-07 20:09:09.504313,2026-01-18 02:24:12.803528,339,1509,7578,On Time
3766,"Day, Johnson and Hamilton",UUO,CBT,2026-02-12 19:57:56.222039,2026-03-25 19:43:57.329679,552,3874,19457,On Time
3767,"Shaw, Carrillo and Rodriguez",LZQ,RRZ,2026-04-03 11:37:47.066657,2026-02-09 07:58:04.317511,495,949,22204,On Time
3768,Wright-Sutton,GQT,RFS,2026-02-26 06:33:28.057101,2026-01-24 10:29:44.962558,379,8530,2200,On Time
3769,"Haynes, Fox and Rodriguez",OTP,JEA,2026-03-24 08:11:30.305722,2026-03-23 11:30:16.762066,326,4153,14000,Delayed
3770,Morris and Sons,ZEI,SFR,2026-01-13 03:07:55.339486,2026-03-23 08:56:05.886937,214,7596,10251,Cancelled
3771,Whitehead Ltd,HVG,BZQ,2026-01-04 21:22:54.025164,2026-01-16 07:45:43.994180,547,3679,4873,Cancelled
3772,"Brown, Ramos and Nash",VXK,SEA,2026-02-25 22:51:00.691410,2026-02-04 14:17:20.160730,245,5923,36122,Cancelled
3773,Schultz Ltd,QNT,XRZ,2026-03-21 18:40:58.606021,2026-02-10 13:58:50.204373,373,8503,34289,Cancelled
3774,"Leach, Davis and Barrett",PXE,JEA,2026-01-31 20:20:57.499452,2026-01-19 21:15:33.110389,201,5464,27176,Cancelled
3775,Delacruz PLC,AXF,IAL,2026-01-20 05:30:26.883815,2026-04-01 04:14:43.320606,521,7805,20499,Delayed
3776,Braun-Dixon,DYM,AXF,2026-02-13 01:35:02.562564,2026-01-27 06:38:35.687292,149,6107,29694,Delayed
3777,"Collins, Watson and Russell",BJW,XWE,2026-01-25 05:47:25.550064,2026-03-02 14:04:41.213448,221,8958,24778,On Time
3778,Flores PLC,RFS,SLG,2026-03-17 01:17:31.095763,2026-02-13 01:46:58.889369,379,9132,5493,Delayed
3779,Boyd PLC,NSL,ZYQ,2026-01-17 04:56:53.295540,2026-02-09 12:51:35.705363,289,864,30602,On Time
3780,Holland-Smith,WUT,KRW,2026-02-21 05:01:46.788988,2026-04-05 20:39:03.068144,176,8807,43327,Delayed
3781,"Mcgee, Rivera and Ryan",VXI,YVL,2026-03-07 18:52:18.394755,2026-02-21 04:00:47.189195,357,4553,35817,On Time
3782,"Nelson, Black and Zhang",RML,FPG,2026-01-29 15:41:34.128347,2026-04-04 13:29:27.912149,285,9478,27918,Delayed
3783,"Lloyd, Duncan and Roberson",SJZ,JEO,2026-03-26 03:00:36.065041,2026-03-14 10:06:50.576845,533,1038,3703,Cancelled
3784,Lewis-Morris,JQG,AOQ,2026-03-25 15:57:26.057748,2026-01-14 03:24:09.725210,291,3040,16795,Cancelled
3785,"Baldwin, Pierce and Holmes",PRW,VAZ,2026-02-18 17:22:02.109462,2026-01-31 23:09:31.208161,202,8895,22046,Delayed
3786,Marshall LLC,UVN,AAU,2026-02-03 19:50:52.050291,2026-03-27 20:31:56.286729,84,572,26227,On Time
3787,"Oliver, Barr and Velasquez",PIC,ARU,2026-01-13 04:11:29.486371,2026-02-19 23:22:26.067682,298,7134,47127,On Time
3788,Maldonado LLC,ZSP,KFP,2026-01-11 11:24:29.283147,2026-03-08 11:55:36.241388,95,2787,42346,Delayed
3789,Gomez-Green,WJU,TRV,2026-03-05 19:54:25.993886,2026-01-15 04:07:24.480411,356,7514,44480,Delayed
3790,Barnett Ltd,DYM,EMT,2026-01-02 19:36:11.549676,2026-01-06 16:08:48.514421,302,2182,7441,Cancelled
3791,Nicholson-Pacheco,SEA,ESX,2026-04-06 06:53:55.073174,2026-02-28 11:35:46.023267,161,1481,3424,On Time
3792,"Chavez, Johnson and Glover",VPU,YSI,2026-03-07 20:37:17.604773,2026-02-25 18:21:54.480314,143,8384,36624,On Time
3793,Baird LLC,MWN,OTP,2026-02-13 02:51:02.262384,2026-01-07 21:34:44.946326,37,7086,30831,Cancelled
3794,Jensen-Dominguez,YVL,QZZ,2026-01-06 08:41:41.315659,2026-01-24 11:40:41.088206,70,6010,40936,On Time
3795,"Graham, Pearson and Davis",JBR,ZNM,2026-01-03 09:37:03.465001,2026-02-13 16:40:35.813239,248,1133,42388,Cancelled
3796,George-Johnson,QEH,PIG,2026-01-03 13:51:43.473255,2026-02-11 07:58:07.931067,557,1084,27454,Delayed
3797,Richard-Petersen,FCG,YSI,2026-01-26 07:40:11.618946,2026-03-13 20:21:57.431752,327,6688,46024,Cancelled
3798,"Boyd, Jackson and Craig",QNT,OLP,2026-03-17 23:53:15.565246,2026-02-11 19:29:25.358848,248,6851,34266,Cancelled
3799,Dixon PLC,JDM,BJD,2026-03-07 15:23:41.564302,2026-02-09 10:43:58.675927,441,9383,24515,Delayed
3800,Huang Ltd,PMA,AMB,2026-02-09 15:29:07.190906,2026-01-17 10:44:36.298133,425,1011,25625,On Time
3801,"Jennings, Hensley and Faulkner",ZUD,OIN,2026-03-10 07:33:06.924869,2026-02-22 01:38:50.598659,99,9567,11436,On Time
3802,"Martinez, Barron and Wilson",LER,YDU,2026-02-13 01:51:28.632537,2026-01-06 20:42:03.964095,159,5391,24593,On Time
3803,Castro LLC,VZN,MZH,2026-01-31 06:13:01.978944,2026-01-16 06:25:25.415601,598,1679,18854,Delayed
3804,Andrews Inc,FIA,MZH,2026-02-13 03:29:58.740928,2026-02-22 06:15:07.915864,328,299,7773,On Time
3805,Wallace-Wilson,TGY,HVM,2026-01-02 07:31:59.996445,2026-01-27 03:39:17.042109,481,6486,24605,Cancelled
3806,Jones Ltd,OLP,PFQ,2026-03-19 10:51:43.916151,2026-03-22 15:47:31.310914,300,6677,41149,On Time
3807,King PLC,XYB,SEA,2026-01-27 00:53:23.795978,2026-03-10 03:35:34.246770,196,1429,35491,Cancelled
3808,Hull-Melendez,UNV,BZQ,2026-02-08 16:21:03.694853,2026-01-27 20:58:00.133890,566,1014,2770,Cancelled
3809,"Lee, Burnett and Smith",JQG,HOG,2026-03-01 12:33:41.263413,2026-03-07 19:42:03.092776,290,5891,9554,On Time
3810,"Webb, Wilson and Haynes",MAF,HVG,2026-03-10 10:08:33.173213,2026-03-02 06:01:13.228215,307,7538,16640,On Time
3811,Jimenez Ltd,SAZ,QZD,2026-01-04 08:03:54.814110,2026-01-19 20:00:50.548966,479,9547,24643,Cancelled
3812,Craig-Jones,WMQ,DVE,2026-02-27 17:36:24.158652,2026-03-24 01:04:02.020784,491,9963,21855,Delayed
3813,"Scott, Odonnell and Villa",VLU,CPL,2026-01-20 20:28:13.220728,2026-01-03 00:15:22.220320,56,4576,16235,Cancelled
3814,Wilkerson PLC,NPR,MOG,2026-03-23 23:29:19.651370,2026-02-12 21:27:37.090896,108,1710,27584,Delayed
3815,Weaver-Griffin,NYP,QZD,2026-02-15 09:49:26.271442,2026-02-10 08:15:33.346020,443,3157,25327,On Time
3816,"Harris, Bailey and Walton",JVG,ORB,2026-04-01 11:51:35.681977,2026-03-22 09:04:48.364398,216,6715,39307,Delayed
3817,"Foster, Tran and Olson",JVG,VXK,2026-01-01 00:58:17.490619,2026-03-09 00:40:18.663205,306,3187,9891,Delayed
3818,"Rowe, Powell and Gonzales",HVG,IAL,2026-03-28 08:47:29.382293,2026-01-18 18:22:57.025775,530,3252,25909,Delayed
3819,Moore-Moore,UDQ,ZIB,2026-03-02 15:06:42.884067,2026-03-12 06:44:29.000070,133,6272,13696,Cancelled
3820,Holmes Group,ZTI,RRZ,2026-01-09 11:34:38.477573,2026-04-06 06:15:17.406313,281,9587,12434,Delayed
3821,"Campbell, Franco and Sloan",NRE,HVM,2026-02-25 21:03:22.354040,2026-03-30 17:39:04.635834,274,9277,43118,Cancelled
3822,Macdonald PLC,MOG,OLP,2026-03-24 18:13:29.754951,2026-03-06 04:50:07.432115,61,3654,46791,Delayed
3823,Morris-Erickson,CBT,ZEI,2026-01-07 02:46:28.597175,2026-01-05 14:26:59.751182,211,1341,5183,On Time
3824,Gates LLC,OWC,DVE,2026-03-08 12:30:28.385491,2026-01-04 12:02:49.029279,206,2470,44632,On Time
3825,Carr Ltd,XQD,EMT,2026-02-28 15:29:39.277663,2026-01-20 03:43:58.723974,193,2653,25300,Cancelled
3826,Andersen-Charles,OKT,ZUD,2026-03-25 13:37:02.850979,2026-02-08 01:57:24.960333,255,5501,7165,Delayed
3827,Aguilar PLC,JVG,GQN,2026-02-21 17:33:19.515681,2026-02-18 07:35:08.324153,566,5067,15118,Delayed
3828,Johnson Inc,RML,JLG,2026-01-01 07:48:14.640932,2026-02-12 00:45:21.989309,222,921,41726,Delayed
3829,"Watson, Baker and Foster",JVG,HZN,2026-03-30 07:58:50.920134,2026-01-01 19:45:29.816621,277,7879,17034,Delayed
3830,Murray-Rodriguez,BZQ,BJD,2026-02-04 15:27:20.682786,2026-02-05 16:52:12.090825,427,9581,8019,Delayed
3831,Sanchez-Garcia,NRE,SAN,2026-01-29 17:22:56.362156,2026-03-14 23:25:33.963436,285,9616,6956,On Time
3832,"Meyer, Norton and Hill",SLN,NRE,2026-02-04 11:47:32.929971,2026-01-09 03:34:08.392443,274,5308,3505,On Time
3833,"Winters, Bates and Rodriguez",NPR,LER,2026-03-13 20:56:09.206296,2026-01-08 11:50:48.292153,395,8175,23065,Cancelled
3834,"Lutz, Edwards and Bates",QFJ,OJV,2026-03-21 00:22:09.846147,2026-02-08 18:20:39.543024,536,6729,9099,On Time
3835,"Dickerson, Burke and Todd",HVM,XYB,2026-04-03 01:13:06.301650,2026-04-06 05:54:31.302189,472,541,3442,On Time
3836,Hale Group,HVM,GYR,2026-01-26 00:24:45.640265,2026-01-11 02:36:37.941385,265,2355,23734,Cancelled
3837,"Wolf, Green and Bender",JLM,POL,2026-02-10 01:01:53.053773,2026-02-04 01:40:45.974972,465,8083,6539,Delayed
3838,Butler-Gonzalez,JBR,MZH,2026-03-15 03:48:07.234535,2026-03-14 18:13:47.220890,245,873,10149,Delayed
3839,"Reynolds, Jordan and Peterson",TRV,FYW,2026-01-26 09:19:24.298466,2026-01-24 06:02:25.310728,98,1833,41555,Cancelled
3840,Doyle PLC,HOG,FYW,2026-01-29 08:53:53.006090,2026-03-02 04:20:32.925872,588,3109,17180,Delayed
3841,Martin-Nelson,HGF,UVN,2026-01-09 15:34:15.273809,2026-03-30 21:11:46.724776,350,1735,22291,On Time
3842,Harris Group,TOJ,CPL,2026-03-02 09:29:57.044489,2026-01-25 16:39:21.686612,502,5280,36734,Delayed
3843,"Williams, Carr and Edwards",WAX,XQD,2026-01-05 11:44:28.563366,2026-01-17 10:26:34.605716,502,5838,7364,Delayed
3844,Olson Group,IAL,TOJ,2026-02-14 17:19:27.827022,2026-02-13 02:01:46.228879,600,5320,43201,Delayed
3845,Adams-Lloyd,PIC,FOE,2026-01-09 20:18:20.701625,2026-02-06 15:13:17.137397,42,2190,32845,Delayed
3846,Lee-Melton,QZZ,QUE,2026-04-05 15:04:12.923074,2026-03-28 20:10:29.973231,288,7539,8077,Delayed
3847,Cortez-Carpenter,VPZ,QFJ,2026-01-03 14:26:14.961433,2026-03-10 09:47:02.313000,436,7207,8290,On Time
3848,"Saunders, Harris and Clark",XJB,FVJ,2026-03-31 10:46:15.596338,2026-01-31 11:04:01.673518,223,7537,34780,Delayed
3849,Lozano and Sons,OKT,NPR,2026-01-24 22:16:42.839391,2026-02-04 13:43:29.797501,585,9584,14842,Cancelled
3850,Murphy Ltd,XWE,MWN,2026-04-03 22:48:26.948532,2026-03-25 02:28:09.591376,398,6282,6594,On Time
3851,Schmitt-Hudson,NLB,VBS,2026-03-04 17:31:36.266909,2026-02-22 08:50:05.523359,390,7324,12953,Cancelled
3852,Hubbard Group,XRZ,RCJ,2026-03-18 04:55:54.902444,2026-01-27 22:49:08.528975,361,257,41568,On Time
3853,Washington-Espinoza,KBO,GYR,2026-03-16 23:41:37.944049,2026-03-31 17:24:56.926164,292,2977,42146,Cancelled
3854,"Hernandez, Olsen and Patterson",JEA,QZZ,2026-01-15 13:05:12.802165,2026-03-04 04:57:42.102907,85,5601,39515,Delayed
3855,Melton Inc,JLG,DFB,2026-01-11 16:21:09.261039,2026-02-03 19:07:31.027023,242,6555,46953,Cancelled
3856,Mcclain Ltd,NGJ,TOJ,2026-01-01 02:03:10.154238,2026-01-25 01:36:17.359242,497,9428,34466,Delayed
3857,Mason PLC,ZSP,VPU,2026-02-11 11:11:36.860724,2026-01-21 00:57:20.029375,321,3000,39692,On Time
3858,"Collins, Price and Moore",OWC,HFX,2026-03-09 06:54:52.888383,2026-03-09 08:36:38.959331,129,7049,6194,Cancelled
3859,Moyer Ltd,SFR,ISQ,2026-02-13 23:52:50.719525,2026-02-25 21:01:56.069252,253,9490,18991,Delayed
3860,Doyle-Curtis,RFL,OIN,2026-02-04 13:16:52.381636,2026-03-23 16:13:50.155689,399,8087,44122,Cancelled
3861,Bennett LLC,VZN,FPG,2026-02-10 04:20:13.468249,2026-03-02 09:58:25.072860,553,9614,14329,Delayed
3862,"Bowman, Wells and Solis",VAZ,PIC,2026-03-02 06:08:14.431013,2026-01-26 06:47:49.201957,115,3459,28416,Cancelled
3863,Williams PLC,QZD,AOQ,2026-04-06 21:15:53.632630,2026-02-16 11:45:34.624563,377,842,40828,On Time
3864,Singh and Sons,DDQ,QAA,2026-03-13 20:39:43.433099,2026-03-27 15:11:38.768560,518,4015,32329,Delayed
3865,Wilson Ltd,XYB,KRW,2026-03-01 01:52:59.504297,2026-03-17 13:29:12.986418,445,560,10475,Delayed
3866,"Webb, Miller and Bowman",GQT,KBO,2026-01-11 14:49:01.780650,2026-03-09 08:03:09.855953,574,5150,15466,Cancelled
3867,Clark-Johnson,HUX,XTO,2026-01-27 08:48:08.893024,2026-02-26 21:38:33.193244,183,3550,3852,Cancelled
3868,Wilson-Banks,PIV,AJM,2026-02-11 14:19:05.739546,2026-01-04 05:03:58.708223,370,5173,38172,Delayed
3869,"Austin, Wolfe and Robbins",JBR,WPA,2026-02-25 21:51:11.446461,2026-03-28 00:04:30.604476,45,2715,15236,Delayed
3870,Gomez-Holland,NSL,VAZ,2026-01-11 14:54:37.926672,2026-02-08 03:29:12.022699,143,8155,21953,On Time
3871,"Villanueva, Erickson and Avery",SAN,COF,2026-01-04 08:22:55.271119,2026-01-29 10:29:17.402781,219,4800,40625,Cancelled
3872,Scott-Potter,XRZ,MZE,2026-02-10 07:20:07.383213,2026-01-19 04:38:32.515198,587,8940,22905,Cancelled
3873,Lloyd-Garcia,YLF,DDQ,2026-02-16 15:34:30.821910,2026-04-04 04:03:43.075812,225,3844,18438,Delayed
3874,Gonzalez and Sons,FCG,SJZ,2026-01-28 05:46:45.122072,2026-03-01 04:00:45.141798,402,2394,7747,On Time
3875,Fuller-Hunt,YSA,QFJ,2026-03-15 04:40:19.214367,2026-01-12 17:55:16.236837,495,2547,37113,On Time
3876,Hall-Torres,ESX,OTP,2026-04-05 17:40:24.458399,2026-01-20 22:30:09.502845,58,6934,33208,Delayed
3877,Summers-Ramirez,EDQ,HUX,2026-02-06 03:26:20.062364,2026-03-25 06:55:40.187484,215,1499,45601,Cancelled
3878,Frost Group,QAA,MZH,2026-03-13 12:36:07.270823,2026-01-29 19:52:01.674273,552,2913,24584,On Time
3879,Howard-Sexton,JHK,YLF,2026-01-27 05:37:53.346216,2026-02-05 06:08:12.781275,421,3063,9574,Delayed
3880,"Casey, Nelson and Garcia",KRW,XRZ,2026-03-10 00:17:35.642005,2026-01-15 10:57:59.218673,452,6225,12462,Delayed
3881,Silva Group,PIV,TOJ,2026-02-04 17:15:54.453992,2026-03-22 06:24:27.171773,79,9342,10520,Cancelled
3882,Martin-Williams,FYW,JVO,2026-01-15 21:47:43.038316,2026-03-02 01:41:25.626037,365,1396,38885,Cancelled
3883,Schneider-Roth,SAZ,RFL,2026-03-19 22:19:30.445370,2026-01-29 16:40:54.144844,332,2133,13061,On Time
3884,"Whitehead, Gates and Smith",JVO,SFR,2026-01-20 18:57:46.383961,2026-02-28 07:55:00.926722,380,6878,4073,Cancelled
3885,Brock-Hall,VAA,DAL,2026-02-06 03:06:10.464675,2026-02-03 12:40:23.410471,409,1974,17453,Delayed
3886,"Sanchez, Beasley and Ware",RFS,ZEI,2026-01-20 08:43:52.124305,2026-02-18 04:48:16.159339,448,715,29873,Cancelled
3887,"Hernandez, Watkins and Avila",HZN,OKN,2026-01-21 03:13:17.414511,2026-03-26 23:58:43.511098,212,5119,22176,On Time
3888,"Daniels, Moss and Cohen",OWC,QAA,2026-02-07 18:57:45.528566,2026-02-07 17:01:41.250091,187,1024,32607,On Time
3889,Powell-James,PFQ,KLN,2026-03-04 05:30:15.752344,2026-03-27 14:34:12.551509,540,6868,14630,Cancelled
3890,Clements-Noble,JEO,VPC,2026-01-21 17:47:32.150246,2026-03-13 19:05:38.531450,206,4293,6752,On Time
3891,"Bates, Pitts and Kelly",JDM,CEK,2026-01-24 06:39:55.127853,2026-01-06 23:45:35.952748,402,224,32110,On Time
3892,Williams-Brady,SJZ,BJW,2026-03-15 22:15:51.852601,2026-01-23 07:15:51.230858,597,9857,25692,On Time
3893,"Oliver, Schmidt and Rodriguez",KFP,AAU,2026-01-08 15:42:13.951616,2026-03-08 03:11:27.946258,261,2334,4706,Cancelled
3894,Young-Zamora,HVC,XTO,2026-02-02 14:10:39.883767,2026-02-11 23:52:41.085441,281,7257,43983,On Time
3895,Brown Ltd,HUX,CYC,2026-02-02 05:04:03.038164,2026-02-09 02:48:57.135553,395,5610,48817,Delayed
3896,Bishop Group,UUO,LZQ,2026-02-22 22:04:09.992886,2026-02-06 00:09:24.283323,224,6960,2140,On Time
3897,Alvarez-Scott,QAA,VPC,2026-03-12 13:10:49.288399,2026-03-17 05:22:48.806936,72,6744,9807,On Time
3898,Anderson-Butler,DHB,OWR,2026-02-24 06:48:15.748337,2026-02-13 13:37:10.710463,573,6350,39905,On Time
3899,Cunningham PLC,DHB,SAZ,2026-04-04 22:12:57.649523,2026-01-14 06:59:37.563666,144,207,43817,Cancelled
3900,May-Perkins,JBR,RZR,2026-02-02 04:20:20.063048,2026-03-08 23:53:51.630834,199,6639,7842,On Time
3901,Thompson Ltd,NSL,DHB,2026-03-19 11:02:41.652081,2026-03-12 18:44:16.383320,254,2074,48237,Cancelled
3902,White-Villa,OWR,COF,2026-02-26 21:00:25.086578,2026-02-10 02:38:24.941331,437,7681,2247,Cancelled
3903,"Wood, Adams and Mckay",HZK,GQN,2026-02-18 23:09:26.136981,2026-04-04 11:39:33.534444,413,1756,8571,Delayed
3904,Henry and Sons,MZH,CKO,2026-02-05 17:44:42.127302,2026-02-23 05:25:24.596822,176,2114,14536,Delayed
3905,Pennington-Warren,YSI,DPO,2026-02-10 18:43:35.175799,2026-01-23 04:11:37.535293,491,6478,22574,Delayed
3906,Villa-Shaw,VLU,IAL,2026-03-24 18:33:07.141346,2026-02-06 21:11:02.689262,155,1042,26575,Delayed
3907,Peters LLC,HUX,UNV,2026-03-08 23:03:20.370112,2026-02-22 16:57:51.636726,457,4865,5680,Cancelled
3908,Valdez-Ballard,XJO,XTO,2026-03-30 05:55:56.666329,2026-03-10 15:31:51.868321,600,8950,19769,Cancelled
3909,Garcia-Burnett,VLU,RXD,2026-03-05 21:39:47.720243,2026-03-19 07:18:04.257715,546,2989,2262,On Time
3910,Harris Inc,JEA,BJW,2026-02-06 12:21:30.331998,2026-01-14 23:49:43.044499,341,6110,27322,On Time
3911,Alvarez-Lopez,CBT,WUT,2026-01-16 00:52:11.240268,2026-02-26 22:01:48.768200,351,3005,17801,On Time
3912,Everett LLC,MZH,QZD,2026-01-30 04:55:25.324292,2026-03-02 16:29:51.115323,341,6718,2091,Delayed
3913,"Porter, Ho and Vasquez",YSA,JQG,2026-03-16 01:57:32.105628,2026-02-23 06:13:35.792112,119,8507,44654,On Time
3914,"Wallace, Kirk and Rogers",LOW,CKO,2026-02-11 02:29:54.424343,2026-02-22 16:24:17.568563,536,295,5107,Delayed
3915,Hernandez-Reid,YDU,UDQ,2026-03-04 06:19:41.994885,2026-01-12 01:13:00.504884,160,1616,13035,Delayed
3916,Hunt Inc,GHQ,OKN,2026-02-02 00:31:57.604852,2026-03-21 05:13:18.139625,249,8195,42135,Cancelled
3917,Barnes-Wolf,DAL,LER,2026-03-14 06:10:24.327333,2026-02-04 22:48:13.104352,481,1030,31890,Cancelled
3918,Wilson-Nash,LIW,GQN,2026-01-31 20:39:07.559345,2026-01-01 01:40:52.255128,251,1416,17054,Delayed
3919,Anderson Group,YVL,MAF,2026-01-27 16:29:42.204856,2026-02-18 10:32:45.169134,260,8717,43036,Delayed
3920,"Simmons, Kelly and Galvan",MVU,KFP,2026-03-20 10:36:24.686006,2026-03-31 02:36:00.936890,294,1849,24361,Delayed
3921,"Butler, Gibbs and Santos",FPG,MWN,2026-02-13 08:59:12.258497,2026-03-20 16:50:19.651078,356,8563,20964,Cancelled
3922,Mcknight-Phillips,XTO,WPA,2026-02-28 00:45:38.413192,2026-02-17 11:52:30.634934,287,8318,41564,Cancelled
3923,"Jimenez, Marshall and Sanchez",LIW,XJB,2026-01-29 07:47:53.168629,2026-03-04 23:03:13.245072,234,8320,23446,On Time
3924,Solis-Martinez,VLU,KRW,2026-03-11 21:49:05.996726,2026-03-23 18:42:55.764102,562,932,32743,Cancelled
3925,Bird and Sons,PXE,MAF,2026-02-06 12:56:53.491719,2026-03-04 10:54:28.453360,69,5704,11093,Cancelled
3926,Torres and Sons,RXD,OTP,2026-01-24 07:07:13.821849,2026-03-29 17:19:59.003698,206,3576,4258,Cancelled
3927,"Hill, Rodriguez and David",BZQ,MAF,2026-03-10 21:19:10.616068,2026-03-09 08:25:29.033406,431,6016,19622,On Time
3928,"Ballard, Carson and Morse",UNV,RXN,2026-01-22 02:58:08.455563,2026-01-31 01:16:06.723865,225,3571,23363,Delayed
3929,Barrett-Roberts,CPL,MOG,2026-01-02 04:59:19.101185,2026-01-13 14:40:13.440272,590,4197,14187,On Time
3930,Schwartz-Douglas,YSA,ARU,2026-01-15 06:21:00.044671,2026-03-09 20:35:23.302490,317,7063,38490,On Time
3931,"Morse, Davenport and Dean",DYM,UAI,2026-04-05 06:50:38.273436,2026-03-01 16:36:39.082571,238,4835,7007,On Time
3932,"Johnson, Anthony and Kim",KHA,SAZ,2026-02-15 15:16:16.919327,2026-03-08 14:37:14.219496,233,4193,15077,Delayed
3933,Mueller PLC,UZS,PTQ,2026-04-07 18:12:41.009862,2026-01-30 01:22:33.567550,241,7963,47601,Delayed
3934,Fuller-Lopez,XWE,PIG,2026-03-04 15:38:29.463345,2026-01-24 12:55:22.563800,165,8139,49250,Delayed
3935,Miller-Lowe,KRW,DBH,2026-03-23 07:13:29.744776,2026-01-29 12:35:21.549520,44,3598,36548,Delayed
3936,Clark and Sons,CKO,VAA,2026-02-19 20:33:11.257210,2026-01-17 03:23:59.256732,545,7587,2980,Delayed
3937,Boyle Inc,NYP,ARU,2026-03-23 06:10:12.337029,2026-02-23 12:24:25.999610,192,2231,10964,Cancelled
3938,Stone-Adams,HOR,HZK,2026-03-11 18:18:37.642185,2026-03-11 00:46:20.661899,311,3635,41167,On Time
3939,"Dalton, Griffin and Cochran",OKT,QEH,2026-01-12 18:19:32.639389,2026-02-14 04:44:08.469539,327,7744,17880,On Time
3940,"Long, Welch and Pruitt",YDU,HFX,2026-03-01 01:12:35.112620,2026-01-17 18:53:14.039045,550,1453,38332,Cancelled
3941,Wallace-Brown,HFX,VZN,2026-01-06 12:23:53.307378,2026-03-15 06:03:27.776303,470,6435,22455,Cancelled
3942,Taylor-Arroyo,YDU,QEH,2026-03-29 03:30:09.841498,2026-02-19 06:24:47.068155,342,3634,40713,Delayed
3943,Davis LLC,LZQ,FOE,2026-03-26 22:45:24.043297,2026-03-25 15:40:52.923379,313,9378,43310,Delayed
3944,Nguyen-Turner,MAF,ZNM,2026-01-24 20:10:19.998351,2026-02-26 02:18:33.191770,451,7604,8655,Delayed
3945,Ellis-Hurley,ZIB,VPZ,2026-04-05 14:23:28.434635,2026-04-01 01:06:30.356169,188,8460,8917,Delayed
3946,Harris-Norman,QST,TOJ,2026-03-26 21:08:00.035153,2026-03-05 22:42:13.592116,381,6970,38776,Cancelled
3947,"Williams, Sanchez and Hernandez",JHK,BJD,2026-01-19 03:33:01.566691,2026-02-08 12:08:41.950753,176,2410,48458,On Time
3948,Barajas-Jones,HWX,EMQ,2026-01-02 19:08:37.677504,2026-01-24 17:06:07.695342,176,2584,6984,Cancelled
3949,"Lopez, Salinas and Mata",UUO,RXN,2026-02-15 04:02:38.683191,2026-02-16 06:26:58.786277,33,3136,3060,Delayed
3950,Dillon-Contreras,AMB,TTI,2026-02-02 08:19:00.739908,2026-03-09 20:41:59.350580,276,907,40961,Cancelled
3951,"Torres, Cruz and Coleman",ISQ,FCG,2026-02-16 19:31:39.502060,2026-03-07 16:55:43.213335,475,7215,3194,On Time
3952,Jacobs PLC,ANH,LFV,2026-02-06 04:16:54.536073,2026-02-01 14:34:33.604384,325,9566,37153,Delayed
3953,"Hensley, Evans and Hunt",BJW,TGY,2026-02-01 22:13:04.664598,2026-03-19 20:43:52.047009,516,3446,7450,On Time
3954,Cross LLC,MZH,MAF,2026-02-01 03:10:48.675543,2026-01-20 13:01:24.963807,271,4000,29637,On Time
3955,Marquez Inc,HWX,LZQ,2026-02-07 20:48:10.611619,2026-03-27 04:20:53.478226,375,1491,11549,On Time
3956,"Daniel, Carter and Gordon",OWR,GQN,2026-01-14 21:30:45.441967,2026-02-08 07:12:12.389313,468,6845,21776,Cancelled
3957,Cherry-Foster,UUO,COF,2026-01-27 06:36:35.251185,2026-03-08 00:43:46.623109,117,3300,25175,Delayed
3958,Massey PLC,VAZ,VZN,2026-02-23 02:20:28.615521,2026-03-01 17:06:20.929224,121,1794,24119,On Time
3959,Bartlett-Johnson,NGJ,HGF,2026-01-28 18:29:21.714462,2026-03-05 08:37:02.517058,467,1327,7546,Delayed
3960,Green Inc,XOR,UNV,2026-03-07 13:24:13.662061,2026-02-28 23:48:07.523073,137,1181,19708,Cancelled
3961,"Kelly, Figueroa and Ochoa",CYC,SAZ,2026-01-22 08:51:34.215573,2026-02-17 05:48:11.546359,328,897,40658,Delayed
3962,"Lynn, Gill and Martinez",JQG,QZD,2026-03-16 06:02:43.530718,2026-01-21 15:35:02.115046,298,9239,44849,Cancelled
3963,Gregory Ltd,XJO,VPC,2026-02-22 11:39:01.145232,2026-03-09 13:32:40.848706,393,6741,29519,On Time
3964,Conway PLC,XNP,UHK,2026-01-14 04:15:49.048498,2026-01-03 11:02:15.407432,37,7705,40912,Delayed
3965,Marshall Ltd,YVL,DYM,2026-01-27 05:47:33.329406,2026-01-08 19:24:14.803585,496,380,41735,On Time
3966,Gonzalez Group,JBR,OIS,2026-02-26 22:20:12.061846,2026-02-22 06:18:00.876373,296,2196,29135,Delayed
3967,Weaver Group,OIN,VXI,2026-02-28 15:37:06.347118,2026-01-24 17:13:01.880332,582,1133,39848,Cancelled
3968,Jordan Ltd,ZQT,RFL,2026-02-08 01:17:38.056551,2026-02-12 03:52:52.271729,577,6068,4673,Delayed
3969,Garrett-Zamora,HVG,CBZ,2026-03-06 22:59:49.070956,2026-01-25 04:46:34.107780,263,8990,28388,On Time
3970,"Rogers, Cohen and Owens",XJB,ISQ,2026-03-30 02:28:23.081906,2026-03-12 23:03:48.839541,507,8507,26269,Cancelled
3971,Larson-Hines,POL,JHK,2026-03-15 22:57:59.284134,2026-04-01 08:21:19.168115,51,435,9354,On Time
3972,"Meyers, Phillips and Roberson",KLN,JHK,2026-02-26 11:57:02.067313,2026-02-11 18:25:16.856030,60,2372,47353,Delayed
3973,Woods Inc,FVJ,HFX,2026-01-11 15:43:41.520604,2026-01-31 11:13:56.049046,96,6722,47416,Cancelled
3974,Hall-Harris,ARU,OIS,2026-01-31 02:48:03.970784,2026-03-23 02:30:03.072382,554,649,28891,On Time
3975,"Thomas, Watts and Henderson",MOG,NRE,2026-02-18 01:27:12.911860,2026-04-07 18:05:57.906357,422,733,7100,On Time
3976,Mitchell-Rosales,HGF,ZUD,2026-04-03 23:07:21.644208,2026-02-14 16:30:33.112462,127,9777,41867,On Time
3977,Montes and Sons,MWN,XTO,2026-01-02 16:56:41.420676,2026-04-02 20:34:14.447233,183,2614,28086,Delayed
3978,"Fowler, Castillo and Powell",JQG,DPO,2026-02-11 13:07:58.936555,2026-01-29 02:47:47.879889,546,8304,32996,Delayed
3979,"Yang, Boyd and Peterson",VLU,VXI,2026-01-14 01:49:56.439943,2026-02-20 14:26:08.885923,182,1673,23888,Cancelled
3980,Russell-George,ZNM,AAU,2026-01-19 20:24:16.012164,2026-03-02 16:04:34.652299,354,4204,23320,Cancelled
3981,Robertson-Harvey,UNV,WJU,2026-01-17 22:23:16.826830,2026-03-24 13:34:49.556097,124,6463,36220,Delayed
3982,Mendoza LLC,ZUD,YSA,2026-03-24 11:33:02.488739,2026-01-18 21:22:32.386021,321,3979,12808,Cancelled
3983,Mccoy Ltd,NSL,JEO,2026-02-03 18:12:58.257452,2026-01-24 15:48:40.441951,242,3910,17937,Delayed
3984,Thompson and Sons,JEO,MZH,2026-03-19 22:52:34.203155,2026-02-28 23:13:27.815925,138,4804,41927,On Time
3985,Nielsen-Becker,YTN,JQG,2026-01-04 10:01:58.049758,2026-01-12 07:53:33.011420,191,7630,20120,Delayed
3986,Martinez-Brown,XWE,HIA,2026-03-11 05:10:40.200976,2026-01-12 07:07:55.445025,149,4542,26999,On Time
3987,Tran-Klein,UVN,CXD,2026-01-17 10:21:57.907625,2026-03-07 00:02:13.123049,575,6058,27456,Cancelled
3988,"James, Perez and Carroll",NSL,HGF,2026-02-27 23:32:35.103228,2026-03-26 21:22:25.458980,468,3624,4809,Cancelled
3989,Wong-Flores,SJZ,HOR,2026-03-21 12:43:10.543193,2026-02-13 22:15:18.675968,210,3873,26115,Delayed
3990,Bryant Group,ZYQ,VPZ,2026-01-08 01:42:30.632165,2026-01-06 10:38:47.587531,279,3253,43292,Cancelled
3991,Davis Ltd,ZUD,FPG,2026-03-29 00:31:14.481294,2026-01-17 14:35:50.471073,100,2268,9520,Cancelled
3992,Edwards and Sons,YTN,JLM,2026-01-26 10:48:07.230940,2026-02-24 11:18:07.026858,130,5619,31997,Delayed
3993,Cantrell-Bautista,VBS,MWN,2026-02-01 16:15:30.271013,2026-03-14 01:38:35.544806,83,1393,27181,Delayed
3994,Whitehead-Turner,ZIB,CBT,2026-01-07 16:17:50.283786,2026-03-11 21:18:38.653109,112,1600,16912,Delayed
3995,Smith-Haney,CYC,CEK,2026-03-13 16:28:30.133029,2026-03-12 18:48:05.292541,487,9328,9149,On Time
3996,Neal PLC,JEO,HZK,2026-01-10 04:12:31.919307,2026-02-21 02:41:45.655931,528,2091,13251,On Time
3997,Alvarez-Carr,JLG,RML,2026-03-10 02:48:56.916441,2026-03-25 23:15:37.128448,268,5389,5816,On Time
3998,Marks-Jones,WMQ,NRE,2026-03-11 05:38:13.331594,2026-02-17 16:06:25.997056,160,5746,28587,Cancelled
3999,Gilbert Inc,JLM,XWE,2026-03-17 06:57:47.483020,2026-03-25 01:13:25.944823,170,9235,18050,On Time
4000,Reed-Hernandez,RWO,CYC,2026-01-23 01:26:12.432788,2026-01-28 06:50:44.590203,139,8966,40750,On Time
4001,"Johnson, Brown and Roach",ZQT,YLF,2026-04-05 16:08:23.237574,2026-02-16 18:56:45.310588,456,7190,4106,Delayed
4002,Sweeney Inc,JLG,AMB,2026-01-07 07:41:03.264921,2026-02-04 15:10:20.128579,260,6543,5825,On Time
4003,Smith-Lee,CBZ,UVN,2026-02-06 06:22:18.965000,2026-03-29 11:36:51.789237,229,9238,9894,Cancelled
4004,"Smith, Morgan and Davis",DBH,RXD,2026-01-04 06:58:57.450113,2026-03-02 05:15:55.109430,289,7461,49692,Cancelled
4005,"Blair, Travis and Leon",MGR,LIW,2026-03-18 00:23:53.765856,2026-01-29 23:01:10.585057,417,6234,48956,On Time
4006,Edwards-Jackson,MZE,GGR,2026-01-25 16:47:12.825991,2026-01-15 23:18:57.050821,528,1111,10461,On Time
4007,"Lamb, Gordon and Hudson",MZH,GGR,2026-02-13 05:25:51.508902,2026-03-28 16:24:11.991944,53,7668,23852,On Time
4008,Romero Inc,PMA,MZE,2026-04-04 07:57:48.316040,2026-03-14 20:06:40.265735,242,5916,20282,Cancelled
4009,Jackson-Salazar,JEO,ANH,2026-02-21 14:28:43.719203,2026-01-06 03:54:30.279285,329,6536,41475,Delayed
4010,Spears and Sons,FVJ,LFV,2026-02-10 12:56:05.757219,2026-02-22 07:41:49.277036,207,1846,28630,Cancelled
4011,Williams-Owens,WMQ,RXD,2026-02-17 01:40:41.901920,2026-01-23 00:54:56.003822,552,518,38808,Cancelled
4012,"Morris, Day and Jones",UVN,XYB,2026-01-14 20:53:21.413617,2026-02-24 13:06:35.192663,35,7290,30092,Delayed
4013,Torres LLC,PIC,UZS,2026-02-07 01:09:03.373674,2026-01-10 06:52:40.299948,84,6230,25274,Cancelled
4014,Williams-Williams,GYR,XRZ,2026-02-18 01:36:32.914376,2026-01-14 04:40:11.615901,220,2507,26857,On Time
4015,Phillips Inc,GGR,OLP,2026-02-15 00:10:26.107191,2026-03-28 23:25:32.374593,150,6191,9196,Cancelled
4016,Burch-Johnson,MWN,RCJ,2026-03-18 07:22:46.765405,2026-01-05 14:00:49.347050,101,8255,21499,On Time
4017,Thompson Ltd,KFP,VBS,2026-02-24 07:35:59.125901,2026-01-23 01:04:43.451003,555,2734,47264,On Time
4018,Kelley LLC,DDQ,SXE,2026-03-20 00:26:58.649615,2026-02-24 13:46:53.259489,370,1607,18526,Delayed
4019,Acosta Ltd,KLN,QZD,2026-02-22 13:40:34.426068,2026-02-03 12:27:22.575806,45,9096,3469,Cancelled
4020,Waters Group,VZN,PIC,2026-03-22 01:46:53.076222,2026-01-18 00:13:22.765717,448,9297,46652,On Time
4021,Taylor-Anderson,EMT,HIR,2026-03-26 23:52:10.510081,2026-03-08 22:27:29.038621,66,1766,30374,On Time
4022,Stanley-Davila,OTP,VPZ,2026-02-03 03:47:16.721936,2026-03-30 09:02:22.865908,394,3470,40966,On Time
4023,Larson PLC,PTQ,JDM,2026-04-05 11:06:25.592150,2026-01-06 15:37:27.255176,144,6637,40654,Cancelled
4024,Mcdaniel-Campbell,TGY,JLM,2026-01-01 05:19:09.179064,2026-03-24 11:27:48.363473,96,6513,42328,On Time
4025,"Wolf, Hunt and Stanley",MNZ,PIC,2026-01-22 10:23:58.622695,2026-02-26 10:35:43.634234,396,7235,3964,Delayed
4026,"Reid, Kelly and Oneill",QNT,OLP,2026-03-11 10:35:52.375138,2026-03-15 08:22:01.592213,405,1879,31764,On Time
4027,Price LLC,OTP,LZQ,2026-02-26 05:18:31.576272,2026-02-03 05:21:46.020158,119,9276,13893,Cancelled
4028,Koch-Johnson,XJB,BJW,2026-03-30 02:58:34.337655,2026-03-09 15:07:20.027775,114,4538,48743,Delayed
4029,Lucero-Bishop,TOJ,FIA,2026-01-17 18:11:04.000431,2026-01-29 02:08:44.329590,173,2353,9896,Cancelled
4030,Gardner-Johnson,HOR,OLP,2026-01-08 09:19:46.735448,2026-02-24 06:23:16.035222,490,8753,39521,On Time
4031,Collins and Sons,DYM,ZYQ,2026-01-12 11:52:24.436654,2026-03-20 08:18:23.510042,571,4284,25771,On Time
4032,Moon-Blackburn,JLG,VXK,2026-01-30 22:37:08.591084,2026-02-17 16:55:55.500239,203,8577,31790,Delayed
4033,Brewer LLC,POL,QNT,2026-03-22 17:08:22.061968,2026-01-30 08:16:35.405485,491,3486,24962,Delayed
4034,Nielsen PLC,ANH,PIG,2026-03-13 17:22:20.354080,2026-03-04 08:44:11.107090,175,7427,30847,Cancelled
4035,Martinez Ltd,CPL,ISQ,2026-01-08 13:47:07.262722,2026-02-17 22:03:23.110008,207,4336,25004,Cancelled
4036,Watson-Holt,DBH,AAU,2026-01-09 03:40:51.716847,2026-03-22 16:37:03.502777,396,6602,4292,On Time
4037,Rice-Molina,PXE,LZQ,2026-02-15 13:55:11.124936,2026-01-17 14:20:54.099249,232,7400,5324,Delayed
4038,Mclean Group,GXQ,XNP,2026-03-11 04:12:17.452147,2026-03-27 10:21:33.584236,474,1254,16248,Cancelled
4039,Henry PLC,MZH,MAF,2026-02-16 09:53:57.826268,2026-03-11 10:58:13.636785,502,1518,18214,On Time
4040,Newman-Wagner,MZE,JBR,2026-01-19 20:23:15.297275,2026-01-10 17:15:39.175900,48,4155,48895,On Time
4041,Reynolds-Smith,RRZ,MNZ,2026-03-08 10:17:54.673907,2026-02-21 09:50:18.117414,209,3169,12173,Cancelled
4042,"Lopez, Bennett and Washington",RXD,OJV,2026-01-27 02:54:39.099286,2026-03-27 20:40:34.484990,75,498,15200,Delayed
4043,"Porter, Cruz and Fuentes",GXQ,DDQ,2026-01-13 06:12:53.256868,2026-03-03 20:53:01.865337,319,6455,17788,Cancelled
4044,Olson Group,NRE,AJM,2026-02-02 06:49:41.519854,2026-01-25 08:13:33.538725,331,2002,45474,Cancelled
4045,"Elliott, Joseph and Sutton",CXD,CBZ,2026-02-04 00:42:21.997106,2026-02-23 09:27:45.034313,159,4271,19130,On Time
4046,Rocha Group,QPC,UHK,2026-02-18 05:06:13.825196,2026-01-07 10:19:11.775076,588,218,46028,Cancelled
4047,Beard Group,AMB,BJD,2026-01-31 08:54:34.283048,2026-01-18 16:18:57.512338,122,1099,37325,On Time
4048,Williams Inc,EMT,YLF,2026-03-09 20:18:50.710178,2026-01-21 18:02:55.287996,266,8583,2185,On Time
4049,Flores-Miller,UZS,ZEI,2026-01-23 22:16:17.167280,2026-01-29 03:33:28.134884,69,6871,41524,Cancelled
4050,Carter-Powell,DDQ,VAZ,2026-03-19 07:29:26.799953,2026-02-14 01:45:32.861660,507,9953,5674,Delayed
4051,"Mcknight, Johnson and Lyons",HVM,NSL,2026-01-21 02:44:57.765916,2026-03-23 07:13:17.082388,320,1548,4244,Delayed
4052,"Macias, Taylor and Davis",KBO,HVM,2026-03-23 00:00:38.853615,2026-01-09 11:30:12.028630,282,4624,39449,On Time
4053,Williams Inc,UAI,OLP,2026-01-14 03:06:18.120356,2026-02-24 19:08:10.674906,574,1702,23740,Delayed
4054,"Rush, Thomas and Beasley",UNV,GQT,2026-04-05 09:07:11.124834,2026-01-20 21:13:03.642429,430,1536,42147,Cancelled
4055,"West, Griffin and Garcia",HFX,DCP,2026-03-19 06:44:42.242208,2026-02-27 04:22:47.408044,269,849,28880,Delayed
4056,Snyder-Leonard,UAI,HVG,2026-02-10 08:31:42.513927,2026-04-01 16:16:55.309652,213,3116,21627,On Time
4057,"Kaufman, Simpson and Carpenter",POL,UAI,2026-01-14 17:28:43.021873,2026-01-03 12:39:54.564161,34,2173,33370,Cancelled
4058,Hughes PLC,OKN,SEA,2026-01-12 22:15:41.588962,2026-01-04 05:44:55.124861,209,4158,4127,Cancelled
4059,Oconnor Ltd,PXE,WJU,2026-02-08 10:41:55.595914,2026-02-11 22:15:16.675585,381,6275,48921,Delayed
4060,Dean LLC,SLG,ISQ,2026-01-26 09:56:59.871949,2026-01-24 17:27:02.458034,169,3783,40992,Delayed
4061,Crane-Kane,OYA,UDQ,2026-02-15 09:26:15.453495,2026-01-19 12:40:00.468677,388,2215,21465,Delayed
4062,"Davenport, Ryan and Ryan",JVO,YSI,2026-01-28 00:30:27.193551,2026-03-17 13:51:54.085734,127,316,4361,Delayed
4063,Wu LLC,ZNM,JBR,2026-02-26 20:49:51.236979,2026-02-13 23:57:12.240275,213,6577,5045,Cancelled
4064,Leon Group,TTI,JBR,2026-03-29 10:09:50.367855,2026-01-18 11:35:42.817440,198,7155,28567,On Time
4065,Velez-Barton,SEA,FCG,2026-02-26 06:19:31.485940,2026-03-24 02:13:17.836705,522,9936,49048,Delayed
4066,"Soto, Andrews and Brown",AXF,MGR,2026-01-26 21:44:39.420430,2026-01-08 08:53:48.435392,118,4980,42193,Delayed
4067,"Brooks, Smith and Rivera",RCJ,CYC,2026-02-13 01:01:30.415149,2026-01-26 01:24:56.101109,356,2325,25942,On Time
4068,"Massey, Moore and Shaffer",LZQ,MAF,2026-01-10 08:07:42.591921,2026-04-06 11:19:08.401857,247,6499,24650,Delayed
4069,Bird-Sherman,OIS,OIN,2026-03-31 16:32:58.558839,2026-01-29 20:58:36.560274,393,7126,27995,Delayed
4070,Barker LLC,HFX,ZUD,2026-01-16 14:40:18.527050,2026-03-12 22:58:56.900519,38,4584,9978,On Time
4071,Cole-Savage,PIC,NSL,2026-03-19 20:59:49.343184,2026-03-02 20:47:43.445365,224,4307,16808,Delayed
4072,Levine-Bond,DHB,MNZ,2026-02-06 10:43:44.225470,2026-01-23 06:38:42.774157,531,1451,49938,Delayed
4073,"Ramsey, Shelton and Adams",TOJ,OKT,2026-03-23 19:27:22.688709,2026-04-01 23:21:17.094729,468,3698,25494,Delayed
4074,"Davis, Rodriguez and Turner",QST,DVE,2026-01-19 07:06:54.730912,2026-04-06 17:46:31.382755,33,2250,15634,Cancelled
4075,Walker and Sons,CYC,DDQ,2026-04-03 08:42:24.742950,2026-02-21 07:32:36.305125,132,6357,8683,On Time
4076,Johnson-Sullivan,JDM,VXI,2026-03-04 08:27:46.025341,2026-01-17 20:00:23.207659,214,2353,39068,On Time
4077,"Willis, Savage and Rivers",JEO,JHK,2026-02-02 14:16:35.328372,2026-01-31 12:11:29.553381,314,8586,43166,Cancelled
4078,Dixon-Butler,XNP,FPG,2026-01-15 13:21:02.019618,2026-02-24 05:08:38.143188,485,7608,30683,Delayed
4079,"Richardson, Bennett and Garcia",PMA,SFR,2026-03-29 04:01:33.192753,2026-03-31 04:57:30.000860,481,1292,45270,Cancelled
4080,"Wolf, Wilson and Willis",LZQ,VPU,2026-02-11 15:02:48.317116,2026-02-01 23:46:02.609620,116,3828,25138,Cancelled
4081,Collins-King,WJU,HIR,2026-03-23 13:24:27.337854,2026-02-18 03:50:50.093411,258,1504,25839,Cancelled
4082,Deleon-Williams,JHK,RFS,2026-02-26 08:17:20.585627,2026-03-14 10:03:15.554252,435,6261,32226,Cancelled
4083,Wilson-Manning,KBO,OKT,2026-01-21 01:48:35.536961,2026-02-04 22:37:00.082284,298,2566,30620,On Time
4084,Morse-Williams,LFV,UPB,2026-02-20 17:44:24.470898,2026-02-25 14:41:01.743217,561,7242,33529,Delayed
4085,"Allen, Fuller and Kemp",QST,HFX,2026-02-09 03:20:06.951494,2026-01-28 13:13:39.054770,466,4217,13318,Delayed
4086,Lee Inc,CKO,VHB,2026-02-11 23:40:14.481824,2026-03-17 01:30:09.654385,71,9025,9584,On Time
4087,"Mclean, Mueller and Mills",XNP,PTQ,2026-02-09 11:13:24.463654,2026-01-10 23:28:22.820926,494,3117,41730,Delayed
4088,Holmes-Morris,RWO,MZH,2026-02-12 04:54:21.144020,2026-03-24 19:45:15.869839,575,6575,28075,Cancelled
4089,"Lewis, Thornton and Morgan",MAF,GGR,2026-01-27 07:13:22.731982,2026-01-26 03:09:53.182644,271,8097,12577,Cancelled
4090,"Barry, Perry and Harrison",PTQ,ZNM,2026-03-13 17:37:01.397377,2026-03-15 03:58:22.388788,336,9552,47724,On Time
4091,"Gonzalez, Foster and Bennett",VPZ,UDQ,2026-04-08 09:26:42.862029,2026-03-30 02:25:09.149052,438,9924,49138,Cancelled
4092,Hansen LLC,AXF,OYA,2026-03-17 02:04:17.131215,2026-02-27 04:29:46.395776,200,9535,20413,On Time
4093,Graham-Wiggins,PIG,ORB,2026-03-29 07:16:35.974532,2026-03-06 16:48:23.619660,111,890,37915,Cancelled
4094,"Collins, Perez and Garza",CYC,OWC,2026-01-05 16:30:15.600663,2026-02-04 20:18:40.610098,391,935,17146,Cancelled
4095,Kelly PLC,ARU,QNT,2026-02-19 05:49:12.480342,2026-01-19 16:59:22.221978,554,8571,16977,Cancelled
4096,Foster Group,VZN,NSL,2026-01-19 18:13:02.891369,2026-03-23 07:05:23.675163,184,8662,31695,On Time
4097,"Griffin, Irwin and Long",NSL,ZSP,2026-01-09 14:23:10.435524,2026-01-18 13:37:44.598246,246,2767,48567,Cancelled
4098,Johnson Group,TGY,RFL,2026-01-10 02:49:12.474121,2026-03-24 16:19:50.991179,356,7895,16073,Delayed
4099,Hess-Davis,NGJ,NPR,2026-01-01 08:32:19.272156,2026-01-27 14:55:24.291215,292,9690,47725,On Time
4100,"Bradshaw, Young and Brewer",MVU,OWR,2026-01-27 19:59:27.189881,2026-02-01 15:42:44.034065,141,347,9446,Cancelled
4101,Ross Inc,FIA,UZS,2026-02-09 01:55:53.170397,2026-02-23 17:17:05.494054,175,1378,39076,On Time
4102,Nash LLC,AAU,KBO,2026-01-23 04:28:20.893201,2026-03-30 12:07:06.614400,289,5994,37039,Delayed
4103,Bright and Sons,HIR,AMB,2026-03-18 16:20:39.934501,2026-04-06 06:41:13.953532,212,1121,24373,Cancelled
4104,Edwards-Barrera,IAL,FIA,2026-04-05 06:45:58.995573,2026-02-16 10:43:34.206456,403,4745,2779,Cancelled
4105,Schneider-Colon,RXD,DHB,2026-03-30 10:07:33.392776,2026-01-03 15:38:54.305108,358,9935,17608,Cancelled
4106,"Sims, Pearson and Arroyo",YSI,MVU,2026-03-21 18:02:39.285208,2026-01-16 08:36:16.005948,93,6806,41155,Cancelled
4107,Howe LLC,WMQ,CKO,2026-03-07 12:50:14.007952,2026-01-05 14:41:03.733278,547,7765,41831,On Time
4108,"Watson, Hall and Ellison",VXI,XJB,2026-04-02 07:34:12.663981,2026-01-20 22:57:16.168534,305,1293,19628,On Time
4109,Hunt-Torres,DYM,NLB,2026-03-13 16:55:57.396926,2026-01-16 12:19:13.015404,255,8495,32266,Delayed
4110,Daniel PLC,CPL,OIN,2026-01-26 03:33:19.828927,2026-02-27 07:05:42.963197,275,9679,46167,Cancelled
4111,Sexton-Cook,RXN,HUX,2026-03-19 16:24:30.526848,2026-03-24 06:01:12.755128,206,6951,43815,Cancelled
4112,Peterson and Sons,QEH,FFE,2026-03-18 12:23:17.524808,2026-03-27 07:44:51.025594,552,3008,21559,On Time
4113,"Morris, Wells and Ramirez",QZD,CEK,2026-01-07 07:54:23.241791,2026-03-02 02:55:03.711411,544,2052,31246,On Time
4114,Webb Ltd,UAI,QZD,2026-02-23 16:02:34.603936,2026-02-01 04:49:26.486756,123,4515,26061,Delayed
4115,Gray-Foster,GHQ,RXD,2026-01-23 01:28:39.630483,2026-03-04 19:15:10.912589,371,669,4895,Delayed
4116,"Baker, Horn and Ayala",RFS,FYW,2026-01-12 06:51:50.158612,2026-04-05 15:25:50.768341,92,7475,9303,On Time
4117,"Rivera, Smith and Pierce",GHQ,ARU,2026-02-21 07:28:54.078154,2026-03-13 11:57:20.074842,205,5991,41973,Cancelled
4118,Gutierrez-Morgan,DPO,VZN,2026-02-16 18:26:03.079173,2026-01-23 21:25:43.601871,281,8458,14334,Delayed
4119,Hall-Collier,GYR,ZIB,2026-01-25 15:17:41.031423,2026-03-16 04:43:09.420292,73,7383,23229,Delayed
4120,"Summers, Cooper and Bryant",NGJ,CEK,2026-03-28 22:48:14.676819,2026-02-05 00:37:20.600112,446,3896,20297,Cancelled
4121,Haynes Ltd,JLM,GQN,2026-03-20 09:30:05.831950,2026-04-03 14:47:18.703135,516,9035,48476,On Time
4122,Roberts-Mcgee,ANH,COF,2026-04-06 13:32:26.751349,2026-01-13 22:15:27.876824,470,1131,7307,Cancelled
4123,Leon Ltd,YSA,HOR,2026-03-20 18:42:22.171544,2026-02-15 19:03:32.824978,136,4298,35145,Cancelled
4124,Morton-Newman,CXD,SLN,2026-03-31 17:50:06.486336,2026-02-12 16:56:33.857275,572,6322,43719,Delayed
4125,Odonnell-Black,KLN,VPU,2026-02-19 12:51:33.718803,2026-03-05 18:40:26.895336,367,1336,34733,On Time
4126,Park-Coleman,HIR,FFE,2026-03-19 12:05:20.706902,2026-01-27 16:58:01.104668,249,6113,37990,Delayed
4127,Hughes-Casey,YDU,ANH,2026-04-07 10:48:27.313199,2026-03-18 16:46:07.627606,527,1473,43521,On Time
4128,Petty and Sons,GQN,OIN,2026-01-12 06:07:59.833105,2026-02-21 10:25:56.676853,136,1907,47901,Delayed
4129,"Rangel, Fowler and Mills",JQG,JVO,2026-01-21 02:55:15.133595,2026-03-09 14:48:08.023070,376,5043,35620,Delayed
4130,"Barker, Richard and Allen",JQG,DYM,2026-03-12 07:16:21.494646,2026-02-11 00:42:55.123196,105,7105,24575,Delayed
4131,"Becker, Stevens and White",DHB,AXF,2026-03-12 01:59:24.938782,2026-02-01 15:05:28.714975,453,1744,30195,Delayed
4132,Johnson-Moody,PRW,FFE,2026-01-01 13:15:07.594454,2026-02-19 17:15:40.087611,89,8340,4019,On Time
4133,"Hall, Howard and Hall",UNV,QZZ,2026-03-05 14:32:06.954391,2026-02-03 11:53:07.886444,315,6576,3543,Cancelled
4134,Burnett Ltd,PRW,SLN,2026-01-21 03:44:51.340771,2026-04-01 20:36:34.909112,349,2151,39062,Cancelled
4135,"Marquez, Singh and Miller",COF,MAF,2026-01-26 21:15:38.512770,2026-01-18 11:14:22.522927,159,7537,5379,On Time
4136,"Hamilton, Mann and Hudson",FVJ,JVO,2026-02-13 19:15:46.902514,2026-03-07 12:32:39.414975,77,6653,6561,Delayed
4137,"Wells, Allen and Molina",AOQ,PMA,2026-01-19 00:14:55.173810,2026-03-22 12:03:18.826127,596,5224,8730,Cancelled
4138,Palmer and Sons,ESX,PXE,2026-02-16 05:34:12.460905,2026-01-05 13:57:58.772388,253,6951,9841,Cancelled
4139,Fitzgerald-Green,MVU,CBT,2026-03-17 02:04:26.638398,2026-03-22 21:15:48.994667,517,2319,14534,On Time
4140,"Horn, Deleon and Daniels",QST,OWR,2026-03-02 21:03:56.609143,2026-03-04 15:01:20.914392,498,225,7390,On Time
4141,Carson and Sons,UAI,TGY,2026-01-04 18:46:29.851945,2026-03-06 14:33:47.276133,320,8867,39212,Delayed
4142,Glover Ltd,HZK,BIL,2026-03-08 21:51:38.635726,2026-01-08 13:08:40.033178,264,905,23150,On Time
4143,Lucas-Johnson,VAA,UZS,2026-02-15 20:42:01.312420,2026-02-08 00:15:35.316338,152,9957,6518,Delayed
4144,King Group,HFX,QNT,2026-01-20 04:55:41.853679,2026-01-01 18:49:48.241963,171,5577,36210,Cancelled
4145,Weber and Sons,RCJ,COF,2026-01-01 21:21:09.316947,2026-01-05 07:16:31.831026,501,464,34115,Delayed
4146,Sanchez LLC,ORB,MNZ,2026-03-05 03:13:02.302115,2026-01-02 20:17:24.081106,256,4523,41474,Cancelled
4147,"Howe, Wang and Jones",HGF,YSA,2026-03-01 08:09:23.733151,2026-01-08 20:33:56.827775,487,5701,49680,Cancelled
4148,"Stout, Villegas and Gardner",ZSP,FIA,2026-03-01 08:49:18.164263,2026-03-06 02:20:08.314917,242,4725,45986,On Time
4149,Mullen LLC,CEK,JLM,2026-01-29 03:17:22.319541,2026-03-27 07:35:06.483606,587,1298,41233,On Time
4150,Le and Sons,YNZ,TRV,2026-03-17 00:22:16.438868,2026-01-26 20:48:21.847990,261,8506,39817,On Time
4151,"Hurley, Mcpherson and Braun",AOQ,DVE,2026-01-26 09:55:09.134399,2026-03-27 16:07:56.214709,559,1830,26109,Delayed
4152,"Greene, Clements and Mckee",XOR,AOQ,2026-03-03 20:20:17.350483,2026-01-19 22:14:32.622772,441,3691,5952,On Time
4153,Beck-King,QST,VLU,2026-03-03 20:00:59.920158,2026-01-24 03:13:42.042181,358,3381,46323,Cancelled
4154,Anthony Inc,SXE,QPC,2026-01-10 07:34:56.276199,2026-02-20 04:41:17.577723,158,3157,30506,Delayed
4155,"Brooks, Mcmahon and Snyder",IUM,ORB,2026-02-10 15:57:20.170244,2026-02-24 15:29:22.390585,372,6672,19203,Cancelled
4156,Fowler Inc,SLN,EMQ,2026-04-03 14:33:18.388567,2026-03-22 21:47:30.040527,157,7294,36032,On Time
4157,"Davis, Moore and Williams",FOE,RFL,2026-04-01 14:00:23.135592,2026-02-20 13:20:01.288340,490,7122,14504,On Time
4158,"Hill, Baker and Pruitt",UUO,FCG,2026-02-05 03:18:00.720727,2026-04-07 22:46:02.714185,458,465,10743,Delayed
4159,"Barton, Hickman and Maxwell",VFJ,IDD,2026-03-04 10:56:08.919246,2026-01-15 18:10:13.017973,130,9936,3893,On Time
4160,Trevino-Miller,PRW,JDM,2026-02-15 10:32:20.797980,2026-02-04 17:37:30.283585,554,5842,9166,On Time
4161,Patel-Allen,LXX,FOE,2026-03-27 08:38:34.199324,2026-03-03 07:44:08.135523,535,7206,42904,Delayed
4162,Willis Group,HZN,KHA,2026-02-04 17:34:57.691378,2026-02-19 09:17:57.229087,404,873,44051,Cancelled
4163,Banks Inc,PRW,FPG,2026-03-14 15:27:09.985045,2026-04-02 08:10:11.993769,346,8405,30224,Delayed
4164,Lawrence-Russell,TRV,KRW,2026-03-18 11:34:57.919755,2026-02-13 18:40:40.530700,59,4451,35241,Delayed
4165,Nguyen Inc,HZN,YSA,2026-03-24 08:47:09.237078,2026-01-29 16:50:50.753262,216,6987,48128,Cancelled
4166,"Campos, Allison and Hernandez",LXX,BJD,2026-03-29 11:15:39.553100,2026-01-09 04:45:49.573303,547,6462,8490,On Time
4167,Hunt-Smith,JLG,DYM,2026-03-05 08:33:45.762202,2026-01-09 01:28:05.967023,403,7770,24874,Cancelled
4168,Burgess-Tanner,RCJ,HIR,2026-01-20 18:12:28.525572,2026-02-20 23:20:46.065138,171,9606,19106,Cancelled
4169,"Page, Robles and Lamb",FIA,MZE,2026-04-03 22:00:54.698773,2026-03-19 02:13:14.765140,578,4198,18856,Delayed
4170,"Green, Walker and Miller",XYB,UUO,2026-03-21 15:59:56.638316,2026-02-24 05:28:07.144560,590,1336,15491,On Time
4171,Stewart Group,RZR,HOG,2026-02-11 12:25:55.975576,2026-03-08 02:25:37.843705,424,2626,3021,Cancelled
4172,Butler-Reese,NLB,AAU,2026-03-10 15:08:01.736832,2026-03-04 02:19:10.172654,285,4078,30477,Cancelled
4173,Hughes PLC,WAX,CXD,2026-01-28 20:28:48.029132,2026-01-20 23:55:20.433669,312,1218,16217,Delayed
4174,Hayes LLC,XJO,CPL,2026-01-09 23:39:43.468270,2026-02-21 03:59:34.619766,425,8075,29421,On Time
4175,Davis Group,CYC,IAL,2026-02-17 05:25:53.872821,2026-02-08 10:55:06.872098,216,4161,20917,Cancelled
4176,"Hensley, Santos and Brown",DVE,QNT,2026-02-09 18:45:49.524512,2026-01-01 01:35:14.170274,480,6491,11234,Cancelled
4177,Carpenter Group,CPL,DPO,2026-01-16 03:43:50.590713,2026-01-08 20:01:19.090290,477,2508,38116,Cancelled
4178,Camacho Ltd,NGJ,VAA,2026-03-29 10:38:38.858245,2026-01-11 07:53:12.231920,514,8893,2760,On Time
4179,"Simon, Mendoza and Miranda",LZQ,AMB,2026-03-05 01:52:14.705467,2026-01-27 02:50:46.728554,88,3624,11241,Delayed
4180,Hall-Schmidt,OLP,CBZ,2026-02-13 22:03:04.444874,2026-01-22 17:09:24.281531,130,5876,43497,Cancelled
4181,Ray and Sons,VAA,PFQ,2026-04-04 15:08:12.381958,2026-03-15 02:43:35.306739,443,5778,30603,On Time
4182,Duran-Brown,KHA,VBS,2026-03-06 17:56:31.069210,2026-02-15 01:53:58.617385,522,9703,42233,Delayed
4183,Davenport Inc,WAX,HIA,2026-03-03 02:51:05.728230,2026-01-22 04:51:29.936120,560,3056,15722,Cancelled
4184,"Johnson, Nielsen and Koch",FYW,KRW,2026-03-21 10:16:43.472615,2026-02-14 18:29:15.475762,120,1555,21834,Cancelled
4185,"Gonzales, Webster and Rhodes",POL,YTN,2026-02-11 13:46:40.616381,2026-01-24 13:52:02.310739,525,296,3929,Delayed
4186,Powell-Walters,MZH,DPO,2026-03-16 10:24:15.462907,2026-01-14 08:45:28.647708,543,2415,27598,Delayed
4187,"Lyons, Sullivan and Becker",NGJ,MWN,2026-02-06 23:41:01.030206,2026-01-29 04:05:27.344785,83,9552,43442,Cancelled
4188,Maldonado PLC,JDM,HVG,2026-02-22 19:22:53.135248,2026-02-01 00:50:13.856273,322,5562,14030,Delayed
4189,Aguilar Ltd,MWN,WUT,2026-03-17 18:56:30.907768,2026-04-02 00:47:14.658886,466,7762,38612,Cancelled
4190,"Black, Crawford and Lopez",VPC,EDQ,2026-03-22 11:14:33.170671,2026-01-20 04:06:13.767051,313,7082,7179,On Time
4191,Saunders-Smith,WMQ,HPX,2026-03-01 21:54:58.110237,2026-01-05 13:15:25.160071,401,2128,37087,Delayed
4192,Martin-Walker,QUE,RXN,2026-01-08 02:10:26.876688,2026-03-12 01:11:44.623544,551,645,42673,Cancelled
4193,Chandler-Miller,ISQ,MNZ,2026-04-07 02:59:25.167556,2026-04-08 01:45:49.117294,348,5203,44669,Cancelled
4194,Becker-Cole,FVJ,ZQT,2026-02-20 23:12:31.542882,2026-01-14 07:17:34.505216,162,1481,35071,Delayed
4195,Schneider-Martinez,XYB,SLN,2026-02-10 09:33:37.336314,2026-02-22 03:35:19.632029,579,4298,2266,On Time
4196,"Lucas, Pham and Curtis",TGY,JBR,2026-01-11 20:48:07.331200,2026-02-12 20:24:07.730546,114,5163,39221,Delayed
4197,Kim LLC,OWC,AOQ,2026-01-18 23:26:34.361950,2026-03-27 06:31:36.585027,519,3869,14117,Delayed
4198,"Chase, Parks and Rogers",QZZ,JQG,2026-03-27 01:30:25.458618,2026-03-02 18:15:02.437148,93,4233,35790,On Time
4199,Martin-Larson,BJW,ZEI,2026-04-01 04:46:07.344445,2026-01-23 08:26:43.117619,170,8704,39913,Cancelled
4200,Norman Group,NLB,KHA,2026-01-22 13:52:10.448949,2026-02-12 09:17:22.435095,222,6851,3423,Cancelled
4201,Beard and Sons,OWR,HUX,2026-02-22 12:30:08.935161,2026-04-03 18:50:31.867758,220,407,10110,On Time
4202,Hernandez PLC,OLP,JVO,2026-01-04 07:38:06.506327,2026-01-20 19:42:21.062036,166,9720,40406,On Time
4203,"Estrada, Phelps and Wallace",RFS,QEH,2026-01-19 21:56:12.306581,2026-03-05 22:54:26.579894,123,4951,44903,On Time
4204,"Jones, Mccoy and Garner",HVC,UZS,2026-02-12 22:50:52.863938,2026-02-21 03:39:38.100175,343,6781,39809,On Time
4205,Long-Mendoza,OWR,PIC,2026-01-12 11:26:07.385610,2026-03-19 14:36:11.691966,538,2867,42256,On Time
4206,Kane PLC,RWO,CXD,2026-04-07 13:46:47.626425,2026-01-26 10:28:13.802991,483,916,36154,On Time
4207,Brooks-Jennings,DYM,VAA,2026-03-26 10:48:16.045579,2026-03-13 02:18:44.629875,55,1315,49187,Delayed
4208,"Cameron, Horton and Salazar",YVL,DYM,2026-02-17 14:13:57.582210,2026-03-09 14:27:09.008981,165,6738,13193,On Time
4209,Bailey PLC,SEA,OKN,2026-01-31 23:16:36.846717,2026-03-13 19:09:39.669104,573,6305,22612,On Time
4210,"Moore, Snyder and Patterson",RFS,TTI,2026-02-07 22:43:07.063034,2026-01-06 10:03:20.120851,552,450,37008,Cancelled
4211,"Mueller, Chambers and Robinson",YSI,FVJ,2026-02-28 01:40:52.752278,2026-04-08 07:42:51.702535,289,3574,41995,Delayed
4212,"White, Wilson and Hayes",ZTI,SAZ,2026-01-04 15:00:19.105383,2026-01-10 06:30:15.239459,93,5757,42110,On Time
4213,"Gonzalez, Wolfe and Villanueva",ZIB,EMQ,2026-01-08 12:27:40.845183,2026-03-19 20:56:37.374345,424,498,23088,Cancelled
4214,"Thompson, Simmons and Durham",ZYQ,RCJ,2026-03-29 22:51:45.739704,2026-03-04 03:31:54.428295,168,6809,30564,Delayed
4215,"Brandt, Tyler and Gordon",DDQ,KRW,2026-02-15 07:40:55.035673,2026-01-30 17:25:41.980702,364,4764,42099,Delayed
4216,"Garrett, Mcclain and Campbell",NRE,UDQ,2026-02-26 23:24:06.080606,2026-01-10 03:33:02.112573,313,7761,9172,On Time
4217,Hancock Ltd,VHB,RRZ,2026-02-24 01:40:04.641263,2026-03-09 04:40:49.270896,592,8785,40925,Delayed
4218,Gutierrez-Orozco,HOG,POL,2026-03-20 23:52:12.549257,2026-02-18 16:36:01.850795,295,8587,20459,Cancelled
4219,Williams-Carr,OJV,CPL,2026-03-06 07:48:19.276531,2026-02-21 06:49:07.381318,374,3848,44971,Delayed
4220,Smith PLC,PRW,XOR,2026-02-23 04:52:42.145331,2026-01-18 09:28:26.450035,175,9221,46125,Cancelled
4221,"Jones, Simpson and Mills",RML,KBO,2026-04-02 19:31:14.255906,2026-03-29 07:41:08.159610,60,8404,11911,Cancelled
4222,Mathis Ltd,SLN,MAF,2026-04-01 03:46:35.227057,2026-01-18 07:38:10.595002,292,5194,39510,Delayed
4223,Golden-Valenzuela,UVN,NLB,2026-02-02 02:16:39.762902,2026-03-06 07:24:00.263088,572,2070,37800,Delayed
4224,Marshall-Thompson,JBR,FYW,2026-01-19 01:24:25.551653,2026-02-26 02:42:53.628223,415,8892,46616,Delayed
4225,Carr LLC,JDM,OKN,2026-03-31 11:16:15.495491,2026-02-22 04:39:48.776303,30,3260,14503,Cancelled
4226,Hill-Phillips,HIR,DNK,2026-01-24 01:21:46.377138,2026-03-09 04:31:37.095871,354,905,22052,Delayed
4227,Beck Inc,JVG,VAZ,2026-03-27 10:04:09.579913,2026-01-04 11:43:29.554768,189,7595,38980,On Time
4228,Martinez PLC,NPR,UUO,2026-01-11 12:41:10.971373,2026-03-17 00:10:34.764083,549,2354,18082,Delayed
4229,Shaffer PLC,DBH,RFL,2026-01-04 07:37:42.656832,2026-01-24 02:11:23.440474,333,2382,19273,Delayed
4230,"Burns, Hart and Brown",HZN,CBZ,2026-02-10 06:43:46.823431,2026-03-25 07:05:05.274394,232,2841,20517,Delayed
4231,Ellis and Sons,PFQ,VZN,2026-03-25 11:54:34.010996,2026-03-10 17:52:22.508904,64,4770,47267,Delayed
4232,Flores-Dean,DFB,TTI,2026-04-08 06:17:13.357777,2026-02-24 05:46:12.036346,32,3249,43412,Cancelled
4233,Walton-Snow,FYW,PIC,2026-03-20 05:39:03.475682,2026-04-02 10:52:01.201935,391,9247,18546,Cancelled
4234,Moore-Williams,OIS,TOJ,2026-02-13 16:35:04.327360,2026-03-24 16:43:57.672042,105,9694,40339,Delayed
4235,"Woodward, Rojas and Best",YLF,QZD,2026-03-24 04:51:42.017092,2026-03-11 23:41:14.120523,523,5292,30796,Delayed
4236,Hodges-Woods,QNT,KLN,2026-01-04 00:06:08.498872,2026-03-21 11:03:19.448102,420,4334,23073,Cancelled
4237,Thompson LLC,NGJ,RZR,2026-04-02 03:44:32.990508,2026-03-17 21:14:10.561233,420,3577,49190,Delayed
4238,"Riley, Rivera and Woods",YSI,RXD,2026-02-07 18:57:46.425601,2026-01-03 00:32:46.695423,74,496,39726,Cancelled
4239,Cook-Campbell,IUM,OTP,2026-01-25 19:31:20.823086,2026-03-27 03:37:15.516605,242,6715,25148,On Time
4240,"Johnson, Rivera and Castillo",GYR,SXE,2026-03-11 22:42:56.074950,2026-03-12 13:42:58.950643,300,7944,9593,On Time
4241,"Cain, Watts and Sanchez",WUT,NLB,2026-01-30 17:59:26.623170,2026-03-24 03:19:24.696181,434,8836,35130,Delayed
4242,"Duke, Fowler and Moore",VXK,MGR,2026-03-24 21:00:02.059829,2026-03-12 07:05:45.905888,131,3521,38599,Delayed
4243,Williams-Thompson,YTN,KFP,2026-01-29 05:43:05.695136,2026-02-23 15:33:27.522460,477,8663,30855,On Time
4244,Torres-Adkins,KBO,PIC,2026-01-17 14:32:06.193638,2026-02-10 07:32:08.193645,567,2149,21000,Delayed
4245,Johnston Group,GHQ,VBS,2026-02-26 09:14:43.149339,2026-03-02 03:31:25.701835,514,8456,9508,Cancelled
4246,Mitchell-Rodriguez,OTP,OKN,2026-01-25 04:49:02.643380,2026-01-27 16:50:47.915300,511,8332,49505,Cancelled
4247,Gordon-Alvarado,CYC,POL,2026-02-03 12:29:26.379542,2026-03-14 23:09:11.429555,589,7323,44030,Delayed
4248,Hernandez Inc,MWN,DDQ,2026-03-22 10:24:25.859257,2026-03-03 03:55:24.957807,120,2314,16011,Delayed
4249,Murphy-Mckay,YVL,TGY,2026-01-26 08:25:44.851637,2026-03-17 06:44:53.296144,293,9437,5919,Delayed
4250,Kelly-Curry,DHB,XNP,2026-02-27 05:58:09.391764,2026-02-06 05:15:26.468446,479,3400,34915,On Time
4251,"Barron, Russo and Hernandez",SAZ,RXN,2026-02-09 01:33:10.572130,2026-02-06 10:38:23.701213,222,1497,7707,Cancelled
4252,Owens Ltd,YVL,UUO,2026-03-11 19:49:49.277498,2026-02-07 03:42:56.560314,417,6182,6691,On Time
4253,Stone-Stevenson,HZN,ZUD,2026-01-25 18:11:32.437983,2026-03-20 08:00:18.699702,577,8213,32411,Cancelled
4254,Edwards LLC,RWO,ZQT,2026-01-21 19:58:14.906342,2026-01-07 22:54:24.125697,562,1617,27544,Cancelled
4255,Hamilton-White,RWO,BIL,2026-03-26 16:53:07.258045,2026-02-01 18:55:47.817471,453,8049,23393,On Time
4256,Thomas-Riley,CEK,QZZ,2026-02-05 14:57:19.470120,2026-03-21 17:08:24.160125,441,9885,3143,Cancelled
4257,Davis-Rice,GQT,VLU,2026-03-13 17:14:30.689904,2026-01-29 13:38:40.000828,439,5653,4176,On Time
4258,Jones Ltd,CBZ,VFJ,2026-03-12 16:05:51.398447,2026-03-30 00:19:14.303893,563,5300,41198,Delayed
4259,Howard-Fleming,MVU,JEA,2026-01-10 07:39:52.254155,2026-01-27 00:22:41.894115,296,413,7523,Cancelled
4260,Gay Group,ISQ,OWC,2026-03-08 10:54:18.708725,2026-02-24 13:52:26.060082,88,2424,7604,On Time
4261,Butler PLC,HFX,SLN,2026-03-13 22:39:22.613934,2026-02-11 06:03:08.202173,392,8070,34337,Cancelled
4262,Goodwin-Colon,XQD,UNV,2026-02-01 07:39:51.766930,2026-01-10 06:44:45.429118,91,5056,25374,On Time
4263,Shaw PLC,WAX,XQD,2026-01-10 22:17:31.960359,2026-03-23 12:19:25.456373,428,630,30481,Delayed
4264,"Palmer, Benitez and Chang",OWC,MWN,2026-03-12 22:57:06.184815,2026-02-22 01:55:09.626114,486,5230,48969,On Time
4265,Thomas Group,OLP,AJM,2026-01-06 17:53:52.206633,2026-01-06 16:08:42.076398,223,6788,32465,Delayed
4266,Miller-Archer,DFB,XNP,2026-01-26 17:12:25.883780,2026-01-31 19:54:30.551831,353,1737,26388,Cancelled
4267,Lee-Woods,DNK,HUX,2026-02-06 20:10:27.757529,2026-02-13 16:45:16.059028,368,2896,41614,Delayed
4268,"Leon, Robinson and Merritt",RXN,CBT,2026-01-27 16:17:23.551103,2026-02-25 11:48:50.722850,459,5328,39176,On Time
4269,Harris and Sons,JVO,QEH,2026-03-13 22:50:17.527719,2026-03-30 03:45:27.882874,337,2390,17315,Delayed
4270,Harper-Brooks,POL,CPL,2026-01-07 13:28:04.893036,2026-02-03 08:03:05.223157,386,1607,9462,Delayed
4271,Garcia and Sons,JVG,MZH,2026-03-22 04:06:48.096760,2026-01-13 03:56:58.195686,249,8991,3245,Delayed
4272,"Coleman, Snyder and Cowan",QEH,HZK,2026-01-03 08:34:56.292659,2026-02-03 18:26:43.236298,511,6032,17612,Cancelled
4273,Choi-Knight,JBR,OIS,2026-03-12 21:33:59.065789,2026-02-24 21:12:16.317822,348,351,48581,Cancelled
4274,Henderson-Johnston,HIR,FIA,2026-03-14 02:30:42.932562,2026-03-09 01:50:16.743509,402,944,34188,Cancelled
4275,Jensen Group,PIV,PIG,2026-02-19 12:31:44.112166,2026-03-01 06:42:52.371248,468,407,10807,Cancelled
4276,Hansen PLC,HVM,CYC,2026-01-13 13:50:01.634415,2026-03-10 14:48:59.429982,398,6366,8901,Delayed
4277,Griffin-Shannon,QAA,JDM,2026-01-25 21:46:13.404015,2026-02-13 15:49:44.576396,428,6134,38038,Delayed
4278,Mcguire Ltd,WPA,LFV,2026-03-02 16:34:13.310688,2026-03-27 09:19:28.951478,546,869,29508,Cancelled
4279,Vega Group,BJD,BZQ,2026-03-12 14:16:42.886332,2026-04-04 06:00:23.055524,235,354,11314,Cancelled
4280,Hensley Inc,UNV,MZH,2026-02-13 16:49:20.396428,2026-03-11 06:23:06.148804,596,3530,26900,On Time
4281,Gray-Anderson,CKO,MGR,2026-02-10 17:09:30.514293,2026-03-17 16:54:24.890471,103,8374,20500,On Time
4282,"Hobbs, Moreno and Bates",AOQ,BIL,2026-03-24 06:22:35.430789,2026-01-23 05:38:22.609527,533,2153,31366,Cancelled
4283,Harris-Le,MZH,VFJ,2026-03-02 03:03:02.931935,2026-01-27 20:20:55.455986,181,6374,35758,Cancelled
4284,"Wallace, Rivera and Peterson",XOR,KBO,2026-01-13 12:51:28.673374,2026-03-09 04:32:10.274111,181,9227,38961,On Time
4285,"West, Phillips and Morgan",WJU,COF,2026-03-01 09:19:00.721990,2026-01-18 10:26:26.671035,308,912,49870,Delayed
4286,Carroll Ltd,ZYQ,YDU,2026-02-08 13:35:09.838180,2026-03-22 03:40:39.135841,383,1926,4006,Cancelled
4287,"Solis, Lee and Beck",HVG,CYC,2026-02-19 02:54:38.741867,2026-01-15 20:04:36.029354,495,1082,12403,Cancelled
4288,Melendez Ltd,UPB,ZEI,2026-03-30 17:19:31.723582,2026-02-11 12:47:32.675435,582,479,33924,Cancelled
4289,Duarte-Park,AJM,VBS,2026-01-31 01:00:46.435685,2026-02-16 03:49:14.620716,74,6797,34658,On Time
4290,"Beck, Marshall and Wheeler",XJB,XWE,2026-03-30 04:36:24.727426,2026-01-12 14:46:11.670032,482,5190,11832,On Time
4291,Perkins Inc,KHA,POL,2026-02-08 04:22:14.527785,2026-03-26 16:29:08.519823,369,2426,24360,Cancelled
4292,Moreno-Mckinney,YTN,ARU,2026-01-25 21:12:12.023797,2026-01-23 03:44:44.484253,549,6336,15822,Cancelled
4293,"Roth, Wright and Flores",EMQ,WJU,2026-03-18 22:39:27.115472,2026-02-04 12:05:22.069814,466,8263,13586,Cancelled
4294,Mitchell-Mooney,JEO,ZTI,2026-01-11 12:14:53.371233,2026-01-11 00:53:08.971652,335,2190,16254,Cancelled
4295,Wilson Inc,CEK,WJU,2026-03-16 09:52:17.931767,2026-01-13 12:46:14.985755,430,2723,14644,Cancelled
4296,"Lamb, Fletcher and King",COF,YSA,2026-04-05 04:30:54.195570,2026-04-06 01:13:20.258154,579,1085,28710,Cancelled
4297,David-Bryant,NLB,WPA,2026-01-07 10:13:03.352509,2026-03-28 19:10:06.787305,442,4157,16914,Cancelled
4298,Davis LLC,UAI,CBT,2026-02-21 02:20:22.025792,2026-01-15 18:42:06.370736,506,9829,12385,On Time
4299,Smith Group,XJB,JHK,2026-03-17 04:43:26.620918,2026-02-23 07:41:35.187733,402,932,14225,Cancelled
4300,Flynn-Bryan,OIN,WPA,2026-03-02 14:57:54.881585,2026-03-04 15:34:52.951933,189,6176,13960,Delayed
4301,Wallace-Gomez,QZD,YLF,2026-02-09 01:05:20.732566,2026-01-22 15:26:35.958810,580,1706,24207,Cancelled
4302,"Johnson, Hill and Hale",AXF,ORB,2026-03-30 06:37:16.113866,2026-04-02 05:14:58.803721,266,9737,17515,On Time
4303,Roberts Ltd,PIG,NSL,2026-02-25 11:36:13.221454,2026-02-14 04:51:25.693860,355,3217,12151,Delayed
4304,Collins-Thomas,HGF,RXN,2026-03-19 01:14:25.834634,2026-01-06 02:21:13.606173,366,9527,14383,Cancelled
4305,"Fitzgerald, Graham and Stewart",ZTI,VAZ,2026-02-16 01:45:33.950676,2026-03-22 11:31:39.045914,238,7755,29374,Cancelled
4306,Marsh and Sons,QPC,HZK,2026-02-27 13:44:19.094452,2026-01-25 16:49:02.737268,343,3468,21488,Delayed
4307,Reynolds Ltd,SJZ,FOE,2026-03-30 15:12:24.302469,2026-01-29 10:10:44.655033,163,1990,10245,Cancelled
4308,Young-Edwards,BJW,KBO,2026-03-17 12:14:13.041923,2026-01-16 17:38:03.831322,31,3944,12625,On Time
4309,Edwards Inc,LXX,MVU,2026-01-14 22:16:51.829586,2026-01-29 14:13:01.278905,192,3320,43061,Cancelled
4310,Mcintyre Group,HIR,ZQT,2026-02-13 15:07:45.059457,2026-01-13 00:46:49.134661,346,4377,46308,Cancelled
4311,Gray PLC,ZUD,PIC,2026-01-11 21:06:17.716526,2026-01-09 11:55:10.239744,589,4397,26235,Cancelled
4312,Velez Inc,RZR,JDM,2026-02-04 21:02:14.739306,2026-01-30 11:21:45.977528,83,8396,22853,Delayed
4313,Brooks Inc,MZH,CKO,2026-02-04 13:59:13.784018,2026-02-02 19:34:42.830504,66,4622,35982,Cancelled
4314,Bailey-Cain,CBT,MVU,2026-02-15 07:41:32.466041,2026-01-23 02:34:24.201222,417,3754,26409,On Time
4315,Brown Ltd,KLN,VPZ,2026-01-03 09:15:35.792009,2026-02-04 23:03:59.769975,146,2845,32202,On Time
4316,Ward Inc,YNZ,MVU,2026-02-27 18:25:53.203934,2026-02-02 11:47:50.541273,203,699,45448,Cancelled
4317,Walker LLC,OKT,GGR,2026-03-28 13:43:20.087013,2026-01-09 07:58:24.779234,592,6643,33339,Cancelled
4318,"Hopkins, Wilson and Harrington",BJW,HGF,2026-01-02 11:46:25.717097,2026-01-17 09:12:38.721627,38,2928,21453,On Time
4319,"Snyder, Evans and Sanders",VLU,DNK,2026-01-19 08:44:19.236577,2026-02-07 22:21:00.223929,154,8596,26229,Delayed
4320,Gomez-Delacruz,LZQ,VXK,2026-03-02 08:46:14.904889,2026-02-11 06:26:56.876659,305,2582,47353,Cancelled
4321,"Jackson, Swanson and Morrow",LXX,TOJ,2026-02-24 18:26:14.496691,2026-03-03 14:11:03.430356,351,8519,33838,Cancelled
4322,Harvey LLC,ZSP,CFB,2026-02-12 08:55:20.508084,2026-03-01 10:07:41.897916,174,2376,26699,On Time
4323,Sanchez Group,VAZ,QNT,2026-03-23 10:49:04.931515,2026-03-27 04:28:16.531955,423,8753,42374,Delayed
4324,"Smith, Scott and Huff",MZE,HWX,2026-01-17 06:02:52.732046,2026-02-13 09:03:07.152334,472,4902,16571,Cancelled
4325,"Odom, Montoya and Allen",DYM,BJW,2026-01-12 20:26:06.693254,2026-03-15 12:01:28.891248,316,4256,5404,Cancelled
4326,Benitez-Watson,SAZ,JHK,2026-01-22 21:37:43.287318,2026-04-03 18:47:45.143115,489,8762,46245,Delayed
4327,Castillo Inc,VLU,NRE,2026-02-12 18:53:12.009773,2026-01-24 18:33:46.392279,520,6997,4145,On Time
4328,"Massey, Morris and Stevens",WUT,IAL,2026-01-28 07:27:29.135328,2026-03-04 10:47:26.948526,63,3066,20109,On Time
4329,Brown Inc,XJO,YLF,2026-01-06 12:24:13.134290,2026-02-22 01:01:24.753496,101,5582,47051,Delayed
4330,Stuart-Johnson,YSI,ZNM,2026-01-22 01:20:37.703728,2026-03-01 05:03:39.156918,166,7023,47292,On Time
4331,"Williams, Simmons and Leonard",ARU,MZH,2026-02-18 18:03:13.434000,2026-04-08 07:09:25.833006,460,235,33660,Delayed
4332,"Bowers, Jones and Kirby",QAA,JQG,2026-04-03 13:03:25.623633,2026-02-13 23:56:48.427248,443,2669,18878,Delayed
4333,"Williams, Graham and Skinner",VAA,YNZ,2026-02-10 11:24:12.345667,2026-01-18 13:11:06.082148,142,1462,42299,Delayed
4334,"Burns, Martin and Roth",CBZ,QST,2026-02-01 15:32:08.723222,2026-04-01 01:04:43.409025,466,4137,26661,On Time
4335,Barnes-Rocha,XRZ,CBZ,2026-02-10 13:51:14.350103,2026-02-14 14:14:45.992263,237,9892,31014,Cancelled
4336,"Ryan, Keller and Nelson",ANH,MZH,2026-03-18 09:14:15.595259,2026-03-06 21:01:45.082919,341,7193,3594,Cancelled
4337,Greer-Martinez,OKT,YVL,2026-04-03 08:26:32.785263,2026-02-09 16:30:50.618183,147,6969,9026,Delayed
4338,Cruz-Scott,SJZ,JHK,2026-01-08 22:40:36.317536,2026-03-19 15:12:11.559619,568,2376,20933,On Time
4339,Klein PLC,XNP,JLG,2026-03-13 13:46:31.216438,2026-02-06 14:44:09.353409,133,8409,21870,Delayed
4340,Myers-Duffy,VZN,HVG,2026-01-23 22:53:21.439287,2026-02-14 08:18:45.311052,472,295,37547,Cancelled
4341,Levy-Santiago,ZNM,OTP,2026-03-22 01:29:56.068595,2026-01-20 07:24:58.251930,494,5870,9876,Cancelled
4342,Crosby PLC,FYW,MZE,2026-04-03 05:42:10.412191,2026-01-24 11:34:10.448845,480,6955,27550,On Time
4343,Burgess and Sons,POL,UDQ,2026-02-20 19:39:01.114526,2026-02-01 21:44:47.054781,418,3056,13579,Delayed
4344,"Ward, Allen and Miller",RCJ,UAI,2026-03-17 20:14:53.398767,2026-03-16 07:37:57.151587,377,2724,16116,Cancelled
4345,"Perry, Chang and Macias",DCP,ZUD,2026-03-20 04:41:01.624221,2026-04-06 03:48:40.197757,113,6854,47003,Delayed
4346,"Ray, Davis and Nelson",XJO,SFR,2026-02-26 18:18:40.792929,2026-01-12 13:26:00.775272,455,1652,7153,Cancelled
4347,Mcgee-Jackson,AMB,BZQ,2026-03-10 14:47:21.214228,2026-03-23 11:13:15.781835,545,3212,21058,Cancelled
4348,"Bailey, Hubbard and Murray",JEO,FCG,2026-01-11 15:22:06.982340,2026-02-09 20:58:54.307180,390,5949,45644,Delayed
4349,Mitchell-Allen,ZUD,OYA,2026-02-28 05:54:42.846088,2026-03-29 20:38:20.308789,350,4750,35912,Cancelled
4350,Alexander-Brady,BJW,DCP,2026-03-03 00:33:57.747551,2026-02-09 12:43:08.932073,520,8168,49227,Cancelled
4351,Diaz-Williamson,TRV,GQN,2026-04-03 01:23:00.155532,2026-01-09 06:03:50.516769,452,9443,18195,On Time
4352,Peterson-Austin,UDQ,CEK,2026-02-19 07:42:50.665387,2026-02-23 07:04:00.577993,120,4884,19691,Cancelled
4353,"Porter, Hoover and Jones",SLG,QZZ,2026-02-26 22:01:41.539498,2026-01-29 05:21:17.640456,493,9317,5997,Delayed
4354,Nixon LLC,HWX,HZK,2026-01-18 18:24:01.814295,2026-01-13 14:52:34.701174,222,1751,15290,Cancelled
4355,Johns-Myers,SLN,OLP,2026-03-10 01:39:30.071573,2026-02-25 09:36:59.474303,264,2019,12181,On Time
4356,Torres LLC,GXQ,VPU,2026-02-02 07:30:28.409604,2026-03-16 17:38:39.561475,421,1047,48697,Cancelled
4357,Graham and Sons,KRW,FVJ,2026-02-03 15:37:37.774210,2026-03-29 02:34:21.804773,595,1711,38977,On Time
4358,"Miller, Davis and Townsend",ZUD,ANH,2026-02-22 06:40:24.946825,2026-03-10 23:03:11.309221,482,2575,16865,Cancelled
4359,Garrett and Sons,RML,PMA,2026-03-23 15:25:01.348757,2026-01-15 12:20:40.640114,98,426,13730,On Time
4360,Johnson-Miller,CYC,YSI,2026-02-13 06:53:25.958429,2026-02-11 14:52:45.388943,167,5644,16273,On Time
4361,Huber Group,LER,QZZ,2026-01-20 11:54:12.170922,2026-01-14 03:59:57.968083,588,8750,6296,Delayed
4362,"Adams, Kennedy and Mcgee",AMB,MGR,2026-03-09 04:32:05.957691,2026-03-31 19:48:29.688960,98,4148,28326,On Time
4363,Hancock-Howard,QFJ,HVM,2026-03-30 18:50:59.713740,2026-01-08 09:02:49.259564,332,4670,21757,Cancelled
4364,"James, Bass and Carr",XWE,BIL,2026-03-30 06:44:22.086371,2026-01-24 16:53:50.299538,261,5864,29556,On Time
4365,"Johns, Byrd and Ayala",AAU,PFQ,2026-01-16 16:43:00.750507,2026-01-25 03:30:32.492286,454,8442,42345,On Time
4366,Kidd LLC,MOG,UZS,2026-02-09 16:42:51.118099,2026-01-15 02:17:02.126549,64,3096,9411,Delayed
4367,Smith-Miller,PIC,LOW,2026-04-05 16:09:44.769170,2026-03-30 06:32:20.443245,595,4450,47334,Cancelled
4368,Stevenson-Fuentes,HIR,YSI,2026-04-01 11:46:10.255291,2026-01-28 22:42:33.760857,278,6388,36525,Cancelled
4369,Glover Inc,HUX,PXE,2026-01-03 06:42:56.409346,2026-04-04 06:48:19.748934,292,9182,31805,Delayed
4370,"Dennis, Davis and Torres",QZZ,JHK,2026-03-30 15:16:14.627740,2026-02-01 23:11:22.528894,451,5090,31689,Cancelled
4371,"Jones, Watson and Thomas",WPA,CBZ,2026-02-27 21:57:57.633399,2026-04-05 16:31:41.746303,226,2889,3428,On Time
4372,"Patel, Garrett and Johnson",WAX,FVJ,2026-02-16 00:05:29.077778,2026-02-25 08:50:32.845278,159,4514,20587,Cancelled
4373,Rodriguez Group,LOW,AMB,2026-02-28 02:58:06.645656,2026-01-07 06:46:42.956447,354,9370,5195,On Time
4374,Bowman and Sons,QPC,HWX,2026-03-26 12:09:10.789272,2026-02-05 13:12:20.769627,82,2427,26839,Delayed
4375,Gonzalez-Waters,LIW,YDU,2026-01-24 18:06:07.703064,2026-03-23 08:55:28.924975,222,8891,43285,On Time
4376,Davis-Evans,OLP,RFL,2026-03-22 12:01:40.617751,2026-03-22 15:45:16.867551,565,1928,35056,On Time
4377,Mccormick Inc,JDM,PIG,2026-03-25 00:22:07.138224,2026-03-23 05:03:45.494596,295,2675,21218,On Time
4378,Hebert Ltd,QZD,DVE,2026-04-03 09:51:25.562598,2026-03-10 19:19:43.488584,379,4803,13160,On Time
4379,"Allen, Watkins and Gomez",FOE,IAL,2026-01-29 05:04:24.337098,2026-02-19 03:14:43.050150,75,5736,16391,Cancelled
4380,Richards-Flores,ARU,BJW,2026-02-01 14:01:29.751987,2026-02-26 12:18:28.690189,382,4675,49940,On Time
4381,Kennedy-Phillips,VXK,ZNM,2026-03-17 12:38:48.585215,2026-03-10 15:10:59.382224,62,7471,33342,On Time
4382,"Walker, Watson and Mitchell",QZZ,ZNM,2026-02-01 20:23:33.920679,2026-01-14 01:03:35.400558,593,6445,7987,Delayed
4383,"Patton, Martin and Johnson",CBT,ZSP,2026-01-18 13:33:41.069538,2026-04-04 09:28:35.046970,390,7858,30619,Delayed
4384,"Hall, Harris and Proctor",PFQ,PIG,2026-04-05 04:45:39.713990,2026-02-04 04:42:04.245003,99,906,31966,On Time
4385,"Davies, Jackson and Singleton",QFJ,RFL,2026-03-27 03:25:32.706062,2026-03-13 20:08:37.292025,533,3077,41655,On Time
4386,Clark-Wood,DYM,QZD,2026-01-20 02:20:52.958968,2026-03-11 08:52:37.002016,31,4673,9267,On Time
4387,Griffin PLC,UVN,YVL,2026-03-31 19:51:36.917612,2026-01-24 01:23:52.789528,193,4102,23354,Delayed
4388,"Mitchell, Rodriguez and Jackson",JLG,BIL,2026-03-14 01:18:18.251898,2026-03-14 05:36:07.863194,465,2847,22263,On Time
4389,Thomas Ltd,RZR,ZIB,2026-01-06 04:12:42.123535,2026-02-25 01:49:07.914398,526,4903,18655,Cancelled
4390,Lopez-Gates,SEA,ZIB,2026-02-08 04:53:13.009441,2026-01-18 15:45:21.879382,81,8565,23526,On Time
4391,"Choi, Rojas and Smith",VHB,HVC,2026-02-26 15:23:58.274430,2026-03-27 03:47:18.296486,566,4233,29064,On Time
4392,"Dominguez, Graham and Le",MAF,VPC,2026-03-01 10:23:03.301476,2026-02-10 08:04:56.044821,428,6219,28587,Delayed
4393,Reed LLC,DFB,QAA,2026-03-21 21:28:46.678222,2026-01-05 14:34:24.483152,240,6272,20473,Delayed
4394,Gonzalez-Palmer,DFB,ARU,2026-02-02 22:53:26.748982,2026-03-27 21:07:10.560079,193,8633,39513,On Time
4395,"Lee, Phillips and Richards",RCJ,DBH,2026-01-24 14:46:07.733403,2026-02-20 14:40:22.339996,391,1130,47883,Delayed
4396,"Moore, Cain and Moran",RXN,LER,2026-02-08 07:01:52.685838,2026-02-12 01:52:20.847143,234,703,17056,On Time
4397,"Stafford, Dougherty and Jackson",EDQ,DFB,2026-02-01 19:51:31.560255,2026-01-21 10:13:27.867859,223,4326,29521,Delayed
4398,Garrett PLC,OWR,ZEI,2026-01-11 08:17:15.176559,2026-01-14 03:44:14.345813,158,3655,44452,Cancelled
4399,Hansen Inc,YNZ,QAA,2026-02-21 16:06:23.012692,2026-02-18 22:45:19.254553,160,1579,47466,Cancelled
4400,Holmes-Jones,SLG,OWR,2026-01-15 16:12:54.338084,2026-03-12 17:09:06.165457,307,5720,29067,On Time
4401,"Horton, Anderson and Phillips",LER,RML,2026-01-14 23:44:30.996348,2026-01-14 22:29:56.131021,307,8987,46323,Cancelled
4402,Phillips-Cross,UUO,MGR,2026-01-22 10:46:43.588846,2026-03-04 12:42:29.935848,215,8513,15306,Cancelled
4403,Barnes PLC,RXD,ZYQ,2026-01-14 04:23:53.321545,2026-01-25 00:32:18.026104,148,4923,44636,Delayed
4404,Williams-Dennis,XQD,LXX,2026-03-06 14:43:09.014007,2026-01-06 09:46:54.617111,184,1744,34709,On Time
4405,"Dalton, Green and Bender",SLN,ZIB,2026-03-11 14:49:59.657750,2026-02-21 15:25:44.020480,573,894,27790,Cancelled
4406,Rowe-Stephens,FVJ,XOR,2026-03-27 18:21:33.411481,2026-02-05 05:10:31.977171,328,1360,11353,Cancelled
4407,Serrano-Flowers,QAA,HZK,2026-01-14 23:45:47.202400,2026-02-12 13:16:56.881047,298,4469,27562,Cancelled
4408,"Mora, Payne and Rodriguez",TGY,UZS,2026-01-10 21:32:36.708705,2026-03-30 09:08:09.100153,229,6351,3404,On Time
4409,Mejia LLC,VZN,XYB,2026-01-06 02:14:39.443025,2026-01-20 18:25:26.991735,54,3873,11233,On Time
4410,"Castro, Buck and Cooper",MNZ,TTI,2026-04-02 07:28:56.094114,2026-03-10 20:35:08.609425,98,3391,4357,Cancelled
4411,Meadows Group,RRZ,NYP,2026-01-05 03:57:05.939468,2026-02-17 15:22:18.488884,173,2498,8822,Delayed
4412,Spencer-Taylor,WPA,JLG,2026-01-13 09:08:40.159542,2026-01-20 01:46:27.362211,460,9492,43412,Delayed
4413,Romero-Wilson,GHQ,CBT,2026-02-13 02:35:04.072172,2026-01-07 18:30:34.428387,305,6548,5213,Delayed
4414,"Payne, Hall and Fischer",PIG,JEA,2026-03-19 09:01:56.774968,2026-02-14 20:34:31.370018,223,1776,16559,On Time
4415,"Gomez, Carpenter and Powell",ZEI,RFS,2026-02-25 06:55:07.473445,2026-02-03 02:24:54.778198,465,9663,46227,Delayed
4416,"Stark, Ortega and Green",JQG,DCP,2026-04-04 07:03:55.412029,2026-01-11 09:58:44.151621,486,1975,39773,Delayed
4417,Cook Group,QPC,LFV,2026-03-09 01:38:15.036674,2026-03-07 11:55:31.480190,438,2583,38355,Delayed
4418,Reed-Merritt,EDQ,DNK,2026-04-06 10:10:52.655454,2026-02-14 14:12:05.339175,469,8463,20827,Cancelled
4419,Lee LLC,UPB,NSL,2026-03-08 08:44:45.487255,2026-01-02 05:33:31.363192,223,1141,40414,On Time
4420,"Hughes, Johnson and Spencer",QAA,KHA,2026-02-25 16:17:35.587116,2026-01-29 09:32:36.413435,75,777,16664,Cancelled
4421,Smith and Sons,UVN,ANH,2026-02-09 17:36:12.387310,2026-01-19 02:05:54.544157,159,9854,20123,On Time
4422,Clark LLC,EMQ,DYM,2026-01-04 05:34:36.864630,2026-01-09 16:59:48.297406,547,8848,28136,Delayed
4423,"Rose, Adams and Harris",YDU,GQT,2026-01-23 04:33:00.997029,2026-04-08 08:59:43.778314,556,4923,3649,On Time
4424,Perez-Bartlett,YNZ,HZN,2026-03-02 23:57:52.452299,2026-02-11 20:36:39.593515,438,7841,11533,On Time
4425,Forbes-Carson,NRE,MZH,2026-02-07 17:40:49.910936,2026-04-01 17:18:35.747670,227,5872,6095,Delayed
4426,"Palmer, Oconnell and Walters",HOR,HVC,2026-02-07 02:19:43.287035,2026-01-25 04:07:07.528677,275,2645,2002,Cancelled
4427,"Smith, Wright and Davidson",SAZ,KHA,2026-01-30 15:28:32.859678,2026-03-31 11:47:43.798412,498,7272,40796,On Time
4428,"Davis, Avila and Pratt",GHQ,HFX,2026-02-19 02:01:35.885494,2026-01-22 13:27:48.002667,376,1310,11506,Cancelled
4429,Spears Ltd,HUX,FVJ,2026-04-03 14:48:43.347637,2026-02-11 05:36:48.707079,273,665,4042,Cancelled
4430,Marquez-Thompson,PIV,JLM,2026-01-23 14:48:04.386283,2026-02-06 09:17:05.118699,521,3966,19066,Delayed
4431,Porter-Reyes,ARU,SAZ,2026-02-26 00:48:05.540219,2026-01-03 10:48:24.160045,445,8644,23280,On Time
4432,Price LLC,AXF,OKT,2026-03-09 22:27:45.844556,2026-04-03 04:22:09.258261,468,5103,14211,Delayed
4433,Burke-Casey,KBO,KFP,2026-04-05 16:41:00.407959,2026-01-12 10:56:59.011624,130,8584,36329,Delayed
4434,"Abbott, Le and Green",PTQ,QEH,2026-03-11 19:54:49.978132,2026-03-20 04:39:40.959671,506,1140,25684,Cancelled
4435,"Preston, Mclaughlin and Wheeler",WMQ,BZQ,2026-01-11 12:57:12.762078,2026-03-20 16:38:16.448740,424,5296,34128,Cancelled
4436,Marquez PLC,HVG,XRZ,2026-04-03 02:47:47.940083,2026-02-20 08:20:44.612247,519,2382,43984,Cancelled
4437,"Vance, Morrow and Graves",AJM,PIC,2026-03-23 10:35:31.537235,2026-01-16 10:52:11.566000,586,6738,25857,Cancelled
4438,Bradshaw-Wright,NRE,XTO,2026-02-21 03:52:23.895105,2026-02-28 04:46:25.858804,350,777,24923,Delayed
4439,Powell-Wright,ZQT,HWX,2026-01-04 08:58:56.124755,2026-03-15 01:07:15.248530,142,4927,34372,On Time
4440,"Green, Curtis and Howell",FOE,SEA,2026-04-08 08:27:43.097106,2026-03-28 02:22:11.914267,264,9473,13167,Delayed
4441,Franco-Li,ISQ,FVJ,2026-01-20 02:09:49.930427,2026-03-12 13:51:38.357657,165,670,14622,On Time
4442,Welch-Bishop,GGR,OIS,2026-02-21 02:12:43.201370,2026-02-24 10:35:22.276853,167,4270,44766,Delayed
4443,Baldwin Group,COF,UNV,2026-03-04 02:45:49.126314,2026-03-02 03:24:58.380044,59,7112,34343,Cancelled
4444,Lin-Johnson,OKN,RXD,2026-03-28 05:14:29.356907,2026-03-23 02:58:43.449486,360,8556,39905,Cancelled
4445,Jones Ltd,IUM,VPZ,2026-02-27 09:15:54.648469,2026-02-09 15:08:43.511228,292,9105,20516,Delayed
4446,"Santana, Munoz and Garcia",GXQ,KLN,2026-01-06 04:07:09.590034,2026-03-12 21:21:50.737704,472,1199,34116,Delayed
4447,Calhoun LLC,RFL,KHA,2026-01-04 02:25:37.928377,2026-03-14 17:09:51.073858,542,9514,29196,Delayed
4448,Garner PLC,YNZ,COF,2026-01-23 06:26:02.263453,2026-03-09 05:02:32.019944,436,1552,45914,Delayed
4449,Goodwin-Cohen,HVG,GXQ,2026-01-10 04:07:15.225742,2026-03-05 05:58:13.823692,406,4359,15109,On Time
4450,Campos-Saunders,QST,YNZ,2026-03-21 11:41:18.078431,2026-02-09 20:07:36.120785,126,7284,32785,On Time
4451,Melton-Hayes,YLF,ARU,2026-02-28 20:23:42.657208,2026-02-13 10:34:33.709128,123,4650,13212,Cancelled
4452,Adams Ltd,ZTI,PXE,2026-04-06 15:23:35.753682,2026-01-09 00:29:58.144357,38,2573,10089,Cancelled
4453,"Cook, Johnson and Sharp",GQT,HGF,2026-04-03 21:29:46.821149,2026-03-25 18:30:51.802760,37,4870,8331,On Time
4454,Hicks-Harris,ZYQ,BZQ,2026-02-24 15:38:50.913779,2026-03-10 03:07:00.798821,231,495,8000,On Time
4455,Mitchell-Fields,UZS,GXQ,2026-01-20 21:55:26.291960,2026-02-13 15:17:29.131968,194,6082,26418,On Time
4456,"Mcclure, Hill and Richardson",CBZ,HZK,2026-01-20 11:03:35.289118,2026-04-06 04:31:29.044988,184,2080,27335,Cancelled
4457,"Reid, Martinez and Baker",TOJ,NLB,2026-01-23 18:30:41.654913,2026-02-28 17:59:31.328821,581,219,40980,Cancelled
4458,"Mcintosh, Johnson and Cook",XOR,MZH,2026-02-08 09:40:32.979928,2026-03-05 03:31:52.970587,314,5724,37665,On Time
4459,Baker Group,RZR,JDM,2026-01-07 08:14:48.918710,2026-03-24 06:05:35.482522,121,405,27187,Delayed
4460,"Clark, Schultz and Hernandez",FOE,HZN,2026-04-05 21:28:44.298570,2026-01-19 10:30:05.046400,198,7785,13957,Cancelled
4461,Fletcher Inc,ANH,EMT,2026-03-04 00:05:29.816819,2026-03-11 16:13:19.368112,330,6137,23712,On Time
4462,Edwards PLC,HVM,CPL,2026-03-28 16:12:41.164037,2026-02-14 23:40:48.099779,221,7680,14535,Cancelled
4463,Peterson-Zuniga,ZNM,MZH,2026-01-02 02:37:45.316860,2026-01-03 14:47:34.621099,149,7855,15228,Cancelled
4464,Cook Inc,BJD,DNK,2026-01-21 02:28:36.767271,2026-01-03 01:15:32.957767,123,8667,44942,Delayed
4465,"Park, Moore and Ward",HFX,DDQ,2026-04-01 07:35:43.122239,2026-01-04 06:10:41.129424,92,3874,7232,Delayed
4466,"Young, Mason and Griffith",DDQ,SFR,2026-03-20 10:26:47.746147,2026-03-06 04:09:59.612136,410,5780,31471,On Time
4467,Barrett Inc,RFL,XTO,2026-01-12 13:42:20.627545,2026-01-22 11:33:10.061766,45,3642,27122,Cancelled
4468,"Davis, Brown and Trujillo",LFV,HVM,2026-02-22 05:35:36.064411,2026-03-14 00:32:02.127189,298,2888,5480,Cancelled
4469,Fox Group,VPU,DAL,2026-01-18 14:55:50.609506,2026-03-04 01:31:50.780366,191,5134,20397,Cancelled
4470,Wilson Inc,WJU,MWN,2026-01-13 11:42:22.687277,2026-02-21 06:20:11.659252,453,2582,31339,On Time
4471,Lowe-Bailey,VXK,HVC,2026-01-05 13:46:04.392121,2026-03-17 17:17:56.246535,428,5774,6223,Delayed
4472,Torres-Walker,RFL,NYP,2026-02-26 16:38:36.997716,2026-04-07 21:49:43.255230,590,8077,2145,On Time
4473,"Norton, Levine and Martinez",NYP,ISQ,2026-04-07 08:22:58.836897,2026-03-31 17:01:39.840689,91,2918,19117,On Time
4474,Moreno-Vazquez,YVL,QNT,2026-03-07 04:26:05.250412,2026-01-11 16:22:08.599354,566,8063,48479,Cancelled
4475,Johnson-Pittman,WMQ,YSI,2026-03-30 00:22:13.678076,2026-02-20 09:18:11.923458,195,4166,26229,Cancelled
4476,Turner-Harvey,KLN,OLP,2026-02-26 06:47:10.579310,2026-03-24 17:17:02.621189,318,9730,45735,On Time
4477,"Schneider, Bryant and Richard",HGF,UNV,2026-03-17 16:57:48.958762,2026-01-02 10:46:48.856640,296,313,37080,Delayed
4478,Morton and Sons,VPU,JBR,2026-01-23 12:30:34.871272,2026-03-25 12:09:33.242337,219,6603,10724,Delayed
4479,"Nielsen, Atkinson and Cline",NPR,SFR,2026-02-25 20:44:52.822323,2026-02-01 03:33:44.314868,68,1944,5180,On Time
4480,Russell LLC,NYP,GXQ,2026-01-11 15:19:52.086264,2026-03-18 16:48:31.149325,276,5797,21980,Cancelled
4481,Mcintosh LLC,SLG,ZYQ,2026-01-09 07:06:59.332091,2026-02-16 03:05:11.643095,493,5245,38502,Delayed
4482,Callahan-Jackson,HVG,QZZ,2026-03-30 15:53:45.452250,2026-03-07 09:50:32.575401,458,3829,42739,On Time
4483,Howell-Lewis,AMB,VBS,2026-02-13 11:27:51.463899,2026-02-28 01:33:46.311818,296,2570,4848,Cancelled
4484,Morrison LLC,ZQT,BIL,2026-04-05 04:34:04.060335,2026-01-13 20:16:00.969573,230,869,12860,Delayed
4485,Jenkins LLC,KBO,FOE,2026-02-23 15:30:34.489365,2026-01-23 00:29:48.230361,597,7842,25315,On Time
4486,"Green, Walker and Bailey",FYW,JBR,2026-01-08 04:21:46.548506,2026-01-20 19:39:56.065228,529,8505,21090,Delayed
4487,Jones Ltd,VAA,AXF,2026-01-29 16:48:57.257344,2026-01-08 13:16:06.205990,41,6269,2091,Delayed
4488,Schultz-Raymond,AMB,AOQ,2026-04-07 05:14:00.450057,2026-01-25 05:16:26.341980,460,1657,19439,Cancelled
4489,"Wade, Estrada and Hall",RXD,DAL,2026-03-23 09:58:55.891766,2026-03-13 19:32:42.898406,263,7470,34433,On Time
4490,"Edwards, Adams and Lynch",SFR,PIC,2026-03-15 21:38:57.732899,2026-02-05 03:51:21.735624,558,9682,48223,Cancelled
4491,"Hernandez, Morse and Williams",OKT,XJB,2026-03-27 12:17:20.523944,2026-03-14 07:29:34.863601,317,8663,47588,On Time
4492,Frazier and Sons,FIA,DFB,2026-01-29 11:09:38.765421,2026-03-06 18:13:09.825045,530,2674,31388,Cancelled
4493,Morgan-Gonzalez,HUX,PIV,2026-03-31 06:01:19.834978,2026-01-18 11:04:55.824126,354,2963,16315,On Time
4494,Johnson-Stanley,MVU,OLP,2026-03-14 02:42:26.448543,2026-02-12 13:31:23.232108,40,8458,34503,On Time
4495,Ramirez-Smith,YTN,CPL,2026-04-05 02:40:58.157659,2026-04-04 21:53:55.619304,319,1017,16139,Cancelled
4496,Robinson-Hughes,XTO,SXE,2026-03-17 00:25:13.382933,2026-03-14 00:53:25.135593,198,6173,19948,On Time
4497,Hodges-Rhodes,KFP,ESX,2026-01-09 23:18:15.019934,2026-02-15 07:45:27.371399,360,6365,44723,Cancelled
4498,"Savage, Ellis and Holmes",XJO,PIC,2026-02-10 21:22:02.803745,2026-03-09 20:41:39.994635,326,3783,14501,Cancelled
4499,Bell-James,VBS,NYP,2026-03-07 07:22:22.299300,2026-03-12 17:07:55.124596,89,5784,41057,Delayed
4500,"Howard, Davis and Fox",XOR,FYW,2026-04-07 06:50:59.999917,2026-01-02 23:03:55.875637,111,5294,37335,Delayed
4501,Nguyen-Mendez,TTI,AAU,2026-02-15 17:21:23.909270,2026-01-06 04:40:55.838725,446,3211,39844,On Time
4502,Patterson-Haas,JLM,HZK,2026-03-12 20:16:46.307675,2026-01-12 00:10:42.405140,185,3453,21541,On Time
4503,"Gomez, Gonzales and Barnes",GXQ,XRZ,2026-04-07 01:40:59.443159,2026-02-09 23:18:49.205201,383,1224,38622,Delayed
4504,Harris Inc,JVG,OIN,2026-01-27 13:30:23.295652,2026-02-15 00:32:50.374376,376,1511,37483,On Time
4505,Johnson Inc,OKT,EMQ,2026-02-22 01:26:46.275752,2026-04-07 14:55:42.819329,421,1869,23491,Cancelled
4506,"Hopkins, Jones and Lynn",HFX,VPC,2026-01-18 17:59:43.680427,2026-01-24 03:20:01.371602,417,5688,19912,Cancelled
4507,"Nguyen, Hill and Mclean",AAU,FCG,2026-02-06 09:26:58.482651,2026-02-22 10:52:53.921276,585,6339,39190,Cancelled
4508,Hendricks PLC,HWX,AJM,2026-02-22 06:53:48.370204,2026-01-11 09:52:51.556098,269,6533,7689,Cancelled
4509,Williams-Woodard,PTQ,CEK,2026-03-12 15:45:52.607662,2026-01-13 07:13:27.509178,133,6941,40697,On Time
4510,"Lucas, Russell and Sherman",CEK,NGJ,2026-02-16 09:35:16.799592,2026-01-12 17:34:36.170516,364,9373,9877,Cancelled
4511,"Reeves, Thomas and Rodgers",VXI,YNZ,2026-01-28 17:52:25.528986,2026-03-03 18:28:22.773298,351,9154,8769,Cancelled
4512,Curry-Barrett,WMQ,PRW,2026-01-17 15:03:58.203619,2026-02-11 21:42:47.183283,270,1559,44575,Delayed
4513,Barajas-Cantu,XJO,YTN,2026-01-31 22:53:23.828465,2026-03-20 04:32:04.816353,522,532,48721,Cancelled
4514,"Allen, Mata and Clay",OYA,WAX,2026-03-05 22:17:14.548224,2026-02-04 15:25:31.869474,93,748,18756,Delayed
4515,"Hudson, Avila and Riley",JHK,ORB,2026-02-24 08:58:03.174312,2026-03-01 08:45:23.612349,396,5762,21769,Delayed
4516,Sloan-Hardy,IUM,JVG,2026-01-21 19:30:23.113050,2026-03-05 05:50:19.094795,206,9744,32466,On Time
4517,Johnson Ltd,JQG,YLF,2026-03-24 13:54:26.150862,2026-01-16 02:10:12.749216,128,9185,21245,On Time
4518,Fernandez-Kerr,VXI,SAZ,2026-01-14 16:19:24.013447,2026-03-16 09:48:43.194638,164,9675,36126,On Time
4519,Flores Ltd,WMQ,GYR,2026-01-12 18:48:10.570318,2026-01-29 01:22:11.502185,214,2336,45890,On Time
4520,Banks-Marquez,NGJ,BIL,2026-02-24 06:37:48.910379,2026-03-10 18:48:53.239831,281,6105,25141,On Time
4521,"Garza, Anderson and Trujillo",DPO,AJM,2026-02-14 00:51:26.067775,2026-03-04 22:56:13.986842,418,1045,46131,On Time
4522,Juarez-Shields,SLN,MOG,2026-03-05 15:25:11.940964,2026-01-10 03:38:23.970945,582,4607,17252,Cancelled
4523,Hernandez-Powell,FPG,UZS,2026-02-08 00:45:59.389666,2026-03-27 01:32:25.339873,222,7947,27211,Delayed
4524,"Fox, Smith and Lawrence",DHB,KLN,2026-01-01 20:24:02.250968,2026-01-13 21:16:12.045282,129,6744,36925,Cancelled
4525,Wells-Mcdonald,NPR,FOE,2026-03-20 20:50:54.903634,2026-02-18 21:02:26.867442,81,5669,44741,Cancelled
4526,Hill Ltd,HIR,DYM,2026-01-02 23:11:49.643519,2026-02-14 11:41:13.035375,97,8734,41319,On Time
4527,"Taylor, Bolton and Patel",LFV,XRZ,2026-01-08 15:37:00.103020,2026-01-24 13:54:52.928713,101,8544,35200,Delayed
4528,Medina Group,JEA,JQG,2026-02-10 17:53:43.428543,2026-02-02 10:05:08.147959,143,9015,12779,Cancelled
4529,Reed-Taylor,JEA,XWE,2026-01-09 03:55:23.580627,2026-01-12 19:12:56.106334,43,4647,45727,On Time
4530,Kim-Ellis,PTQ,HFX,2026-03-30 04:58:52.425942,2026-02-22 03:54:49.338265,34,4253,2069,On Time
4531,Sanford Group,QNT,JLG,2026-02-18 11:08:08.335137,2026-01-27 02:47:37.493645,492,5927,42320,On Time
4532,"May, Hamilton and Camacho",VHB,WPA,2026-01-12 13:06:08.665941,2026-01-12 05:46:53.696856,37,2555,24116,On Time
4533,"Lawson, Caldwell and Meyers",CYC,RWO,2026-01-17 14:54:47.223542,2026-03-16 18:55:16.481137,389,1598,41478,On Time
4534,Santiago Inc,ZQT,YLF,2026-04-08 10:24:15.519533,2026-01-18 18:46:51.914361,436,3438,24117,Delayed
4535,"Rodriguez, Anderson and Gray",QZZ,AMB,2026-02-25 04:08:39.407250,2026-02-13 23:18:39.032112,343,8142,2204,Delayed
4536,Morris-Christensen,PIV,OIS,2026-01-08 23:46:14.733032,2026-04-03 09:28:27.013529,557,3569,47008,On Time
4537,Douglas and Sons,BIL,UVN,2026-01-04 11:35:14.693757,2026-03-10 16:20:01.244999,105,5671,16939,On Time
4538,Rivera LLC,AMB,RRZ,2026-04-06 10:45:05.430235,2026-01-18 06:56:48.327209,526,3670,22814,On Time
4539,Taylor-Middleton,ISQ,UPB,2026-03-25 20:11:10.886592,2026-04-01 05:30:19.491575,423,6412,33703,Delayed
4540,Padilla PLC,OWC,CKO,2026-01-13 06:21:31.650395,2026-03-16 02:45:13.106014,241,8878,18696,On Time
4541,"Roy, Montgomery and Hawkins",SLG,VPZ,2026-04-05 09:53:09.338337,2026-01-19 03:20:20.710016,426,1326,34488,Cancelled
4542,Anderson-Reed,KLN,JEA,2026-04-02 18:31:29.699852,2026-04-06 07:51:26.316740,96,6133,30189,Delayed
4543,Shaw Inc,HZK,DYM,2026-04-03 15:58:14.276228,2026-02-01 19:07:16.853447,83,9807,7488,Delayed
4544,Coffey Group,LOW,HOR,2026-02-04 01:34:17.510556,2026-03-24 13:30:29.587961,56,7188,10908,Delayed
4545,"Garcia, Reynolds and Benson",HFX,DCP,2026-02-04 18:14:20.106481,2026-02-12 22:06:24.547236,220,396,23960,Cancelled
4546,"Leonard, Cabrera and Moore",HGF,JHK,2026-01-03 16:10:01.464907,2026-03-13 20:42:00.352024,95,447,14696,Cancelled
4547,Watts Ltd,HPX,VXK,2026-03-05 19:22:48.477932,2026-01-04 14:44:49.394921,576,9723,45504,On Time
4548,"Gray, Burns and Chang",ZSP,UAI,2026-01-19 12:46:54.450919,2026-04-07 12:44:28.096790,530,365,4483,Delayed
4549,"Jenkins, Martinez and Howard",KBO,RXD,2026-03-31 19:09:59.188386,2026-01-27 05:38:06.797756,254,1404,2137,Delayed
4550,Skinner-Cochran,MVU,UHK,2026-01-08 07:24:40.351905,2026-03-05 02:50:11.011948,514,8376,15687,Cancelled
4551,Brown-Davis,PXE,QPC,2026-04-02 04:36:22.969154,2026-04-05 17:08:05.057531,456,1630,40828,On Time
4552,Williams LLC,VHB,RFS,2026-03-16 02:59:21.732399,2026-01-18 05:31:53.561308,38,5743,46419,Delayed
4553,"Castro, Robinson and Reeves",JVG,ZQT,2026-01-18 23:46:32.528577,2026-01-20 01:14:53.440358,226,878,15679,Cancelled
4554,"Butler, Ellis and Ibarra",HVC,BJD,2026-03-24 12:01:33.141652,2026-02-06 11:59:04.300904,290,2903,5115,Delayed
4555,Ramirez-Harmon,GQN,YVL,2026-04-03 08:07:27.248198,2026-03-24 22:42:09.112394,471,2998,34517,Cancelled
4556,Sweeney Group,PXE,SAN,2026-03-12 21:05:52.428116,2026-01-24 06:52:53.247164,47,995,22210,Cancelled
4557,Shaw-Mullins,NGJ,YVL,2026-01-25 12:24:39.855944,2026-01-05 11:07:48.920466,362,7763,25897,On Time
4558,Webb Group,LER,XOR,2026-01-16 00:14:10.633877,2026-01-28 05:24:03.833967,391,9450,45028,On Time
4559,"Greene, Martinez and Palmer",GXQ,ANH,2026-03-15 19:29:46.115417,2026-03-02 13:00:15.619653,36,8114,31023,Delayed
4560,Castillo Ltd,DAL,POL,2026-03-26 19:12:31.851975,2026-03-05 23:45:57.938795,597,4451,21682,On Time
4561,Francis LLC,LER,RWO,2026-04-03 13:00:07.328170,2026-03-13 06:55:32.362972,587,1345,2803,On Time
4562,"Perez, Gutierrez and Jimenez",DYM,XOR,2026-04-04 03:17:39.346784,2026-03-23 20:00:45.440356,95,8600,17153,Delayed
4563,"Hunt, Miller and Alvarez",ORB,ESX,2026-01-27 06:14:58.982134,2026-02-21 18:53:06.104565,221,9286,28243,Delayed
4564,Johnson-Anderson,WAX,TGY,2026-02-16 17:29:30.307802,2026-02-27 07:35:58.295189,386,4603,7445,Delayed
4565,"Roberts, Kennedy and Henderson",AOQ,KRW,2026-01-06 15:09:46.626807,2026-01-19 02:29:02.509397,414,5945,35522,On Time
4566,Blankenship-Gomez,UDQ,QPC,2026-03-08 23:53:01.206755,2026-01-07 07:53:24.804948,270,5016,14284,Cancelled
4567,"Johnson, Hanson and Peterson",RRZ,CYC,2026-03-03 10:32:54.672022,2026-02-27 16:16:50.606144,394,7358,49677,Cancelled
4568,"Pratt, Taylor and Harris",ZIB,JEA,2026-03-31 17:40:37.413797,2026-01-28 21:06:55.501976,554,1511,12954,Delayed
4569,"Ortiz, Flores and Ballard",RXN,XRZ,2026-01-28 09:57:26.650329,2026-03-03 18:50:24.083076,201,8036,5490,Delayed
4570,Anderson Group,BIL,RCJ,2026-01-08 03:25:52.845756,2026-01-09 18:57:18.276864,166,2632,35986,Cancelled
4571,Dunn-Wade,AXF,HVM,2026-02-21 00:43:07.268090,2026-03-31 08:36:41.067621,555,7843,44520,Cancelled
4572,"Brock, Boone and Mejia",ANH,VXK,2026-03-27 18:01:38.844704,2026-02-02 12:01:00.140292,385,5195,24213,Delayed
4573,Lam Ltd,ARU,DBH,2026-03-14 01:52:57.002835,2026-04-02 16:35:33.534327,100,1128,15417,Delayed
4574,Hodge PLC,RWO,HWX,2026-02-20 13:43:13.933404,2026-03-06 23:53:12.137175,159,5319,39956,Delayed
4575,Carrillo-Houston,OIS,JDM,2026-02-13 16:21:38.555464,2026-03-28 18:12:16.623057,221,5894,27987,Cancelled
4576,Barker-Allen,DBH,BZQ,2026-04-08 06:32:32.305535,2026-02-23 05:16:43.775396,595,3320,17556,On Time
4577,"Smith, Porter and Mason",TGY,PIC,2026-01-06 23:27:04.300653,2026-01-06 05:42:41.789373,44,6241,28838,Delayed
4578,"Hughes, Bartlett and Frederick",DNK,QZD,2026-04-06 18:14:22.883876,2026-03-19 10:41:45.794501,589,2535,40402,Delayed
4579,"Krueger, James and Brown",WAX,AOQ,2026-03-15 10:02:15.001004,2026-01-27 16:32:27.144807,60,989,34376,Cancelled
4580,Carter Group,LXX,JVO,2026-01-15 19:08:56.383788,2026-03-21 09:30:55.465888,563,9251,49569,Delayed
4581,"Beasley, Turner and Phillips",OWC,XJO,2026-02-25 21:59:05.994434,2026-03-02 15:08:59.654838,558,2755,31547,Delayed
4582,"Lane, Winters and Trujillo",FYW,PIG,2026-04-08 00:13:58.238653,2026-01-29 11:28:01.817360,549,7198,21688,Delayed
4583,Espinoza Group,HWX,EDQ,2026-01-18 14:18:28.755870,2026-02-28 01:30:26.031838,134,9430,38657,Cancelled
4584,"Powers, Obrien and Ward",XJB,HZK,2026-03-20 14:47:43.871815,2026-02-27 01:13:15.292259,76,2412,37524,Cancelled
4585,Nelson-Martin,AOQ,QNT,2026-03-19 00:15:18.936315,2026-01-30 13:35:27.978534,293,3892,8966,Delayed
4586,"Williams, Martinez and Phillips",KBO,TRV,2026-02-16 09:35:35.176832,2026-03-03 06:01:05.123322,222,9371,25817,On Time
4587,Hooper-Weiss,OJV,HIA,2026-03-23 15:40:05.648633,2026-02-22 09:10:55.571180,76,4531,40129,On Time
4588,Murphy Ltd,ZTI,UPB,2026-01-08 07:27:11.924535,2026-01-08 20:05:29.852090,357,6334,43838,Delayed
4589,Steele-Coleman,LIW,WUT,2026-03-27 17:17:30.031012,2026-02-26 04:17:54.447645,537,8983,42514,Delayed
4590,Harris Ltd,OIN,NPR,2026-03-15 18:41:18.990148,2026-01-03 19:57:51.033878,418,4568,40362,Cancelled
4591,"Adams, Hansen and Bowman",PIC,HPX,2026-01-28 12:55:14.859985,2026-02-19 09:36:25.523049,128,6057,42233,Delayed
4592,"Thomas, Taylor and Clark",SAZ,OTP,2026-01-08 10:04:51.817633,2026-01-12 18:04:22.611592,307,2947,34302,On Time
4593,Decker-Liu,MOG,PMA,2026-02-11 18:43:01.226632,2026-01-29 04:43:20.261062,447,5940,42531,Delayed
4594,Skinner-Collins,KHA,DBH,2026-04-02 00:24:44.442300,2026-02-05 07:57:59.199918,139,6115,4374,Delayed
4595,"Young, Mcintyre and Harris",MZE,ARU,2026-01-04 21:41:07.218661,2026-01-02 03:43:23.566633,384,9641,10495,Cancelled
4596,Price-Brooks,POL,CEK,2026-01-23 23:51:20.122693,2026-01-17 20:46:20.408949,44,1604,7807,Delayed
4597,Bailey and Sons,HWX,XRZ,2026-03-21 02:42:40.249741,2026-02-25 14:38:01.132949,536,8529,22246,On Time
4598,"Morgan, Lee and Mcintyre",ZIB,RFL,2026-02-05 02:09:29.455336,2026-04-03 16:15:36.505241,471,9855,36453,On Time
4599,"Baker, Frye and Williamson",LXX,VHB,2026-01-31 11:11:59.406358,2026-02-17 09:48:45.986780,171,9044,48749,On Time
4600,Henderson and Sons,QZZ,SLG,2026-02-25 02:44:53.576734,2026-03-30 21:28:05.765976,532,5659,20040,Cancelled
4601,Williams Ltd,MGR,HZK,2026-01-15 12:44:47.929340,2026-03-01 04:42:01.395640,388,371,49368,On Time
4602,Taylor LLC,PMA,XQD,2026-02-26 00:38:45.546750,2026-03-04 13:42:10.171679,341,3154,30576,Cancelled
4603,Miller-Rodriguez,LER,DPO,2026-03-27 13:45:26.253094,2026-03-12 03:08:55.044995,576,407,28230,On Time
4604,Green-Webb,LXX,OIN,2026-03-09 06:07:47.443296,2026-04-01 18:05:24.110283,231,7844,48747,Cancelled
4605,Ward-Macdonald,SLG,MGR,2026-01-08 01:56:58.005047,2026-03-07 13:14:27.392457,555,2905,49283,Delayed
4606,Johnson-Ball,HVG,IDD,2026-03-06 16:02:24.077248,2026-03-11 07:28:00.943231,362,2124,19194,Delayed
4607,Miller LLC,DHB,OIS,2026-01-02 03:45:13.855164,2026-01-16 08:10:23.434913,85,7898,2717,Delayed
4608,Payne Group,JBR,YNZ,2026-01-30 22:04:18.404103,2026-04-05 11:49:26.322817,186,6712,22117,On Time
4609,"Liu, Cohen and Coleman",VLU,DFB,2026-02-17 16:27:26.938799,2026-03-08 12:44:44.646045,495,8123,20166,Cancelled
4610,Brown Inc,OLP,NRE,2026-01-04 02:35:12.396810,2026-02-03 15:20:39.305675,368,7093,48545,Cancelled
4611,"Walker, Evans and Morgan",QZD,FIA,2026-01-27 20:10:50.549693,2026-03-10 22:16:16.322694,233,9769,39645,Cancelled
4612,Clark-Washington,HVC,XTO,2026-02-16 17:37:33.554594,2026-01-21 17:37:24.000998,166,2053,6581,On Time
4613,Gibbs-Gallegos,SFR,CFB,2026-01-09 03:42:32.775738,2026-02-02 11:09:26.039754,593,2618,17725,Cancelled
4614,Sanchez PLC,VLU,MZE,2026-02-11 09:03:33.555522,2026-03-29 22:08:37.298568,83,1540,9480,Delayed
4615,White-Gill,VPC,WUT,2026-03-24 19:39:56.881305,2026-01-22 18:33:15.101386,188,3340,27610,Delayed
4616,Black-Butler,JEA,QZD,2026-01-18 20:25:32.739871,2026-01-10 19:59:28.545614,252,7540,31100,On Time
4617,Bentley-Ashley,FOE,COF,2026-02-24 17:57:40.098272,2026-02-27 08:37:02.091808,306,4096,42919,Delayed
4618,Mitchell-Foster,OTP,DDQ,2026-04-03 15:09:22.901631,2026-03-18 03:16:08.987270,560,2395,2860,Delayed
4619,Wise Ltd,SFR,EMQ,2026-01-22 13:08:14.811918,2026-04-07 14:52:19.461563,213,5330,7967,On Time
4620,"Roberts, Brown and Campbell",QNT,HGF,2026-03-09 05:58:44.178421,2026-03-28 04:27:21.195101,392,4070,24890,Cancelled
4621,Arnold Group,JEO,XWE,2026-02-18 23:13:03.796445,2026-02-10 05:56:33.194726,587,1327,26236,Delayed
4622,Hill LLC,WAX,YVL,2026-04-02 04:00:07.596792,2026-01-25 10:42:03.833582,379,7532,8020,On Time
4623,York-Campbell,DFB,JQG,2026-02-25 12:24:14.303494,2026-03-07 05:28:21.646839,491,1310,46947,Cancelled
4624,"Duran, Murray and Jones",QFJ,JEO,2026-04-01 06:33:24.629880,2026-02-27 04:48:29.767438,135,3764,32798,On Time
4625,Summers LLC,DCP,NYP,2026-03-08 15:47:01.178735,2026-03-23 05:57:08.145657,241,4731,21392,Delayed
4626,"Herman, Weber and Harris",XRZ,DAL,2026-02-18 15:31:55.313592,2026-02-07 02:15:21.092488,44,3961,13622,Delayed
4627,"Carrillo, Smith and Mccoy",WPA,WMQ,2026-02-19 19:39:15.311539,2026-01-23 11:21:24.261525,570,3610,17655,On Time
4628,Donovan-Hawkins,COF,QZZ,2026-01-17 18:14:38.445246,2026-03-18 15:47:55.641108,480,4226,38567,Delayed
4629,Quinn-Holt,JQG,JVO,2026-02-21 11:41:23.962026,2026-02-27 05:22:40.670057,479,7391,18091,On Time
4630,Schmidt Inc,ZTI,WAX,2026-02-15 22:07:29.914327,2026-01-11 14:37:51.944730,187,2728,42464,On Time
4631,Gardner LLC,VPC,RWO,2026-01-16 13:14:00.016786,2026-02-26 02:08:41.224032,265,5597,17090,Delayed
4632,Price-Baker,CEK,ZEI,2026-03-30 04:41:24.741622,2026-03-14 07:29:24.657371,295,5583,18955,Cancelled
4633,Clark-Wright,EMQ,OYA,2026-01-22 14:17:12.526156,2026-02-18 13:48:57.356813,444,7448,41957,Cancelled
4634,Mccormick-Scott,YTN,HIR,2026-02-13 19:55:58.899365,2026-01-30 00:18:37.097844,546,3534,8589,On Time
4635,Marsh Group,HVG,HIA,2026-01-23 16:25:12.208335,2026-03-21 22:48:42.295345,336,6189,25275,On Time
4636,Moore Ltd,ZQT,OJV,2026-01-09 15:27:39.160140,2026-03-20 10:21:19.379317,288,4577,19706,Cancelled
4637,"Harrison, Webster and Spence",FVJ,ISQ,2026-02-18 04:08:37.188010,2026-01-05 23:52:42.991205,55,9788,22656,Cancelled
4638,"Huffman, Bennett and Wilson",HZN,JVO,2026-01-21 18:24:44.241314,2026-04-03 09:33:54.931954,381,1687,23705,On Time
4639,"Owens, Jordan and Harrington",VLU,CXD,2026-02-07 11:46:28.660131,2026-02-12 04:04:36.544281,359,7529,16378,Cancelled
4640,"Santana, Price and Mosley",XTO,XOR,2026-03-07 00:33:56.756561,2026-01-14 20:45:50.089272,302,6139,41011,On Time
4641,Robertson-Miller,HUX,WAX,2026-03-26 18:25:06.475578,2026-04-06 23:54:21.820586,257,9506,6309,Delayed
4642,"Foster, Reed and Clark",HUX,ZUD,2026-02-04 02:13:37.815484,2026-01-29 01:09:44.763071,567,1477,19694,Cancelled
4643,Lyons Ltd,AOQ,CYC,2026-02-01 20:20:24.128582,2026-03-24 00:57:12.212158,418,6068,8384,Cancelled
4644,"Johnson, Krueger and Black",COF,OIN,2026-02-04 19:02:43.126184,2026-02-10 11:36:29.440827,39,6406,35900,Cancelled
4645,Vasquez and Sons,HGF,YSI,2026-01-26 00:31:19.082173,2026-03-26 13:28:52.033113,567,8991,9317,On Time
4646,White Group,EMQ,QZD,2026-02-26 11:04:18.849379,2026-01-17 19:33:12.982617,498,8293,43600,Cancelled
4647,Hammond-Sampson,HFX,XJO,2026-03-31 16:22:45.050930,2026-03-25 15:33:49.076397,54,1180,17604,Delayed
4648,"Perry, Moore and Smith",JQG,VLU,2026-01-03 02:24:48.564847,2026-03-18 17:05:43.605299,152,4168,36643,On Time
4649,Fisher-Duarte,XNP,VZN,2026-03-09 23:34:23.998101,2026-02-20 21:35:03.577488,273,9474,43241,Cancelled
4650,Hancock-Mclean,BJW,MZH,2026-03-28 10:33:44.592798,2026-04-05 22:38:14.946351,404,771,37618,On Time
4651,Robinson PLC,MNZ,KFP,2026-02-14 03:15:24.787957,2026-02-03 14:24:07.372343,486,5105,29159,Cancelled
4652,Hunt-Collins,DAL,BJW,2026-01-25 13:41:35.511970,2026-03-26 12:18:27.660928,30,4892,18876,Cancelled
4653,"Williams, Li and Burke",CXD,DYM,2026-01-13 11:50:40.622344,2026-03-25 23:46:46.477937,478,5943,24495,On Time
4654,Gutierrez and Sons,DCP,AJM,2026-02-12 11:36:46.281749,2026-04-04 20:49:54.068867,401,6968,47536,Cancelled
4655,Ortega and Sons,QPC,JQG,2026-03-23 19:05:41.300995,2026-02-04 09:28:58.732813,589,5106,16817,On Time
4656,"Quinn, Evans and Allen",HOR,XWE,2026-02-08 05:58:52.728821,2026-02-28 00:35:06.293492,333,1161,27950,Cancelled
4657,"Brown, Williams and Edwards",SJZ,NSL,2026-03-16 10:47:32.657721,2026-01-13 19:18:36.943712,579,649,34360,Delayed
4658,"Powers, Singh and Stout",BJW,ARU,2026-02-15 12:33:16.726561,2026-03-21 00:40:35.574486,587,6601,24880,Delayed
4659,Tanner-Morgan,DHB,RML,2026-04-05 13:19:08.370705,2026-03-15 22:15:31.747296,252,1113,28957,Cancelled
4660,Conner LLC,NSL,YDU,2026-04-04 06:41:27.887288,2026-01-30 22:23:29.482630,512,5270,17750,Cancelled
4661,"Mayo, Forbes and Reynolds",UDQ,QZD,2026-03-01 18:53:52.416723,2026-03-17 17:36:52.309572,195,5295,13246,On Time
4662,"Tucker, Stephens and Martinez",EMT,FFE,2026-02-11 11:16:55.567008,2026-01-26 23:10:49.672738,454,9842,10076,Cancelled
4663,Smith-Williams,LIW,SAZ,2026-01-30 01:49:24.520516,2026-02-16 20:13:59.762047,466,5381,46722,Cancelled
4664,"Wallace, Anderson and Rice",UAI,PTQ,2026-03-05 18:35:46.040590,2026-01-18 16:02:02.207170,428,6244,48770,Cancelled
4665,"Graham, Benson and Brown",DHB,DNK,2026-01-10 07:08:14.192829,2026-03-26 04:07:50.809825,513,4649,14375,Delayed
4666,Mills and Sons,VAA,OLP,2026-01-11 08:55:07.970228,2026-01-09 17:17:09.247410,503,9525,8992,On Time
4667,"Stevens, Robinson and Allen",SXE,HVM,2026-02-28 19:39:11.921169,2026-01-07 14:15:43.590642,400,5856,29985,On Time
4668,White Group,SLN,XQD,2026-03-04 10:47:35.736575,2026-03-18 04:46:18.982140,115,7589,7848,Cancelled
4669,"Patel, Fleming and Ryan",FIA,KFP,2026-03-28 06:17:13.619101,2026-02-03 18:33:24.028502,116,6456,4707,Cancelled
4670,"Bennett, Dougherty and Long",PFQ,BJW,2026-02-05 04:25:32.535732,2026-02-17 21:14:14.007998,41,7809,16672,Delayed
4671,Mcmillan Inc,HOG,VAA,2026-01-25 15:33:23.535563,2026-01-26 11:06:03.089284,66,8753,12371,On Time
4672,King Group,UUO,DNK,2026-03-22 00:31:31.389100,2026-02-12 23:32:04.402635,35,8781,40502,Delayed
4673,"Avila, Hayes and Nunez",NGJ,XOR,2026-01-14 12:00:09.745928,2026-03-25 00:15:06.544507,458,9478,46668,Delayed
4674,Hester Ltd,COF,FYW,2026-02-28 20:14:32.313784,2026-02-09 10:08:51.576392,438,6066,28611,Cancelled
4675,"Hill, Johnson and Jackson",OIN,NRE,2026-01-18 07:47:20.308532,2026-03-17 13:01:52.307127,169,2971,38919,Delayed
4676,Lawson Group,DDQ,YSA,2026-03-04 04:16:37.259912,2026-02-26 03:18:19.620454,507,8453,40083,Delayed
4677,Hudson LLC,RFS,MNZ,2026-02-13 14:45:09.021469,2026-03-05 03:35:35.914802,219,1393,33649,Cancelled
4678,"Schultz, Kim and Osborne",CPL,HZK,2026-03-12 13:29:16.521455,2026-04-08 11:32:30.363905,308,5672,13691,Delayed
4679,Cunningham-Wiley,FOE,MOG,2026-01-16 21:53:19.626503,2026-02-21 04:01:42.635407,499,5178,29798,Cancelled
4680,Manning Group,SJZ,NPR,2026-02-09 19:41:54.428968,2026-03-06 23:16:17.084954,170,1588,48125,Cancelled
4681,Nichols-Ashley,NPR,QZZ,2026-03-09 21:48:55.641610,2026-04-05 18:58:32.283048,584,9059,3643,Delayed
4682,"Moran, Elliott and Williams",HPX,UNV,2026-01-17 05:14:50.407535,2026-01-24 19:06:40.863508,515,9887,4971,Cancelled
4683,Robles-Peterson,DHB,ZSP,2026-01-31 22:57:14.709225,2026-03-20 07:52:10.044923,95,5280,25718,On Time
4684,Armstrong Ltd,FOE,NGJ,2026-03-09 22:45:35.998041,2026-01-09 20:08:01.171660,383,4802,28300,On Time
4685,"Oliver, Cain and Avila",HOR,XNP,2026-02-07 07:20:51.723895,2026-02-05 19:35:51.404100,431,4950,35635,On Time
4686,"Smith, Boone and Klein",FFE,AJM,2026-02-11 14:03:51.268897,2026-03-17 21:12:23.569949,73,4296,49471,Delayed
4687,Clark-May,OYA,TRV,2026-03-29 14:02:06.632104,2026-01-07 12:10:47.483034,63,5357,35303,Cancelled
4688,"Higgins, Joyce and Miller",QAA,DYM,2026-02-08 11:32:57.647422,2026-02-10 22:36:28.656794,33,5348,27592,On Time
4689,Wise-Hammond,UAI,HIR,2026-04-02 23:09:57.333971,2026-03-12 09:12:05.562134,204,3349,30631,Delayed
4690,Banks Ltd,DDQ,QUE,2026-01-02 05:57:15.739065,2026-03-22 17:07:28.882332,294,9970,46663,Delayed
4691,Terrell-Stewart,ESX,OTP,2026-03-05 23:54:54.802279,2026-02-20 11:45:31.895584,237,8645,44161,Delayed
4692,"Moody, Pearson and Miller",PTQ,ZQT,2026-04-04 22:06:34.317583,2026-01-14 23:02:19.282127,531,6560,17566,Cancelled
4693,Gonzalez-Ibarra,SEA,RCJ,2026-03-14 04:20:28.742666,2026-01-14 12:12:39.201690,261,4699,35486,Delayed
4694,Phillips-Kelley,VPU,XQD,2026-01-27 22:37:20.396860,2026-03-31 02:44:20.790626,70,4990,14900,Cancelled
4695,Gomez LLC,NRE,HFX,2026-01-17 03:04:14.277968,2026-01-26 22:57:28.385664,475,7374,38826,On Time
4696,"Scott, Rogers and Roberts",OKN,JQG,2026-04-01 00:54:55.578173,2026-02-21 00:58:31.370479,405,6113,24904,Cancelled
4697,Espinoza Ltd,JVO,ZUD,2026-03-22 08:05:06.908113,2026-03-28 07:30:42.493708,99,5778,28909,Cancelled
4698,Jones Inc,OTP,YTN,2026-01-20 22:18:19.045238,2026-02-19 11:16:51.283072,228,1334,43769,Delayed
4699,"Mitchell, Thomas and Lewis",SJZ,OWR,2026-03-26 17:22:00.208664,2026-01-22 22:17:38.583161,50,6296,48674,Delayed
4700,White-King,VHB,QAA,2026-01-09 22:39:08.991244,2026-02-21 18:58:12.067959,411,4126,47117,On Time
4701,Hernandez-Jones,ZIB,MNZ,2026-02-14 12:21:29.231175,2026-01-07 09:04:44.911814,201,6829,4806,On Time
4702,"Williams, Jones and Myers",XYB,FVJ,2026-03-23 14:07:15.421598,2026-03-04 13:59:36.478040,223,3079,28098,Cancelled
4703,"Newton, Mendez and Brooks",OLP,ORB,2026-02-07 04:35:05.653952,2026-01-21 13:17:00.170563,522,9883,5393,Cancelled
4704,"Kim, Gonzales and Ortiz",PFQ,JEO,2026-01-16 09:02:20.796526,2026-03-05 08:51:37.716122,595,1298,47355,Cancelled
4705,Garcia-Lynch,DYM,RML,2026-01-17 02:37:24.947377,2026-01-30 01:41:48.029464,238,5980,36510,Delayed
4706,Summers-Snyder,VXK,MOG,2026-01-30 21:28:48.697305,2026-03-23 04:10:20.568222,332,7817,21729,On Time
4707,"Thompson, Kennedy and Wilson",NRE,PIC,2026-03-11 23:34:15.796918,2026-03-26 13:38:10.899953,144,538,36203,Delayed
4708,Pena PLC,CXD,VAA,2026-01-19 06:47:06.387127,2026-02-18 21:43:56.758093,277,9986,19247,Cancelled
4709,"Mills, Torres and Moore",VXI,NLB,2026-02-23 16:46:15.327643,2026-02-24 09:51:10.852601,440,216,14047,Cancelled
4710,Le Inc,SJZ,YTN,2026-02-12 23:03:06.627227,2026-01-12 05:47:57.676298,591,4026,5635,Cancelled
4711,Dennis-Green,XRZ,CFB,2026-04-08 06:43:35.569776,2026-01-21 19:21:19.789088,412,4166,40151,Cancelled
4712,"Good, Fowler and Williams",ZQT,KHA,2026-01-07 10:46:50.319198,2026-01-04 12:11:55.101174,376,3830,26935,Delayed
4713,"Olson, Green and Meyer",IUM,FVJ,2026-03-02 20:49:57.967446,2026-01-08 01:22:44.324319,159,2567,2165,Delayed
4714,Herrera-Shelton,LXX,ZYQ,2026-03-11 10:06:32.413437,2026-01-30 01:30:48.766593,494,1611,14828,Cancelled
4715,"Buchanan, Mccoy and Osborn",GYR,TTI,2026-02-12 17:13:00.137395,2026-01-15 16:47:01.716906,123,960,32136,On Time
4716,"Page, Davis and Oconnor",MZH,NRE,2026-03-03 00:59:51.146866,2026-03-18 08:45:56.916978,186,10000,4447,On Time
4717,"White, Valencia and Carlson",UUO,ZUD,2026-02-22 20:51:05.109365,2026-02-12 20:48:56.877088,30,7614,39331,Cancelled
4718,Roy-Steele,XJB,NRE,2026-02-28 03:25:49.413648,2026-03-25 04:08:06.414372,590,9237,30419,Cancelled
4719,"Collins, Ferguson and Watkins",FFE,JLM,2026-03-21 13:10:05.303822,2026-02-27 22:37:28.796972,86,6427,43602,Delayed
4720,Smith-Campbell,PXE,GQT,2026-02-24 11:16:15.133357,2026-01-30 12:57:21.786899,166,5270,25553,On Time
4721,Rios-Craig,GQT,FPG,2026-01-21 02:59:18.738421,2026-02-08 07:18:57.681454,391,5437,40244,On Time
4722,"Sanchez, Jones and Barajas",FIA,HIR,2026-03-28 09:12:53.727493,2026-03-16 20:01:04.836123,167,8540,38824,Delayed
4723,Edwards-Townsend,OWR,LOW,2026-02-22 12:50:52.311288,2026-01-27 06:41:49.715975,490,9006,29575,Delayed
4724,"Taylor, Russell and Jones",VFJ,OWC,2026-02-04 00:21:24.848067,2026-04-07 07:23:17.891068,141,6781,14063,Delayed
4725,"Cooper, Mendoza and Ferrell",GQT,IDD,2026-01-10 04:11:00.957173,2026-04-02 04:04:31.889860,296,5703,34927,Cancelled
4726,"Smith, Dominguez and Smith",ZEI,DCP,2026-02-05 16:37:43.702362,2026-03-08 22:45:39.257013,442,6631,15654,Delayed
4727,"Nguyen, Reyes and Harris",QZD,XOR,2026-01-21 22:01:07.039642,2026-01-10 16:43:10.830792,172,7194,35078,Cancelled
4728,"Roberts, Jenkins and Ramos",OLP,CYC,2026-03-23 18:39:13.590278,2026-03-11 01:04:57.077750,401,6812,29551,Delayed
4729,Burns PLC,QZZ,DNK,2026-03-18 08:55:47.189180,2026-03-12 22:59:27.703552,148,5268,46004,Cancelled
4730,"Hanna, Harris and Vega",JEA,PRW,2026-02-01 23:38:26.068190,2026-03-16 23:51:57.229274,389,2663,24072,Delayed
4731,Montgomery-Dalton,YLF,LIW,2026-03-13 02:18:27.930512,2026-03-01 21:52:55.043492,466,6256,9983,On Time
4732,"Peters, Berger and Walker",YSA,IDD,2026-02-19 17:08:03.246637,2026-01-31 22:46:36.458238,274,6135,26132,Cancelled
4733,"White, Miller and Robinson",BJD,TTI,2026-01-23 05:52:15.008584,2026-02-13 11:24:57.564793,106,1054,20388,Cancelled
4734,"Graves, Hernandez and Robinson",HZN,BJD,2026-01-14 07:40:48.053888,2026-02-13 02:56:55.987775,57,4758,17944,Delayed
4735,"Cox, Russell and Reynolds",OLP,OWR,2026-01-21 02:38:30.143709,2026-01-12 04:09:14.492797,335,9321,11277,Delayed
4736,Hurst and Sons,UVN,CPL,2026-02-16 13:51:27.998975,2026-03-08 14:41:03.550875,451,9641,4164,On Time
4737,Booker and Sons,HGF,FCG,2026-01-29 15:29:21.293423,2026-01-27 15:19:18.826550,250,5817,8971,On Time
4738,"Butler, Wilson and Harris",NRE,HGF,2026-01-31 14:32:40.291786,2026-03-02 07:20:47.241376,349,635,31770,Delayed
4739,"Rodriguez, Hughes and Holland",RZR,QZD,2026-02-13 20:02:32.336396,2026-01-13 15:31:00.389360,117,7283,30774,Delayed
4740,Aguilar Inc,OTP,KFP,2026-02-14 13:32:01.727835,2026-02-23 20:17:35.759505,32,8543,11045,Delayed
4741,Rush-Holt,RRZ,IAL,2026-03-20 17:05:45.101128,2026-01-31 10:36:02.417215,124,6697,12338,Cancelled
4742,"Butler, Watson and Ortiz",ARU,XRZ,2026-02-21 21:32:07.011616,2026-01-15 10:47:31.579407,160,5372,16312,Delayed
4743,Patel-Jacobs,CPL,LZQ,2026-02-01 08:16:42.310304,2026-02-17 12:10:01.429790,516,4758,18159,Delayed
4744,Wilson-Ayers,LIW,DFB,2026-02-23 02:23:27.426192,2026-03-30 06:44:16.042133,406,1351,42752,On Time
4745,Abbott Group,JEO,EMQ,2026-01-07 09:55:32.977011,2026-02-02 07:51:12.687160,367,5107,26940,Cancelled
4746,Moore LLC,XQD,RWO,2026-01-31 02:23:25.260052,2026-02-08 15:22:29.048152,356,3600,4887,On Time
4747,Green Ltd,MWN,ZUD,2026-01-14 12:25:35.327138,2026-02-23 13:54:11.253051,311,6599,36790,On Time
4748,"French, Aguilar and Mccarthy",OTP,VLU,2026-03-24 12:34:31.060309,2026-02-27 10:28:35.939774,454,3234,24257,Delayed
4749,"Reed, Lee and Wells",MZH,SAN,2026-02-24 09:43:04.659591,2026-03-14 21:12:25.004888,156,2355,8396,Delayed
4750,Clark LLC,HVG,IAL,2026-02-02 22:47:40.302285,2026-02-05 13:58:24.179193,115,9658,30721,Cancelled
4751,Townsend PLC,RXD,VHB,2026-02-07 17:11:05.162575,2026-02-17 03:21:20.396591,216,5414,15111,Cancelled
4752,"Francis, Perez and Jenkins",LFV,KHA,2026-01-23 09:58:13.701115,2026-01-13 02:06:25.716801,582,8005,44277,On Time
4753,Ross and Sons,JBR,SLN,2026-01-12 13:41:50.376784,2026-01-20 01:06:46.895286,508,4244,46826,Cancelled
4754,Ford-Frazier,OWC,YSA,2026-02-02 07:25:42.928200,2026-02-13 13:05:39.747961,230,5409,34438,Cancelled
4755,Stephens-Roach,HOG,OYA,2026-01-25 17:38:48.411124,2026-01-13 18:53:33.074693,250,774,39087,On Time
4756,Warren-Liu,OLP,VPC,2026-01-05 11:11:15.775187,2026-03-25 17:32:52.828684,289,5496,21909,Cancelled
4757,Powers-Poole,NSL,OTP,2026-01-27 01:24:02.511754,2026-01-20 15:12:32.306032,199,7042,41766,Cancelled
4758,"Sexton, Taylor and Noble",XWE,UPB,2026-04-07 11:10:21.679338,2026-03-24 08:37:00.711572,269,4669,39987,Delayed
4759,French Group,TOJ,LFV,2026-01-29 19:11:05.814548,2026-03-27 13:50:18.553463,69,2965,48907,On Time
4760,"Graves, Sherman and Harris",UPB,UNV,2026-02-20 21:09:47.276459,2026-03-25 23:49:45.275578,47,9804,46445,Cancelled
4761,Wilson Inc,PTQ,VZN,2026-03-12 22:53:45.603640,2026-02-25 19:44:49.614444,351,7879,38891,On Time
4762,"Schwartz, Elliott and Bridges",GGR,KRW,2026-03-08 17:06:17.531256,2026-01-19 01:21:26.118232,278,7033,37394,Delayed
4763,"Dennis, Campbell and Moore",JLG,VPU,2026-01-19 16:50:27.432709,2026-03-03 00:11:14.664246,85,8709,13631,On Time
4764,Wilson-Rodgers,GQN,ZTI,2026-02-03 22:50:39.515792,2026-03-03 20:33:43.540632,162,9569,21194,Cancelled
4765,"Perez, Rojas and Lee",RCJ,OLP,2026-03-10 03:44:10.447588,2026-04-04 00:51:01.688012,420,2217,33987,On Time
4766,Flores-Mckenzie,XQD,XYB,2026-02-11 07:05:49.901192,2026-01-24 05:30:53.776835,46,2940,32974,Cancelled
4767,Patterson Group,FVJ,IAL,2026-01-27 10:41:19.700308,2026-03-02 03:59:27.102589,543,9871,21268,Delayed
4768,Merritt-Lester,VLU,JEO,2026-02-20 10:06:09.264446,2026-03-30 20:13:17.635215,412,1489,13933,On Time
4769,Guzman LLC,EMT,YSA,2026-03-31 07:16:31.164679,2026-02-22 20:38:13.822638,413,8343,42556,On Time
4770,Gutierrez and Sons,MVU,RXD,2026-01-24 03:49:53.781819,2026-03-25 12:31:53.095616,120,6405,39567,Delayed
4771,Austin-Underwood,BZQ,SLG,2026-01-30 09:03:49.693572,2026-01-27 04:56:40.726466,303,8379,13086,Delayed
4772,Johnson-Allison,QZZ,PXE,2026-03-03 20:51:35.895654,2026-01-01 12:34:15.793861,302,6869,11534,Delayed
4773,"Carr, Alvarez and Jackson",RFL,CYC,2026-04-05 23:42:22.704029,2026-03-02 07:04:16.939788,405,361,33973,On Time
4774,Fernandez-Fitzgerald,BIL,XWE,2026-04-01 03:03:46.152063,2026-02-20 22:36:27.703530,353,9461,28463,Cancelled
4775,Vazquez-Ward,ZEI,FFE,2026-04-05 12:31:48.612728,2026-03-16 20:33:47.608606,430,4225,25386,Cancelled
4776,"Mckee, Washington and Briggs",GHQ,IUM,2026-03-08 06:49:39.191223,2026-01-31 04:18:26.622761,110,457,30433,Cancelled
4777,Ortiz PLC,OKN,JLG,2026-03-29 08:19:06.074291,2026-04-01 08:04:10.736132,548,8779,25946,Delayed
4778,Ryan Ltd,MZE,HGF,2026-03-12 23:17:06.326804,2026-03-15 16:17:35.475187,572,7121,37139,Delayed
4779,Chen LLC,VLU,WUT,2026-02-24 03:34:26.450322,2026-01-18 00:42:52.458719,323,7705,26279,Delayed
4780,Weiss and Sons,VZN,BJW,2026-03-02 23:51:03.262798,2026-02-24 15:03:11.934927,162,4344,35706,Cancelled
4781,Sanders-Phillips,OIN,PXE,2026-04-02 16:38:37.841306,2026-03-07 14:03:13.023841,294,978,26375,Cancelled
4782,Holmes-Lopez,ZYQ,HIA,2026-01-06 10:04:43.357996,2026-01-29 15:32:06.538306,473,5154,12221,Cancelled
4783,Butler-Mendoza,PTQ,IDD,2026-03-18 05:23:17.396930,2026-02-10 13:23:53.610413,205,4835,32872,Cancelled
4784,Duncan-Malone,WUT,MVU,2026-03-14 19:08:09.300781,2026-02-16 00:41:21.076006,567,581,12102,Delayed
4785,Bass and Sons,OWC,ZEI,2026-04-02 20:47:35.775670,2026-01-08 00:25:28.144296,285,4740,23986,Cancelled
4786,"Browning, Kelly and Ellison",YSA,HOG,2026-03-06 19:07:40.533753,2026-01-19 14:38:12.071280,49,5463,3097,Delayed
4787,Rogers Group,IUM,FVJ,2026-01-30 08:50:29.468904,2026-04-04 23:34:37.881672,243,5447,2517,On Time
4788,"Liu, Sanders and Mclaughlin",VAZ,VBS,2026-02-20 23:50:57.800610,2026-03-10 11:19:06.618951,407,9975,32605,Delayed
4789,Ruiz Group,CEK,TGY,2026-03-31 16:40:57.307686,2026-01-21 01:46:51.419742,164,3851,4860,Cancelled
4790,"Moyer, Hawkins and Conner",SFR,ZNM,2026-01-29 08:13:36.230576,2026-03-02 15:46:29.957958,145,8115,3344,Delayed
4791,Warner LLC,FIA,LER,2026-02-07 01:57:37.125089,2026-02-10 17:23:22.054522,164,9688,33278,Cancelled
4792,Anderson-Ford,JLG,QNT,2026-01-15 11:52:13.785472,2026-02-03 01:33:39.128118,295,984,22032,Delayed
4793,Salinas PLC,ARU,OLP,2026-03-18 10:02:22.173533,2026-03-01 17:21:26.525826,52,6633,43276,Cancelled
4794,Holland and Sons,GYR,XJB,2026-04-04 08:43:28.157699,2026-04-07 22:05:09.393823,399,1903,19507,Cancelled
4795,"Hale, Mora and Webb",OJV,ESX,2026-01-08 13:32:27.449892,2026-02-17 16:24:22.220327,251,5540,26683,Cancelled
4796,Hunt-Taylor,RRZ,OTP,2026-02-08 01:39:32.240903,2026-03-27 11:35:57.274442,119,8415,37168,On Time
4797,Smith-Mcclure,EDQ,NPR,2026-02-24 17:47:38.286954,2026-03-22 22:43:10.420165,242,6308,36373,Delayed
4798,Allen-Miller,QAA,VLU,2026-02-05 03:16:26.900898,2026-02-18 14:01:59.096331,64,6018,34753,Delayed
4799,Hoover-Harrison,MZH,MWN,2026-02-28 07:13:18.805698,2026-02-06 11:05:51.627801,443,2653,45828,Delayed
4800,"Wallace, Roberts and Freeman",YTN,HVC,2026-03-31 08:45:22.425372,2026-03-13 09:53:14.324989,526,3481,48718,Cancelled
4801,Huff and Sons,SLN,WJU,2026-01-01 10:45:14.383519,2026-01-11 22:02:13.911633,47,1362,33031,On Time
4802,Harvey Ltd,ZNM,HVC,2026-02-02 21:23:31.691713,2026-03-11 04:54:27.179170,378,9458,44981,Cancelled
4803,"Delacruz, Wood and Gray",JLG,DFB,2026-03-27 06:49:33.692618,2026-01-27 03:55:43.862469,367,6776,43550,Delayed
4804,West PLC,FPG,YDU,2026-01-24 00:29:37.506654,2026-01-24 18:06:37.190825,584,5267,30355,Cancelled
4805,"Monroe, Noble and Morse",HOG,UVN,2026-01-25 21:17:09.872043,2026-03-24 18:21:04.732821,358,2527,18866,On Time
4806,Young and Sons,AAU,IDD,2026-01-07 11:41:19.145280,2026-01-25 07:58:40.895146,423,669,24505,On Time
4807,"Thomas, Johnson and Taylor",BIL,CBT,2026-03-15 21:10:15.021742,2026-02-02 06:01:41.058153,280,2552,3892,Delayed
4808,"Blackburn, Li and Walls",HWX,ARU,2026-01-03 15:46:29.063306,2026-01-28 09:42:15.630046,186,2655,24333,Delayed
4809,Jones-Brock,IAL,KHA,2026-03-31 19:50:01.149103,2026-03-17 10:57:39.273426,90,5090,21842,Delayed
4810,Chase-Obrien,UAI,OIN,2026-02-02 11:32:28.051897,2026-04-06 01:07:54.736202,164,4998,12674,Cancelled
4811,"Woodard, Washington and Anderson",HOG,QPC,2026-02-24 19:30:55.324885,2026-01-29 18:04:45.082621,503,2132,13436,Delayed
4812,Mcdaniel-Thompson,PIG,HVM,2026-01-28 23:07:53.122575,2026-02-12 03:04:21.542998,484,3684,35188,Cancelled
4813,Parks Inc,UVN,OLP,2026-03-18 19:25:47.985379,2026-03-01 21:44:57.382594,591,3523,9959,Delayed
4814,"Webster, Espinoza and Peters",UVN,GQN,2026-01-06 20:07:35.672386,2026-03-28 23:01:21.064651,577,432,49922,Delayed
4815,Wright-Carter,OYA,VZN,2026-01-24 17:45:12.465617,2026-02-08 02:16:44.294969,259,842,5865,Cancelled
4816,Owens-Miller,DCP,OWC,2026-02-16 17:18:06.374804,2026-01-03 06:30:40.116765,43,369,24480,Delayed
4817,Brown-Mills,IAL,VAA,2026-03-01 04:06:14.272840,2026-04-02 05:01:38.573036,208,7637,34157,On Time
4818,Nielsen Ltd,UPB,KBO,2026-01-07 06:11:12.924338,2026-03-14 04:39:08.657944,450,6890,45658,Delayed
4819,Solomon Group,TOJ,RZR,2026-03-20 13:09:13.288654,2026-02-21 05:15:05.217028,91,1642,15812,Cancelled
4820,Perkins-Johnson,UHK,VZN,2026-04-05 22:01:38.942038,2026-02-17 14:57:40.555639,33,1860,22951,Cancelled
4821,Garcia Inc,SAZ,NPR,2026-03-26 16:25:16.341727,2026-02-03 02:35:33.055005,147,8327,49264,Cancelled
4822,Wright PLC,CXD,DVE,2026-03-12 01:56:54.613972,2026-04-07 06:55:51.980814,256,7431,46296,Cancelled
4823,Thomas-Ramsey,HVM,SAN,2026-02-21 13:59:29.206636,2026-03-25 21:17:15.296342,156,9078,27166,On Time
4824,Chambers-Hernandez,XRZ,VAZ,2026-03-28 22:28:40.397062,2026-01-03 01:50:43.536618,443,8860,26202,Cancelled
4825,Valdez PLC,JBR,SAZ,2026-01-07 20:13:07.968391,2026-02-10 04:47:23.269660,541,1572,26642,Delayed
4826,"Strickland, Moss and Kelley",JVG,WUT,2026-03-30 05:55:13.212872,2026-01-10 08:16:06.231350,392,5819,10381,Cancelled
4827,"Smith, Young and Bennett",ZQT,RZR,2026-01-12 07:12:46.304698,2026-03-12 09:58:42.155139,235,2302,24056,Cancelled
4828,Espinoza LLC,QNT,HOG,2026-03-26 16:39:04.803298,2026-01-24 19:44:02.234329,124,9121,33257,Cancelled
4829,"Stout, Brock and Finley",HIR,JLG,2026-02-26 15:39:23.657522,2026-03-15 19:26:03.088933,213,5775,8034,Delayed
4830,"Burns, Glover and Morales",XOR,TGY,2026-02-08 14:10:20.786960,2026-04-01 21:57:23.957889,436,1355,7225,On Time
4831,"Klein, Ellis and Thompson",GQT,LXX,2026-02-17 13:46:10.721085,2026-01-16 06:25:38.360535,472,9232,2247,Delayed
4832,Thomas Ltd,VLU,XNP,2026-01-19 09:41:44.689100,2026-01-06 13:10:37.745324,594,1748,48751,Delayed
4833,Mitchell Group,ZEI,GHQ,2026-01-12 13:15:21.708517,2026-01-28 12:46:45.777732,242,2364,9631,Delayed
4834,"Gomez, Watson and Aguirre",HOG,EMQ,2026-01-13 21:04:44.149567,2026-04-03 03:50:37.823038,147,2300,20041,On Time
4835,Flowers-Wise,SAN,CFB,2026-01-07 19:47:42.814391,2026-02-24 11:19:23.312488,310,1502,12754,Cancelled
4836,Hall-Bowers,IAL,HVG,2026-01-26 12:54:49.452606,2026-03-08 22:02:13.052872,502,6886,28361,Cancelled
4837,Todd-Chambers,UVN,JHK,2026-01-11 08:52:01.898787,2026-03-01 19:21:42.904260,419,5365,28934,Cancelled
4838,Reynolds LLC,DHB,TOJ,2026-02-26 20:58:18.506038,2026-03-04 16:22:17.314516,326,6916,16780,Cancelled
4839,Young-Stephens,ARU,NPR,2026-03-17 07:14:14.898389,2026-03-03 07:12:41.781887,537,7999,6483,Cancelled
4840,Parks-Weaver,MGR,DNK,2026-03-27 22:33:26.619190,2026-03-03 20:15:25.793918,199,8882,21323,Cancelled
4841,"Cook, Bryant and Richmond",VXK,CEK,2026-01-27 02:43:08.506106,2026-04-04 13:28:52.333829,169,6250,6674,Cancelled
4842,Reid Ltd,ESX,RFL,2026-03-11 18:05:34.917998,2026-01-24 05:29:25.251427,264,7440,19573,On Time
4843,Reynolds-Kidd,XJB,KLN,2026-04-07 17:18:14.166238,2026-04-02 04:29:22.623372,493,7369,28596,Delayed
4844,Trevino-Simmons,EMT,FYW,2026-02-26 14:32:03.582773,2026-03-28 04:12:00.127339,569,7060,3783,On Time
4845,Grant Group,RXN,MWN,2026-02-01 13:03:17.028186,2026-02-25 19:02:34.940328,242,9036,37151,Cancelled
4846,Anderson-Smith,YNZ,NRE,2026-03-05 12:08:57.719208,2026-01-17 14:23:14.311013,146,7442,25498,Cancelled
4847,"Buchanan, Andersen and Patrick",SAZ,DHB,2026-01-08 13:42:22.347919,2026-03-08 12:20:14.753225,172,8861,36564,On Time
4848,Klein-Sullivan,GXQ,IAL,2026-01-30 01:36:20.487204,2026-04-03 23:09:55.703372,86,5394,21777,Cancelled
4849,Abbott and Sons,VBS,IUM,2026-03-16 18:56:26.539125,2026-01-05 08:59:10.662076,472,1601,19232,On Time
4850,Mendez LLC,OIS,VLU,2026-02-24 08:33:07.528005,2026-01-22 17:15:45.098515,578,9494,15989,Delayed
4851,"Cruz, Reyes and Wright",HUX,ZQT,2026-01-17 16:49:46.417088,2026-02-03 09:42:22.169339,94,6506,9894,Delayed
4852,Bishop-Zhang,DCP,HIA,2026-01-10 19:00:34.821154,2026-03-26 20:30:20.502201,600,1237,24791,On Time
4853,Kelly and Sons,XYB,MVU,2026-03-30 05:34:27.522432,2026-04-05 15:12:53.400330,573,7025,31053,On Time
4854,"Rhodes, Johnson and Ellis",JDM,EMT,2026-01-29 15:01:11.163218,2026-03-12 10:20:50.221785,374,8889,35361,Cancelled
4855,Stephens LLC,RXD,NSL,2026-01-14 14:32:30.774429,2026-03-16 02:38:53.186424,439,6898,7434,Cancelled
4856,Merritt Inc,OJV,MZE,2026-03-09 13:27:51.777261,2026-01-11 07:46:56.105696,35,8833,27714,Delayed
4857,Kelly-Garner,PXE,UUO,2026-03-16 19:03:22.845377,2026-03-28 08:19:34.429417,346,8896,39310,On Time
4858,"Banks, Reyes and Stewart",UAI,YDU,2026-03-15 16:27:24.037098,2026-03-15 04:39:32.585935,536,9117,15952,On Time
4859,Miller PLC,NYP,PIV,2026-03-15 03:49:16.169593,2026-02-08 23:03:30.255854,339,4570,13840,On Time
4860,Sanchez-Zhang,PIV,QPC,2026-01-27 09:35:09.100760,2026-02-17 23:10:55.977556,542,3802,21413,Cancelled
4861,Nelson-Roberts,JDM,UUO,2026-01-16 03:53:50.436764,2026-03-05 07:13:11.569837,574,5415,37324,Delayed
4862,Malone and Sons,XOR,DCP,2026-03-20 16:59:59.715981,2026-03-31 22:19:09.704345,382,3548,49956,On Time
4863,Smith-Evans,DAL,NGJ,2026-01-04 16:17:44.174133,2026-02-28 04:15:06.646587,562,4439,14407,On Time
4864,Allen-Watson,DYM,XQD,2026-03-14 14:29:16.538794,2026-04-04 16:27:46.453906,331,7915,2726,On Time
4865,Ryan and Sons,ZYQ,SFR,2026-03-13 09:33:28.635007,2026-02-09 01:00:21.208196,505,3423,39672,On Time
4866,Munoz PLC,CXD,EMQ,2026-03-03 08:06:10.282962,2026-02-28 08:35:52.636940,483,5330,34121,Cancelled
4867,Garcia-Warner,OTP,JDM,2026-03-29 22:56:17.984196,2026-03-24 19:22:12.582371,306,8736,31831,Delayed
4868,Harrington PLC,VLU,QUE,2026-02-08 23:51:08.037237,2026-03-08 08:28:57.058137,141,3908,43621,Delayed
4869,Hurst-Ramirez,DYM,ZUD,2026-03-28 00:36:18.859928,2026-03-31 16:59:54.924720,197,1748,38107,Delayed
4870,Krueger Group,WJU,GXQ,2026-03-07 04:12:34.504554,2026-02-25 02:21:48.110047,331,2830,14531,Cancelled
4871,"Hess, Lin and Hester",TOJ,LFV,2026-03-04 16:52:37.998213,2026-01-25 10:29:40.712847,536,2157,3265,On Time
4872,Alexander-Harmon,GHQ,MAF,2026-03-01 14:26:19.134964,2026-03-21 15:39:03.957478,403,7404,18925,On Time
4873,Schneider LLC,MWN,PIC,2026-03-13 18:13:39.129800,2026-01-22 00:28:00.044600,399,6195,47834,Delayed
4874,"Knight, Fleming and Ayala",MGR,MNZ,2026-01-10 13:14:46.684321,2026-03-17 09:57:38.786143,566,819,21238,Delayed
4875,Gill-Duran,MAF,SJZ,2026-03-11 21:14:49.936105,2026-03-06 20:03:05.164125,221,9578,20585,On Time
4876,Campos PLC,HWX,DCP,2026-01-07 00:54:23.634595,2026-01-10 05:04:31.958161,510,965,35082,On Time
4877,Barker Ltd,RXD,RRZ,2026-04-08 00:07:48.194595,2026-03-07 10:59:25.075181,429,4152,6625,Delayed
4878,Mcclure-Edwards,MZE,MWN,2026-03-06 23:11:39.234867,2026-01-07 23:40:33.082795,61,7766,43775,On Time
4879,"Owens, Miller and Tate",LZQ,TOJ,2026-03-22 19:38:35.581563,2026-01-09 16:59:07.167480,242,614,44168,Delayed
4880,Perez Group,SAZ,VPC,2026-02-03 04:36:07.612675,2026-03-27 13:43:23.900078,533,8578,6661,Delayed
4881,"Perez, Alvarez and Blevins",KLN,ZIB,2026-02-23 00:12:28.555184,2026-01-14 18:48:29.701033,257,763,28845,Cancelled
4882,Turner Ltd,VXK,ZTI,2026-01-23 10:16:33.117140,2026-02-13 08:51:28.945556,370,9882,2858,Cancelled
4883,Johnson-Hale,YNZ,LIW,2026-01-29 07:57:18.479607,2026-01-06 12:58:14.828998,272,5393,10216,On Time
4884,Mcmillan-Mckinney,HVG,VLU,2026-03-18 08:19:39.377561,2026-02-05 10:54:47.982372,232,3478,38035,Delayed
4885,Cunningham and Sons,OJV,UAI,2026-02-15 03:49:03.814095,2026-02-05 19:00:19.838130,487,9247,47094,Delayed
4886,Howard-Black,UAI,BJD,2026-02-05 16:02:48.560124,2026-03-06 10:23:43.764586,57,2740,4580,Cancelled
4887,Roberts Group,PIG,BIL,2026-04-01 14:37:06.817080,2026-03-17 23:27:44.935758,116,9897,6347,On Time
4888,Gould-Johnson,RRZ,GGR,2026-03-30 10:51:57.934258,2026-01-07 10:39:07.609122,583,6051,49678,Delayed
4889,Williams Ltd,CYC,OLP,2026-03-07 15:35:07.763132,2026-03-26 18:53:06.784741,588,2892,41682,Delayed
4890,"Collins, Crawford and Nelson",AMB,UDQ,2026-03-26 23:42:48.858929,2026-01-08 20:49:23.330957,502,4205,27730,Delayed
4891,Green-Parsons,RFL,GQN,2026-01-08 09:21:01.790334,2026-01-26 21:22:38.930626,197,8495,17562,Delayed
4892,Jackson LLC,CEK,VAZ,2026-02-11 15:36:07.814690,2026-02-07 19:30:16.455421,534,2173,9152,On Time
4893,"Rivera, Dudley and Stewart",ZEI,HUX,2026-02-10 08:58:10.056795,2026-03-03 05:56:12.222273,300,4794,44293,Delayed
4894,Gardner-Rodgers,IAL,GQT,2026-01-08 18:10:49.108328,2026-02-01 13:01:30.358988,489,2926,24231,On Time
4895,Browning-Vega,OYA,KFP,2026-01-10 14:35:26.978157,2026-02-06 18:26:50.198121,470,1679,21365,Delayed
4896,Hanson-Camacho,COF,UPB,2026-01-16 03:00:06.824321,2026-04-07 08:46:39.157215,154,3685,24381,Delayed
4897,"Williams, Johnson and Ortiz",PIC,LXX,2026-01-21 04:29:45.895831,2026-01-16 19:25:52.778001,394,2126,40028,Cancelled
4898,"Ward, Brown and Miller",DPO,MVU,2026-01-05 22:14:32.920748,2026-01-26 15:19:56.351379,552,6021,21658,Cancelled
4899,"Jackson, Brown and Perkins",NGJ,QEH,2026-03-21 07:06:54.590157,2026-02-27 10:46:40.030707,251,4903,26062,Cancelled
4900,Lopez-Campbell,VXK,WUT,2026-01-30 20:26:24.297729,2026-02-28 04:19:16.667289,117,9426,7229,Delayed
4901,Parks Group,FIA,PIV,2026-01-08 07:00:45.925242,2026-03-04 15:56:53.080047,442,2112,15910,Delayed
4902,Jordan Ltd,OYA,TGY,2026-03-31 00:06:40.816788,2026-03-18 23:07:22.067176,146,3343,7704,On Time
4903,Wilson Inc,GXQ,MVU,2026-03-23 20:28:41.968582,2026-03-03 10:25:40.091958,205,8184,9161,Delayed
4904,"Torres, Freeman and Smith",FPG,VBS,2026-01-03 00:34:50.954577,2026-02-16 06:36:18.104772,429,9046,32963,Cancelled
4905,Rogers LLC,MZH,BJW,2026-04-07 00:26:08.169380,2026-02-21 13:42:29.912119,38,3834,12955,Delayed
4906,Marshall PLC,GXQ,DAL,2026-01-21 17:05:44.447683,2026-02-20 21:18:03.456330,76,3508,31663,On Time
4907,Nunez Inc,OKN,AMB,2026-01-18 17:42:27.246523,2026-03-01 23:40:41.605605,263,1802,46204,On Time
4908,"Reid, Bennett and Baldwin",EDQ,OTP,2026-01-09 11:14:15.583355,2026-01-14 08:50:30.088620,314,5780,11040,Cancelled
4909,"Taylor, Berry and Lawrence",DAL,LIW,2026-02-21 02:31:39.003191,2026-01-14 16:12:29.109686,402,6162,9840,Delayed
4910,Hill LLC,UNV,XYB,2026-02-17 09:41:53.926590,2026-03-18 09:55:58.538946,102,7105,49027,On Time
4911,Lewis Inc,KLN,YSA,2026-03-20 07:14:20.328187,2026-01-10 14:17:08.035793,563,3061,45805,Delayed
4912,Davis and Sons,XQD,ZQT,2026-03-19 12:37:38.140099,2026-03-19 07:47:58.624192,389,212,33086,On Time
4913,Miller PLC,JDM,XRZ,2026-03-14 14:23:40.400693,2026-02-04 08:57:35.791972,186,2088,15654,On Time
4914,Howard-Gibson,FPG,YVL,2026-03-27 05:48:48.576594,2026-03-01 06:09:13.905405,77,5193,22726,On Time
4915,"Allen, Pitts and Johnson",ANH,OYA,2026-03-21 13:10:43.617373,2026-01-26 11:09:20.100469,125,5596,45443,On Time
4916,"Evans, Phillips and Hernandez",XJO,ISQ,2026-03-26 17:53:40.892207,2026-02-08 02:00:30.090940,579,702,34974,Delayed
4917,Padilla-Ayers,HWX,WJU,2026-02-05 22:17:34.318717,2026-01-16 05:26:55.965145,579,5286,15078,Delayed
4918,Shea Inc,OLP,SXE,2026-03-26 03:36:41.754362,2026-01-08 17:14:32.558823,314,1614,36330,Delayed
4919,Mayo-Scott,KLN,DPO,2026-02-25 23:33:48.943665,2026-02-01 09:57:31.591979,170,5196,39474,Cancelled
4920,"Montoya, Barajas and Barron",LZQ,JEA,2026-03-25 03:38:04.507735,2026-01-17 11:59:04.952161,37,5506,27016,Delayed
4921,Calhoun-Kennedy,ZTI,YTN,2026-01-31 04:38:14.741471,2026-01-28 11:21:27.970683,512,1976,49384,Cancelled
4922,"Jones, Ramirez and Evans",GYR,PTQ,2026-03-14 20:17:50.275360,2026-03-13 17:26:00.683663,433,2053,9462,Cancelled
4923,"Cruz, Butler and Alvarado",PTQ,KFP,2026-02-21 01:26:03.347088,2026-02-07 03:39:31.956999,440,1726,7085,Delayed
4924,Mclean-Aguilar,OKN,DCP,2026-03-28 04:07:25.373972,2026-03-27 22:36:42.878601,597,2190,12455,Delayed
4925,Cooper LLC,JVO,CBZ,2026-01-27 09:47:24.188932,2026-02-04 18:44:01.441183,301,4095,9288,On Time
4926,Brennan-Smith,DBH,JBR,2026-02-24 07:07:40.459013,2026-01-17 05:04:06.485691,269,2678,37535,Delayed
4927,Pierce Ltd,FIA,UZS,2026-01-10 21:16:56.400279,2026-01-26 12:06:38.627784,219,9447,29400,On Time
4928,Walton-Vega,FFE,FIA,2026-03-19 15:50:49.630750,2026-03-08 15:36:17.240543,201,7513,20520,On Time
4929,Garcia-Freeman,SLN,RZR,2026-03-15 16:28:18.452200,2026-03-05 15:07:12.979190,386,5277,9900,Cancelled
4930,"Whitney, Jones and Buckley",GXQ,WPA,2026-02-17 15:53:49.856687,2026-01-16 18:02:18.742990,480,6628,41225,Delayed
4931,Castro Ltd,MZH,ZQT,2026-03-30 18:23:54.657504,2026-03-14 01:32:54.574162,440,7526,8501,Cancelled
4932,"Davis, Jackson and Thompson",QST,ARU,2026-03-29 06:05:18.873143,2026-01-11 01:09:50.587037,311,4115,45378,Delayed
4933,Moran-Morales,VPU,CEK,2026-01-09 22:53:26.208546,2026-01-08 16:17:34.546989,33,5865,8507,Cancelled
4934,"Johnson, Garcia and White",QNT,UHK,2026-02-23 07:46:15.823990,2026-02-22 13:55:54.727366,594,661,12532,Delayed
4935,"Huber, Roy and Lozano",JBR,JLM,2026-04-07 02:47:32.249329,2026-02-03 17:55:47.933452,439,7372,26379,Cancelled
4936,Martinez-Lopez,MGR,RZR,2026-02-06 04:54:01.053521,2026-03-12 20:36:07.801272,508,8703,7170,Delayed
4937,Mann Ltd,ZSP,HPX,2026-01-14 08:02:38.263318,2026-03-06 04:50:28.881196,95,6883,34556,Delayed
4938,Valdez Group,HVM,TRV,2026-03-07 13:30:08.227684,2026-03-11 16:25:50.508658,545,4516,27517,On Time
4939,Mitchell LLC,PTQ,ZTI,2026-03-07 06:49:57.408532,2026-02-19 13:51:49.284001,118,8410,36019,Cancelled
4940,Hale PLC,HIR,SLG,2026-04-02 20:15:03.750585,2026-02-02 03:07:04.531277,321,2282,5295,On Time
4941,Thomas Inc,MAF,AXF,2026-01-11 08:50:14.942013,2026-02-19 18:24:01.357211,343,6768,34329,On Time
4942,Chavez-Gamble,TGY,PTQ,2026-04-05 15:47:09.136503,2026-02-13 06:28:09.697194,231,2075,13650,Delayed
4943,Spears Inc,XWE,UDQ,2026-01-04 08:56:20.184771,2026-02-28 01:52:54.168658,79,9878,45248,Delayed
4944,Snyder-Franco,QNT,EMT,2026-02-17 22:57:04.879417,2026-01-21 10:25:14.785794,433,6649,25991,Delayed
4945,Melendez-Ryan,PFQ,LOW,2026-03-17 07:57:09.507624,2026-04-01 12:40:22.606282,169,4884,26797,Delayed
4946,"Wheeler, Reed and Johnson",YVL,QAA,2026-01-07 04:37:13.141569,2026-03-01 06:59:02.337475,498,6369,18510,Delayed
4947,Long-Smith,LIW,MZH,2026-04-05 00:03:32.403898,2026-01-21 03:01:35.786747,277,8790,16687,On Time
4948,"Long, Davis and Middleton",BIL,BZQ,2026-03-02 03:25:07.860022,2026-02-23 11:34:20.641042,251,6756,28500,Delayed
4949,"Reynolds, Morales and Villegas",DFB,DDQ,2026-01-18 11:46:32.724602,2026-01-27 12:33:50.651260,51,5708,37910,Cancelled
4950,Heath Inc,ZUD,XOR,2026-02-19 00:03:34.014471,2026-02-06 12:36:08.806840,545,9550,20167,Delayed
4951,Collins Ltd,HWX,VBS,2026-02-19 23:38:02.496694,2026-02-20 04:25:38.361758,51,5515,46025,Delayed
4952,Macdonald-Brooks,EMT,CEK,2026-03-24 20:23:30.670321,2026-02-24 11:13:29.713190,294,4606,16344,Delayed
4953,Roman-Torres,VHB,ZUD,2026-01-21 16:05:10.313483,2026-03-12 10:36:28.552152,107,1290,7821,Cancelled
4954,"Grimes, Hernandez and Carey",VFJ,YSI,2026-02-14 00:20:30.364034,2026-01-06 02:30:33.106559,369,9317,12195,On Time
4955,Smith Group,XTO,YLF,2026-02-08 18:09:58.808137,2026-01-21 22:32:28.142100,219,5100,44270,Delayed
4956,"Green, Mcgee and Horton",EMQ,CEK,2026-02-07 23:41:54.301144,2026-01-16 09:31:45.485792,383,411,18723,Delayed
4957,"Singh, Gonzalez and Day",VAZ,SAN,2026-03-27 11:02:34.570600,2026-03-29 15:36:20.090619,93,1191,35136,On Time
4958,Bartlett Inc,ZSP,LER,2026-02-07 06:11:14.574772,2026-03-02 16:21:11.892279,421,8603,36367,Cancelled
4959,"Velasquez, Travis and Green",SFR,QAA,2026-02-23 02:58:56.199613,2026-03-24 14:37:27.107240,195,4201,39630,Cancelled
4960,"Moss, Archer and Sanford",KFP,CFB,2026-02-15 08:28:55.856524,2026-02-20 06:42:43.741764,416,6392,40387,Delayed
4961,Knox-Brown,LZQ,UPB,2026-02-14 06:50:37.214128,2026-03-18 09:54:11.968633,55,8521,31198,On Time
4962,"Hayes, Miller and Gray",RWO,FFE,2026-01-25 09:00:08.150417,2026-01-23 12:20:01.778678,51,3488,8796,Delayed
4963,"Rasmussen, Fisher and Nicholson",YNZ,RFS,2026-03-03 08:44:13.085171,2026-03-14 21:28:08.857086,34,9768,8178,On Time
4964,Le-Cervantes,XOR,BJW,2026-02-04 09:28:48.411674,2026-02-05 08:45:35.247106,529,9764,15434,Cancelled
4965,"Giles, Mitchell and Guerrero",RML,HGF,2026-02-28 17:59:59.694697,2026-02-04 03:08:33.990666,479,4233,39248,Cancelled
4966,Tran and Sons,ESX,DYM,2026-03-13 09:27:52.678142,2026-03-12 19:54:35.676428,466,9006,22711,Delayed
4967,Ross Group,GQN,VPZ,2026-03-21 18:26:24.023732,2026-03-26 13:47:32.361974,392,5556,35552,Delayed
4968,Harper PLC,XRZ,HOR,2026-02-24 14:20:19.052184,2026-04-04 12:57:35.027941,102,4519,12228,On Time
4969,Adams and Sons,VPC,MOG,2026-03-07 02:21:11.609164,2026-02-06 07:16:59.716122,39,9901,8755,Cancelled
4970,Richardson LLC,SLG,HIR,2026-02-23 22:41:32.287024,2026-02-06 19:05:42.555676,125,1893,14490,Delayed
4971,Little Ltd,MNZ,RFS,2026-02-15 22:54:34.823978,2026-02-22 12:01:48.442200,470,5242,13284,On Time
4972,"Rush, Holmes and Miller",HIR,RZR,2026-03-29 14:14:12.485484,2026-02-18 07:21:02.265157,178,7870,44405,On Time
4973,Bradford Ltd,NRE,SJZ,2026-02-17 06:15:51.899260,2026-01-19 11:57:21.298427,469,9257,10086,Delayed
4974,Washington-Clayton,OIN,FPG,2026-03-19 19:46:28.281058,2026-03-20 16:18:17.060237,519,7783,33772,On Time
4975,"Walsh, Lynch and Goodwin",NPR,QFJ,2026-03-18 05:00:00.065903,2026-01-20 18:43:59.666713,344,6764,41679,Delayed
4976,Chapman-Adams,KRW,SLN,2026-03-18 10:47:15.928296,2026-03-22 17:04:08.626084,565,5740,37164,Delayed
4977,"Torres, Miller and Wilson",VPC,YDU,2026-03-18 09:02:10.088587,2026-04-02 16:50:45.255589,53,5991,28507,Delayed
4978,Holmes LLC,XYB,HGF,2026-02-14 05:46:28.811065,2026-02-23 20:40:58.792083,439,4235,25295,Delayed
4979,"Rodriguez, Baker and Carter",HZK,OLP,2026-01-08 06:55:31.503687,2026-02-14 13:53:52.478030,574,5318,10407,Cancelled
4980,Estrada Ltd,GQT,CYC,2026-03-11 22:13:22.337094,2026-04-01 06:52:00.948752,92,9166,9359,Cancelled
4981,Burns and Sons,VXI,EMT,2026-04-04 10:07:09.008821,2026-03-16 04:31:35.305286,132,9361,39245,On Time
4982,"Harmon, Dyer and Haney",AJM,ANH,2026-01-22 13:14:32.412767,2026-03-31 05:18:21.397670,283,5963,29231,Delayed
4983,"Roberts, Obrien and Chan",VFJ,HZK,2026-02-13 03:58:28.935739,2026-03-04 22:51:13.077800,571,2293,12569,Cancelled
4984,"Velasquez, Anderson and Potter",JHK,OLP,2026-01-21 04:25:59.286165,2026-01-19 02:07:25.782061,70,616,48516,On Time
4985,Olson Inc,TGY,KRW,2026-01-11 08:36:33.012013,2026-03-05 15:27:25.762130,337,8987,45816,Cancelled
4986,"Riley, Payne and Walls",HZK,ORB,2026-02-24 06:13:49.711613,2026-03-25 03:22:40.329208,214,4742,32481,On Time
4987,"Combs, Mcclain and Reed",TGY,MZH,2026-03-31 11:09:00.680000,2026-02-14 00:56:14.559295,514,4520,29821,Cancelled
4988,Mccormick LLC,JVO,MVU,2026-02-26 13:09:37.351925,2026-03-31 00:07:51.568013,288,7124,32119,On Time
4989,Dixon LLC,QZZ,MGR,2026-02-13 03:51:46.233416,2026-03-26 16:07:40.820251,600,4341,47675,Cancelled
4990,Cain Inc,RXD,OKN,2026-03-21 08:15:43.891795,2026-03-31 20:14:18.566518,454,5171,32370,On Time
4991,Pineda Inc,AXF,PFQ,2026-03-06 11:15:22.115296,2026-02-07 06:24:06.106945,171,8000,26198,On Time
4992,"Perry, Hammond and Lewis",SLN,PXE,2026-03-17 19:15:17.508599,2026-03-12 14:16:12.957831,51,4673,2174,Cancelled
4993,Baird Group,VAA,SEA,2026-02-11 06:00:21.149273,2026-03-08 09:30:02.420638,195,7629,14205,Cancelled
4994,"Hall, Velazquez and Myers",RRZ,HPX,2026-02-21 20:01:41.839168,2026-01-24 06:30:28.468857,423,6462,34702,Delayed
4995,"Kelly, Conrad and Joseph",DNK,DPO,2026-03-19 00:41:18.786582,2026-04-06 12:39:20.997080,386,249,47153,Delayed
4996,Johnson-Santana,YSA,UDQ,2026-02-02 20:26:30.773851,2026-03-13 05:40:07.127937,60,3804,35138,Delayed
4997,Lucas Ltd,TGY,LFV,2026-01-08 20:30:06.582705,2026-02-16 13:55:35.006835,344,477,4864,On Time
4998,"Johnson, Horton and Boyer",HZN,SXE,2026-02-12 03:28:11.100663,2026-02-05 08:45:57.324795,442,3881,8244,Delayed
4999,"Young, Thomas and Pineda",VBS,QUE,2026-01-25 22:37:08.968043,2026-03-13 23:11:01.387125,109,6591,28789,Cancelled
5000,Charles-Goodman,VHB,JBR,2026-03-02 18:17:19.801079,2026-04-01 15:42:21.534767,187,2472,3849,On Time
